10
20
30
40
50
60
70
80
130
220
240
300
320
360
400
440
500
550
570
620
630
730
1002
1200
1250
1300
1313
1500
1510
1520
1530
1600
1610
1620
1630
1640
1670
1690
1700
1900
1930
2100
2200
2210
2270
2280
2310
2320
2400
2420
2450
2500
2520
2540
2590
2600
2610
2620
2630
2640
2700
2710
2720
2800
2810
2820
2840
2850
2870
2900
2910
2920
2990
3010
3020
3050
3130
3170
3230
3260
3270
3300
3310
3320
3330
3340
3350
3360
3380
3390
3400
3410
3420
3430
3450
3460
3480
3483
3490
3500
3510
3520
3530
3540
3560
3570
3580
3590
3600
3610
3620
3700
3710
3720
3730
3800
3810
3820
3830
3900
3910
3920
3960
3980
3990
4000
4100
4230
4290
4300
4420
4460
4470
4520
4530
4560
4570
4700
4770
4780
4800
4850
4870
4880
4890
4900
4920
6000
6010
6020
6030
6040
6060
6080
6120
6200
6210
6220
6250
6270
6300
6310
6370
6400
6420
6510
6600
6800
6810
6830
6840
6850
6860
6870
6880
6900
6910
6920
6980
7000
7010
7020
7110
7200
7210
7220
7260
7340
7510
7520
7530
7600
7610
7620
7650
7660
7670
7730
7760
7770
7800
7830
7840
7860
7940
8000
8040
8060
8080
8100
8140
8170
8190
8330
8400
8500
8600
8780
8790
8800
8850
8870
8880
8890
8930
8970
9010
9060
9180
9200
9340
9350
9420
9460
9480
9500
9710
9730
9760
9800
9850
9880
9900
9940
9960
9970
9980
10090
10100
10110
10120
10130
10140
10150
10180
10220
10230
10240
10250
10260
10270
10460
10500
10520
10680
11020
11040
11050
11130
11140
11150
11180
11190
11200
11230
11240
11250
11260
11280
11340
11370
11390
11450
11480
11550
11610
12130
12140
12150
12200
12210
12220
12310
12320
12330
12360
12364
12390
12420
12430
12440
12450
12460
12470
12480
12500
12510
12520
12530
12540
12560
12570
12580
12590
12600
12640
12650
12660
12670
12690
12710
12810
12900
13000
13500
13520
13530
13540
13560
13570
13580
13600
13620
13630
15000
15080
15100
15120
15160
15170
15190
15200
15210
15240
15300
15320
15350
15370
15380
15390
15400
15500
15520
15560
15620
15700
15710
15740
15750
15800
15900
15910
15920
15930
15960
15970
16000
16020
16030
16040
16060
16100
16110
16120
16130
16180
16200
16300
16450
16500
16600
16620
16710
16720
16730
16810
16900
17100
17120
17140
17180
17330
17390
17410
17440
17460
17470
17480
17500
17570
17580
17710
17740
18000
18020
18040
18050
18070
18120
18300
18400
18420
18430
18470
18480
18500
18600
18700
18820
19000
19020
19030
19080
19200
19320
19500
19680
19800
19810
19830
19900
19980
20200
20500
20530
20540
20550
20700
20710
20820
20900
20920
21000
21010
21030
21090
21100
21130
21300
21500
21660
21670
21680
21690
21780
21800
21980
22000
22100
22120
22130
22140
22180
22200
22230
22300
22310
22320
22330
22340
22350
22370
22380
22450
22490
22500
22600
22610
22650
22670
23150
23300
23380
23400
23420
23450
23455
23460
23490
23500
23530
23600
23700
24010
24200
24240
24400
24410
24420
24460
24480
24720
24780
24790
24800
24810
24880
25000
25010
25500
25600
25620
25700
25800
25808
25830
25850
25890
25900
25910
25930
25980
25990
26000
26300
26500
26800
26900
27000
27020
27050
27200
27400
27800
27810
27900
27920
27940
28000
29120
29130
29160
29180
29720
29800
29900
31100
31170
31270
31300
31700
31800
31810
31820
31830
31840
31850
31860
31870
31880
31890
31900
31910
31920
31930
32000
32110
32120
32140
32150
32160
32200
32310
32330
32340
32350
32360
32370
32380
32390
32430
32440
32450
32460
32470
32500
32510
32610
32620
32630
32640
32650
32660
32680
32710
32720
32730
32740
32750
32760
32770
32900
33100
33110
33120
33130
33180
33220
33230
33320
33390
33460
33520
33540
33550
33570
33580
33600
33610
33620
33650
33660
33670
33680
33700
33710
33720
33730
33750
33760
33770
33790
33900
33930
33950
33980
33990
34010
34030
34190
34410
34420
34500
34600
34630
34640
34800
34810
34820
34830
34870
34900
34920
35000
35030
35070
35130
35140
35300
35310
35320
35450
35460
35480
35600
35700
35720
35800
36000
36130
36150
36900
36910
37000
37210
37220
37230
37240
37260
37280
37290
37300
37310
37320
37330
37340
37360
37370
37380
37390
37400
37500
37600
37800
37960
38000
38070
38080
38090
38100
38110
38120
38130
38140
38150
38160
38170
38180
38190
38210
38230
38400
38410
38420
38430
38440
38450
38460
38480
38490
38600
38700
38720
38740
39000
39110
39120
39150
39160
39190
39200
39210
39391
39392
39500
39510
39520
39530
39540
39550
39560
39630
39640
39650
39660
39670
39680
39690
39800
39900
40100
40200
40210
40300
40320
40330
40340
40350
40380
40390
40400
40420
40500
40700
40720
40800
40930
40950
40960
40970
40980
40990
41000
41014
41050
41060
41070
41100
41300
41400
41500
41600
41660
41680
41730
41740
41800
41900
42000
42120
42140
42147
42170
42200
42210
42220
42230
42500
42670
42700
42810
42850
42890
42900
42910
42920
42930
42940
42950
42960
42980
42990
43000
43100
43190
43500
43600
44100
44600
44680
44690
45100
45200
45300
45400
45410
45420
45450
45720
45740
45750
45760
45770
46000
46200
46250
46260
46270
46280
46290
46340
46350
46360
46370
46380
46400
46410
46440
46450
46460
46480
46490
46500
46510
46520
46540
46550
46560
46570
46600
46700
46710
46720
46730
46740
46750
46760
46770
46790
46830
46840
46850
47110
47120
47130
47400
47410
47700
47780
47790
47810
47890
47920
48000
48110
48150
48190
48220
48240
48700
48720
48800
48900
48950
49000
49300
49320
49330
49520
49540
49600
49800
49810
49900
50000
50130
50510
50620
50910
50920
50930
50940
50960
50970
50980
50990
51000
51010
51020
51030
51060
55000
55020
55040
55100
55110
55140
55150
55230
57000
57200
57300
57620
57650
57680
57690
57700
57740
57800
57900
58200
58230
58400
58520
58550
58560
58570
58610
60340
60350
60600
60700
60800
61100
61310
61500
61510
61520
61600
61730
62000
62100
63000
63110
63200
63380
63500
63610
63620
63630
63640
63650
63660
63700
63710
63800
63900
63910
63940
63950
63960
63970
64000
65070
65080
65200
65300
65400
65500
65530
65540
65560
65600
65610
65730
65740
65780
65790
65800
65930
65980
67000
67370
70000
70100
70110
70120
70300
70400
70420
70500
70600
70620
70640
70650
70660
70900
71000
71250
71340
72000
72400
72900
73010
73020
73170
73190
73210
78000
80000
80200
80300
80310
80330
80340
80350
80360
90200
90400
91100
91200
91330
91600
91700
91800
91810
91900
92000
92100
92300
92400
92600
92700
92800
92900
93200
94000
94200
94300
94400
94590
94600
94610
94620
95300
95400
95700
95900
96000
96100
96200
96800
96900
97000
97110
97120
97130
98100
98200
98300
98400
98500
98600
98800
98900
99100
99120
99300
99400
99410
99700
99900
99910
102200
102400
102500
102600
102810
102840
102850
104000
104020
104100
104200
104600
104900
105000
105100
105300
105420
105600
105700
105800
106000
107100
107200
107300
107310
107410
107600
108110
108500
108600
108700
108710
108800
109200
109500
109600
109700
110400
110500
110600
110610
110630
110800
111000
111010
111100
111300
111400
111600
111800
112100
113020
113200
113400
113420
115100
115110
115120
115200
115210
115220
115300
115320
115800
116100
116120
200010
200020
200080
200130
200150
200170
200190
200210
200230
200260
200370
200390
200410
200490
200510
200550
200670
200710
200900
200910
200960
200980
200990
201000
201010
201070
201210
201230
201270
201271
201290
201330
201420
201480
201490
201510
201570
201790
201810
201870
202130
202170
202200
202310
202370
202410
202530
202570
202670
202690
202710
202730
202750
202860
202970
203140
203160
203210
203290
203350
203510
203560
203630
203650
203750
203770
203830
203990
204030
204060
204100
204120
204180
204220
204240
204300
204340
204360
204390
204440
204450
204530
204560
204580
204630
204860
204880
204940
205020
205060
205070
205080
205100
205230
205530
205550
205610
205650
205690
205710
205730
205810
205830
205840
205870
205910
205990
206020
206040
206060
206190
206230
206250
206370
206410
206420
206440
206480
206500
206610
206690
206760
207000
207020
207040
207080
207140
207170
207190
207230
207250
207320
207350
207420
207430
207490
207530
207570
207610
207650
207670
207690
207710
207730
207750
207790
207930
208110
208140
208200
208400
208460
208520
208580
208600
208620
208630
208640
208650
208670
208710
208730
208750
209000
209060
209080
209120
209160
209190
209230
209330
209360
209370
209540
209610
209630
209650
209670
209690
209730
209750
209790
209830
209850
209950
210170
210230
210770
210950
210970
211010
211050
211070
211160
211180
211260
211280
211340
211360
211400
211440
211500
211580
211600
211740
211780
211800
211820
211900
211970
212010
212030
212050
212070
212110
212160
212200
212410
212480
212500
212630
212680
212700
212780
212800
213030
213330
213350
213390
213610
213650
213670
214100
214150
214170
214340
214360
214420
214490
214510
214550
214560
214570
214590
214700
214730
214770
214790
214830
214870
214910
214950
214970
215080
215100
215160
215280
215390
215450
215470
215510
215530
215550
215630
215670
215690
215710
215770
215790
215830
215870
215930
216090
216130
216150
216210
216260
216290
216330
216670
216890
216910
216930
217100
217120
217140
217200
217270
217290
217690
217750
217790
217920
217980
218020
218040
218060
218090
218230
218410
218510
218620
218640
218660
218680
218700
218740
218820
219070
219150
219190
219200
219640
219680
219700
219740
219760
219780
219830
219890
219910
219990
220090
220160
220200
220240
220260
220420
220440
220460
220660
220740
220780
220820
220860
220900
221020
221040
221100
221180
221260
221380
221540
221640
221680
221810
221830
221910
222140
222160
222180
222420
222440
222480
222500
222520
222606
222615
222618
222640
222660
222730
222750
222880
222980
223000
223100
223220
223330
223410
223430
223450
223470
223490
223510
223630
223710
223730
223750
223810
223830
224000
224040
224260
224300
224460
224480
224500
224760
224820
224860
224880
224900
224940
224960
224980
225000
225020
225080
225160
225260
225280
225300
225320
225360
225420
225540
225600
225640
225840
226100
226120
226280
226560
226620
226700
226720
226740
226780
226820
226840
226860
226960
227000
227020
227060
227080
227100
227160
227180
227200
227220
227300
227380
227560
227580
227600
227760
227780
227860
228200
228260
228280
228300
228320
228360
228380
228440
228760
228960
229480
229520
229560
229580
229600
229810
229870
229890
229970
230050
230070
230150
230190
230210
230230
230270
230290
230330
230350
230410
230650
230700
230760
230820
230840
230860
230980
231020
231040
231060
231140
231160
231200
231310
231330
231390
231430
231720
231740
232010
232050
232090
232430
232750
232770
232790
232890
232910
232950
232970
233110
233130
233150
233190
233210
233230
233270
233290
233310
233350
233370
233410
233450
233470
233510
233530
233550
233610
233700
233720
233740
233800
233840
233860
233980
234080
234140
234160
234190
234270
234290
234330
234350
234370
234390
234490
234510
234650
234670
234900
234920
234940
235070
235210
235250
235320
235360
235380
235460
235520
235540
235600
235620
235660
235700
235720
235800
235820
235980
236010
236090
236110
236130
236150
236290
236370
236390
236430
236450
236490
236510
236690
236730
236790
236850
236930
236970
237310
237350
237430
237470
237550
237570
237630
237740
237760
237850
237870
237890
237930
237950
237970
237990
238010
238050
238070
238090
238240
238260
238280
238320
238370
238430
238460
238530
238630
238750
238870
238890
238910
238930
238960
239030
239070
239090
239120
239140
239160
239200
239250
239350
239430
239700
239800
239820
239840
240320
240340
240360
240440
240600
240620
240660
240720
240760
240970
241000
241240
241260
241300
241320
241410
241540
241600
241620
241720
241760
241910
241930
242050
242110
242130
242530
242550
242570
242640
242680
242700
242720
242760
242780
242820
242840
242860
242880
242920
242940
242960
242980
243000
243020
243040
243060
243160
243200
243220
243240
243280
243360
243450
243470
243780
243800
243930
243950
243970
244030
244050
244070
244090
244160
244210
244410
244430
244450
244590
244690
244710
244730
244750
244770
244810
244850
244870
244890
244910
244950
245010
245050
245150
245170
245280
245300
245370
245390
245410
245430
245450
245470
245490
245620
245730
246070
246090
246110
246300
246360
246420
246580
246620
246680
246720
246740
246760
246800
246820
246840
246880
246900
246920
246940
246960
246980
247000
247020
247080
247140
247240
247310
247350
247370
247430
247660
247710
247870
247910
247930
247950
247970
248190
248290
248310
248330
248350
248370
248390
248450
248470
248490
248510
248530
248550
248570
248610
248650
248710
248730
248800
248820
248860
248970
249050
249130
249190
249230
249330
249360
249550
249570
249590
249610
249630
249650
249680
249870
249930
249950
249990
250030
250050
250070
250110
250180
250260
250320
250340
250380
250400
250420
250440
250460
250500
250520
250540
250560
250580
250600
250620
250680
250700
250720
250760
250820
250900
251020
251060
251110
251130
251150
251210
251230
251270
251290
251310
251370
251410
251430
251450
251470
251490
251510
251530
251570
251590
251630
251650
251670
251690
251710
251730
251830
251850
251870
251910
251950
251990
252010
252030
252050
252070
252090
252110
252130
252170
252190
252230
252250
252270
252310
252330
252350
252370
252390
252410
252430
252450
252470
252490
252530
252550
252570
252610
252630
252670
252710
252730
252750
252830
252870
252890
252910
252970
253030
253110
253150
253230
253250
253290
253310
253330
253350
253390
253410
253430
253510
253570
253610
253630
253650
253690
253710
253750
253770
253790
253840
253860
253880
253900
253920
253940
253960
253980
254060
254080
254100
254200
254320
254370
254440
254460
254480
254590
254700
254820
254840
254860
254880
254900
254920
254940
254960
255070
255163
255260
255280
255300
255320
255340
255370
255390
255520
255710
255870
255940
255960
256010
256030
256070
256190
256290
256330
256370
256390
256460
256576
256611
257030
257050
257120
257170
257220
257260
257350
257420
257510
257670
257690
257710
257730
257750
257770
257790
257830
257850
257870
257970
257990
258010
258050
258070
258090
258180
258220
258520
258643
258760
258880
258890
258950
258970
259000
259060
259080
259130
259170
259190
259320
259340
259390
259410
259450
259470
259510
259530
259550
259600
259620
259640
259660
259680
259700
259720
259760
259780
259810
259830
259870
259890
259940
259960
259980
260000
260020
260040
260060
260080
260130
260160
260190
260210
260230
260250
260309
260330
260380
260410
260430
260510
260530
260550
260570
260650
260690
260710
260730
260750
260790
260930
261030
261110
261180
261430
261470
261510
261530
261550
261570
261640
261680
261700
261720
261740
261760
261900
261940
261960
262000
262060
262080
262100
262120
262150
262190
262210
262240
262260
262280
262300
262370
262390
262410
262450
262470
262510
262550
262590
262630
262690
262750
262770
262790
262810
262830
262850
262870
262900
262920
262940
262960
262980
263020
263040
263060
263100
263120
263140
263180
263200
263300
263320
263340
263360
263380
263400
263420
263460
263480
263520
263540
263560
263620
263640
263680
263700
263720
263740
263760
263800
263820
263860
263880
263920
263940
263960
263980
264000
264060
264080
264140
264160
264200
264220
264280
264300
264320
264340
264380
264400
264440
264460
264520
264540
264560
264580
264690
264710
264730
265000
265120
265170
265210
265240
265300
265330
265380
265470
265550
265590
265610
265630
265690
265730
265750
265790
265810
265830
265870
265890
265930
265950
265970
265990
266010
266030
266050
266090
266110
266130
266170
266190
266210
266230
266250
266270
266290
266330
266370
266390
266410
266430
266490
266510
266840
266980
267060
267220
267340
267360
267390
267490
267530
267610
267670
267730
267900
267920
267940
267960
267980
268050
268130
268200
268220
268240
268320
268340
268400
268500
268520
268540
268650
268670
268750
268770
268870
268890
268910
268970
268990
269010
269030
269050
269110
269150
269170
269190
269210
269230
269250
269270
269310
269330
269350
269370
269430
269490
269590
269610
269630
269650
269670
269690
269710
269770
269790
269850
269890
269950
269990
270010
270050
270070
270090
270110
270130
270150
270170
270190
270210
270230
270270
270310
270330
270430
270450
270490
270510
270550
270570
270590
270610
270630
270750
270760
270770
270790
270810
270830
270850
270880
270910
271240
271260
271360
271370
271500
271550
271570
271640
271670
271760
271820
271860
271900
271920
271970
271990
272010
272040
272060
272230
272270
272330
272470
272510
272600
272620
272890
272920
272990
273030
273070
273110
273500
273570
273580
273590
273600
273620
273730
273740
273750
273760
273770
273790
273800
273820
273830
273840
273850
273860
273890
273940
273960
274010
274170
274190
274230
274250
274270
274290
274310
274350
274480
274500
274520
274560
274580
274700
274880
274900
274940
274960
274980
275060
275080
275100
275180
275200
275270
275290
275310
275330
275350
275390
275470
275490
275510
275530
275570
275670
275810
275830
275850
276220
276240
276300
276340
276360
276380
276430
276440
276460
276730
276750
276810
276870
276890
277110
277270
277390
277430
277450
277460
277470
277490
277500
277510
277520
277540
277560
277590
277630
277650
277680
277700
277751
277850
277870
277890
277910
278080
278100
278360
278420
278440
278460
278490
278510
278530
278570
278590
278620
278640
278810
278850
278890
278930
278970
279070
279140
279160
279260
279420
279440
279460
279480
279500
279520
279540
279560
279580
279640
279720
279800
279900
279920
279940
279990
280010
280040
280140
280160
280180
280220
280320
280360
280380
280500
280520
280540
280560
280600
280620
280640
280720
280790
280830
280850
280890
280930
281060
281080
281200
281220
281240
281260
281280
281350
281370
281390
281410
281430
281450
281520
281560
281580
281610
281640
281750
281820
281840
281860
281920
281940
281990
282010
282030
282050
282070
282100
282140
282210
282370
282400
282440
282530
282560
282590
282620
282640
282680
282760
282780
282800
282860
282880
282900
283000
283020
283040
283060
283080
283160
283180
283230
283270
283290
283310
283330
283350
283370
283390
283410
283430
283470
283490
283560
283580
283600
283640
283660
283680
283720
283820
283840
283880
283920
283940
283960
283980
284000
284020
284050
284080
284100
284140
284160
284180
284200
284220
284240
284260
284390
284410
284460
284710
284730
284750
284770
284830
284850
284870
284890
284910
284930
284950
284970
284990
285010
285070
285090
285110
285130
285160
285190
285310
285330
285350
285380
285420
285480
285500
285520
285670
285740
285800
285820
285840
285900
285920
285980
286000
286040
286100
286120
286140
286160
286200
286220
286240
286260
286280
286300
286320
286360
286380
286460
286480
286520
286540
286660
286690
286730
286750
286770
286790
286810
286830
286930
287020
287070
287100
287120
287200
287220
287290
287310
287370
287371
287390
287450
287580
287600
287630
287700
287720
287740
287780
287840
287900
287920
287960
287980
288000
288020
288040
288060
288080
288100
288120
288140
288160
288220
288260
288370
288390
288470
288500
288570
288610
288630
288650
288670
288690
288710
288730
288750
288790
288830
288840
288860
288880
288930
288970
289050
289060
289070
289090
289130
289180
289200
289220
289240
289260
289280
289300
289320
289340
289360
289380
289400
289420
289440
289460
289480
289500
289520
289580
289600
289620
289650
289690
289710
289760
289780
289800
289820
289840
289890
289930
289950
289980
290000
290020
290040
290060
290080
290100
290180
290260
290280
290300
290320
290340
290380
290440
290460
290470
290490
290510
290530
290650
290690
290730
290770
290790
290810
290850
290870
290890
290970
290990
291010
291030
291050
291070
291130
291170
291190
291250
291270
291290
291330
291370
291390
291430
291550
291610
291630
291640
291650
291690
291710
291750
291770
291840
291860
291910
291930
291960
292000
292030
292060
292090
292120
292140
292160
292180
292200
292240
292260
292280
292300
292330
292370
292380
292390
292400
292410
292420
292480
292500
292570
292600
292620
292630
292660
292670
292730
292760
292780
292800
292820
292840
292860
292880
292910
292930
292990
293160
293180
293200
293240
293260
293320
293340
293420
293440
293460
293480
293600
293660
293680
293720
293740
293760
293780
293800
293840
293860
293880
293900
293920
293940
293960
293980
294000
294020
294040
294060
294100
294140
294160
294190
294230
294280
294370
294390
294440
294460
294530
294540
294550
294570
294580
294590
294650
294660
294670
294680
294690
294700
294710
294720
294730
294750
294770
294790
294810
294830
294860
295250
295490
295590
295610
295630
295650
295670
295690
295710
295730
295750
295770
295790
295870
295910
295930
295990
296010
296030
296050
296070
296150
296180
296210
296220
296240
296280
296470
296490
296510
296530
296550
296570
296590
296630
296650
296710
296730
296770
296790
296830
296850
296870
296890
296910
296930
296970
297000
297020
297060
297070
297080
297110
297120
297130
297190
297210
297290
297310
297330
297350
297370
297410
297450
297470
297490
297570
297590
297620
297720
297740
297750
297760
297860
297920
298020
298030
298050
298110
298140
298160
298180
298220
298240
298260
298280
298340
298360
298380
298400
298420
298480
298520
298560
298600
298610
298630
298790
298820
298830
298840
298850
298930
298950
299020
299050
299070
299080
299090
299100
299110
299150
299160
299170
299180
299250
299260
299340
299380
299400
299420
299440
299460
299480
299540
299600
299660
299680
299720
299740
299780
299800
299820
299840
299910
299950
299970
300060
300160
300220
300260
300280
300300
300320
300340
300360
300380
300400
300510
300540
300550
300570
300580
300610
300620
300630
300820
300840
300900
300910
300970
301050
301120
301150
301190
301200
301220
301250
301260
301280
301300
301320
301360
301380
301420
301460
301500
301540
301560
301640
301650
301670
301690
301700
301730
301750
301760
301840
301860
301910
301920
301930
301970
301990
302010
302060
302080
302110
302130
302160
302170
302180
302190
302210
302260
302290
302310
302320
302330
302340
302350
302360
302370
302380
302390
302440
302460
302470
302490
302510
302570
302590
302610
302650
302670
302690
302710
302730
302750
302790
302810
302830
302870
302910
302950
302970
303210
303260
303290
303310
303340
303390
303430
303470
303510
303550
303590
303610
303680
303690
303720
303790
303800
303830
303840
303860
303870
303880
303910
303940
304050
304150
304170
304190
304240
304290
304350
304390
304410
304430
304460
304500
304530
304540
304580
304650
304670
304690
304730
304750
304770
304810
304850
304870
304910
304930
304950
305010
305030
305070
305260
305380
305390
305480
305490
305500
305620
305640
305660
305700
305720
305740
305760
305780
305800
305820
305840
305880
305900
305920
305940
305960
305980
306000
306020
306040
306130
306200
306260
306290
306350
306370
306410
306440
306480
306490
306510
306550
306620
306630
306640
306660
306670
306680
306700
306760
306910
306950
307010
307030
307050
307070
307090
307110
307130
307150
307170
307190
307210
307230
307270
307340
307350
307410
307560
307570
307580
307590
307600
307620
307640
307670
307690
307760
307770
307780
307880
307900
307920
307930
307940
307950
307960
307980
307990
308000
308040
308060
308080
308173
308180
308270
308330
308360
308380
308400
308420
308440
308460
308540
308560
308580
308600
309900
310060
310070
310080
310110
310360
310370
310390
310460
310470
310490
310510
310640
310700
310740
310790
310830
310840
310850
310870
310880
310890
310950
310970
310990
311010
311040
311060
311080
311100
311120
311140
311170
311190
311210
311240
311250
311260
311290
311310
311340
311400
311480
311490
311560
311680
311690
311720
311730
311770
311800
311810
311820
311840
311850
311860
311870
311910
311930
311940
311980
312010
312020
312050
312150
312200
312210
312220
312230
312240
312300
312310
312350
312360
312370
312400
312410
312420
312440
312450
312520
312530
312540
312560
312600
312610
312630
312640
312650
312660
312670
312720
312750
312780
312790
312840
312860
312900
312960
312970
312980
312990
313010
313020
313040
313080
313120
313130
313140
313160
313190
313200
313210
313330
313340
313360
313390
313400
313470
313480
313500
313590
313620
313630
313650
313660
313690
313700
313730
313740
313780
313810
313830
313870
313960
313980
314000
314010
314020
314030
314050
314070
314120
314150
314160
314180
314200
314210
314220
314230
314240
314250
314280
314290
314300
314320
314330
314340
314350
314360
314370
314380
314410
314430
314450
314460
314470
314510
314520
314540
314560
314570
314590
314610
314630
314650
314660
314710
314760
314770
314790
314810
314830
314950
314970
314980
315070
315080
315110
315130
315210
315260
315320
315330
315340
315430
315450
315460
315480
315540
315550
315610
315650
315680
315810
315830
315840
315850
315860
315920
315930
315940
316020
316080
316140
316160 200
316180 200
316240 200
316320 200
316370 200
316430 200
316480 200
316600 200
316610 200
316660 200
316700 200
316740 200
316790 200
316810 200
316840 200
316890 200
316930 200
316970 200
317020 200
317030 200
317040 200
317080 200
317100 200
317250 200
317280 200
317290 200
317300 200
317320 200
317360 200
317370 200
317380 200
317410 200
317440 200
317470 200
317510 200
317530 200
317610 200
317620 200
317710 200
317720 200
317820 200
317840 200
317850 200
317920 200
317940 200
317950 200
317970 200
318020 200
318090 200
318100 200
318130 200
318220 200
318230 200
318260 200
318310 200
318330 200
318430 200
318440 200
318480 200
318530 200
318560 200
318570 200
318600 200
318650 200
318660 200
318680 200
318690 200
318840 200
318860 200
318970 200
319050 200
319140 200
319180 200
319210 200
319230 200
319250 200
319270 200
319280 200
319300 200
319320 200
319430 200
319450 200
319470 200
319480 200
319510 200
319540 200
319560 200
319570 200
319630 200
319740 200
319760 200
319780 200
319830 200
319850 200
319870 200
319910 200
319970 200
320040 200
320090 200
320110 200
320120 200
320140 200
320150 200
320240 200
320300 200
320310 200
320320 200
320330 200
320340 200
320400 200
320410 200
320430 200
320520 200
320540 200
320610 200
320630 200
320650 200
320670 200
320690 200
320760 200
320790 200
320820 200
320970 200
321030 200
321060 200
321080 200
321150 200
321160 200
321190 200
321270 200
321290 200
321330 200
321350 200
321360 200
321370 200
321390 200
321400 200
321450 200
321480 200
321560 200
321600 200
321610 200
321710 200
321800 200
321830 200
321840 200
321870 200
321880 200
321890 200
321920 200
321940 200
321950 200
321960 200
321980 200
322030 200
322080 200
322110 200
322130 200
322170 200
322190 200
322210 200
322290 200
322330 200
322430 200
322440 200
322450 200
322500 200
322520 200
322540 200
322550 200
322580 200
322630 200
322680 200
322750 200
322770 200
322850 200
322900 200
322950 200
322970 200
322980 200
322990 200
323000 200
323020 200
323040 200
323060 200
323190 200
323220 200
323240 200
323250 200
323260 200
323270 200
323280 200
323320 200
323380 200
323450 200
323470 200
323490 200
323580 200
323630 200
323670 200
323680 200
323700 200
323720 200
323780 200
323850 200
324070 200
324080 200
324090 200
324110 200
324120 200
324140 200
324160 200
324170 200
324190 200
324240 200
324260 200
324270 200
324310 200
324390 200
324400 200
324420 200
324470 200
324510 200
324520 200
324570 200
324610 200
324650 200
324680 200
324710 200
324730 200
324740 200
324750 200
324760 200
324770 200
324800 200
324810 200
325060 200
325090 200
325110 200
325120 200
325150 200
325160 200
325210 200
325260 200
325300 200
325320 200
325370 200
325420 200
325430 200
325470 200
325520 200
325610 200
325670 200
325730 200
325790 200
325860 200
325870 200
325880 200
325930 200
326060 200
326110 200
326120 200
326130 200
326150 200
326160 200
326180 200
326190 200
326340 200
326350 200
326360 200
326380 200
326410 200
326420 200
326460 200
326470 200
326480 200
326520 200
326650 200
326670 200
326720 200
326730 200
326840 200
326950 200
326960 200
326990 200
327000 200
327010 200
327030 200
327060 200
327070 200
327090 200
327150 200
327210 200
327220 200
327260 200
327310 200
327370 200
327380 200
327390 200
327400 200
327410 200
327440 200
327450 200
327510 200
327560 200
327640 200
327670 200
327740 200
327760 200
327860 200
327880 200
327890 200
327910 200
327920 200
327930 200
327940 200
327950 200
327960 200
327980 200
328000 200
328070 200
328080 200
328100 200
328220 200
328270 200
328310 200
328430 200
328440 200
328450 200
328460 200
328470 200
328500 200
328510 200
328550 200
328590 200
328640 200
328650 200
328670 200
328680 200
328710 200
328730 200
328740 200
328760 200
328780 200
328830 200
328880 200
328890 200
328900 200
328920 200
328930 200
328940 200
328990 200
329000 200
329040 200
329050 200
329070 200
329110 200
329130 200
329190 200
329200 200
329240 200
329280 200
329310 200
329320 200
329340 200
329380 200
329430 200
329440 200
329460 200
329480 200
329490 200
329620 200
329630 200
329640 200
329650 200
329660 200
329670 200
329680 200
329690 200
329770 200
329830 200
329860 200
329970 200
329980 200
330020 200
330100 200
330180 200
330270 200
330350 200
330370 200
330590 200
330620 200
330660 200
330670 200
330680 200
330720 200
330770 200
330820 200
330830 200
330880 200
330990 200
331120 200
331160 200
331190 200
331200 200
331210 200
331220 200
331290 200
331340 200
331390 200
331400 200
331430 200
331440 200
331460 200
331470 200
331480 200
331500 200
331510 200
331560 200
331570 200
331580 200
331600 200
331610 200
331650 200
331670 200
331690 200
331720 200
331750 200
331760 200
331790 200
331870 200
331880 200
331920 200
331980 200
332150 200
332200 200
332250 200
332260 200
332270 200
332310 200
332330 200
332370 200
332380 200
332390 200
332400 200
332410 200
332480 200
332490 200
332500 200
332530 200
332540 200
332570 200
332580 200
332610 200
332620 200
332630 200
332700 200
332710 200
332730 200
332760 200
332790 200
332800 200
332810 200
332830 200
332880 200
332950 200
333100 200
333120 200
333130 200
333210 200
333250 200
333260 200
333290 200
333300 200
333330 200
333340 200
333350 200
333390 200
333420 200
333430 200
333490 200
333510 200
333540 200
333580 200
333600 200
333640 200
333650 200
333660 200
333690 200
333730 200
333760 200
333870 200
333880 200
333930 200
333950 200
333970 200
333980 200
333990 200
334030 200
334040 200
334070 200
334100 200
334120 200
334140 200
334190 200
334210 200
334230 200
334260 200
334270 200
334280 200
334300 200
334310 200
334350 200
334360 200
334410 200
334420 200
334470 200
334480 200
334490 200
334540 200
334560 200
334620 200
334690 200
334710 200
334830 200
334840 200
334850 200
334920 200
334940 200
334960 200
334980 200
335000 200
335010 200
335050 200
335070 200
335090 200
335100 200
335120 200
335190 200
335200 200
335210 200
335220 200
335240 200
335300 200
335310 200
335320 200
335420 200
335430 200
335440 200
335450 200
335460 200
335560 200
335570 200
335620 200
335660 200
335670 200
335690 200
335700 200
335770 200
335790 200
335820 200
335830 200
335840 200
335900 200
335920 200
336020 200
336030 200
336060 200
336080 200
336090 200
336110 200
336130 200
336140 200
336150 200
336160 200
336200 200
336210 200
336220 200
336230 200
336240 200
336300 200
336380 200
336420 200
336440 200
336610 200
336630 200
336670 200
336680 200
336700 200
336710 200
336730 200
336760 200
336770 200
336780 200
336840 200
336930 200
336940 200
337000 200
337040 200
337150 200
337210 200
337220 200
337270 200
337280 200
337290 200
337320 200
337340 200
337350 200
337360 200
337410 200
337450 200
337460 200
337480 200
337490 200
337520 200
337630 200
337650 200
337670 200
337680 200
337700 200
337720 200
337730 200
337760 200
337820 200
337850 200
337880 200
337890 200
337930 200
337940 200
337960 200
337970 200
337980 200
338000 200
338030 200
338040 200
338050 200
338060 200
338070 200
338080 200
338090 200
338100 200
338110 200
338120 200
338130 200
338140 200
338170 200
338190 200
338260 200
338290 200
338310 200
338320 200
338330 200
338350 200
338390 200
338420 200
338530 200
338550 200
338590 200
338630 200
338640 200
338710 200
338760 200
338800 200
338810 200
338820 200
338830 200
338840 200
338890 200
338960 200
338980 200
339000 200
339090 200
339110 200
339120 200
339130 200
339160 200
339190 200
339200 200
339210 200
339230 200
339240 200
339250 200
339290 200
339320 200
339340 200
339350 200
339400 200
339440 200
339460 200
339470 200
339500 200
339510 200
339560 200
339570 200
339580 200
339590 200
339600 200
339610 200
339690 200
339700 200
339710 200
339720 200
339740 200
339790 200
339800 200
339820 200
339830 200
339840 200
339850 200
339910 200
340000 200
340020 200
340030 200
340050 200
340070 200
340150 200
340170 200
340190 200
340200 200
340210 200
340220 200
340250 200
340270 200
340280 200
340290 200
340320 200
340330 200
340340 200
340350 200
340360 200
340380 200
340400 200
340410 200
340440 200
340450 200
340460 200
340470 200
340480 200
340490 200
340500 200
340520 200
340550 200
340560 200
340570 200
340580 200
340600 200
340630 200
340680 200
340700 200
340720 200
340730 200
340750 200
340790 200
340800 200
340810 200
340830 200
340860 200
340880 200
340920 200
340950 200
340960 200
341000 200
341020 200
341030 200
341040 200
341050 200
341060 200
341070 200
341080 200
341090 200
341100 200
341110 200
341120 200
341150 200
341160 200
341170 200
341260 200
341270 200
341290 200
341310 200
341360 200
341380 200
341390 200
341440 200
341460 200
341470 200
341500 200
341510 200
341530 200
341540 200
341550 200
341570 200
341640 200
341660 200
341680 200
341690 200
341700 200
341710 200
341720 200
341730 200
341750 200
341760 200
341770 200
341800 200
341820 200
341870 200
341890 200
341910 200
341930 200
341940 200
341950 200
342020 200
342080 200
342090 200
342100 200
342180 200
342190 200
342200 200
342230 200
342240 200
342250 200
342260 200
342300 200
342310 200
342350 200
342360 200
342380 200
330390 200
330420 200
330450 200
330460 200
330470 200
330500 200
330520 200
330580 200
342450 200
342480 200
342490 200
342500 200
342510 200
342520 200
342530 200
342540 200
342550 200
342560 200
342580 200
342610 200
342620 200
342630 200
342640 200
342650 200
342660 200
342730 200
342860 200
342870 200
342890 200
342910 200
342920 200
342940 200
342970 200
342980 200
342990 200
343000 200
343020 200
343070 200
343090 200
343100 200
343120 200
343160 200
343170 200
343180 200
343250 200
343270 200
343280 200
343320 200
343340 200
343360 200
343370 200
343390 200
343410 200
343430 200
343440 200
343560 200
343570 200
343630 200
343690 200
343710 200
343730 200
343740 200
343770 200
343780 200
343800 200
343810 200
343820 200
343830 200
343840 200
343860 200
343930 200
344030 200
344100 200
344130 200
344160 200
344190 200
344220 200
344230 200
344240 200
344270 200
344300 200
344340 200
344410 200
344440 200
344480 200
344500 200
344630 200
344740 200
344760 200
344770 200
344800 200
344810 200
344820 200
344840 200
344850 200
344860 200
344890 200
344900 200
344910 200
344960 200
345010 200
345020 200
345030 200
345060 200
345080 200
345090 200
345120 200
345130 200
345140 200
345180 200
345200 200
345220 200
345230 200
345240 200
345260 200
345280 200
345290 200
345330 200
345340 200
345350 200
345390 200
345430 200
345440 200
345460 200
345480 200
345540 200
345580 200
345610 200
345620 200
345630 200
345640 200
345650 200
345660 200
345690 200
345700 200
345710 200
345750 200
345820 200
345860 200
345950 200
345990 200
346010 200
346040 200
346080 200
346090 200
346110 200
346120 200
346130 200
346140 200
346160 200
346180 200
346200 200
346210 200
346240 200
346250 200
346330 200
346340 200
346390 200
346420 200
346430 200
346440 200
346450 200
346460 200
346470 200
346490 200
346500 200
346550 200
346560 200
346630 200
346650 200
346670 200
346730 200
346750 200
346780 200
346810 200
346820 200
346830 200
346850 200
346900 200
346920 200
346940 200
346950 200
346970 200
347000 200
347040 200
347050 200
347060 200
347160 200
347170 200
347230 200
347240 200
347250 200
347260 200
347270 200
347280 200
347290 200
347330 200
347430 200
347440 200
347460 200
347470 200
347480 200
347520 200
347530 200
347560 200
347580 200
347590 200
347600 200
347610 200
347620 200
347660 200
347670 200
347690 200
347700 200
347710 200
347720 200
347730 200
347790 200
347800 200
347820 200
347830 200
347930 200
347940 200
347950 200
348000 200
348160 200
348180 200
348240 200
348250 200
348270 200
348280 200
348290 200
348300 200
348340 200
348360 200
348380 200
348400 200
348430 200
348440 200
348450 200
348460 200
348470 200
348510 200
348540 200
348550 200
348570 200
348580 200
348620 200
348650 200
348700 200
348730 200
348740 200
348790 200
348800 200
348810 200
348840 200
348860 200
348870 200
348910 200
348930 200
348950 200
348960 200
348980 200
349020 200
349040 200
349060 200
349100 200
349140 200
349150 200
349190 200
349220 200
349240 200
349250 200
349260 200
349270 200
349300 200
349320 200
349440 200
349450 200
349460 200
349470 200
349500 200
349510 200
349520 200
349530 200
349540 200
349550 200
349650 200
349670 200
349680 200
349690 200
349710 200
349730 200
349760 200
349780 200
349790 200
349840 200
349950 200
349980 200
350000 200
350010 200
350070 200
350080 200
350090 200
350110 200
350140 200
350200 200
350210 200
350310 200
350330 200
350380 200
350480 200
350490 200
350500 200
350530 200
350550 200
350600 200
350610 200
350620 200
350630 200
350640 200
350700 200
350740 200
350770 200
350780 200
350800 200
350810 200
350880 200
350910 200
350970 200
350990 200
351030 200
351050 200
351060 200
351080 200
351090 200
351100 200
351140 200
351150 200
351160 200
351170 200
351220 200
351230 200
351240 200
351250 200
351290 200
351300 200
351320 200
351330 200
351340 200
351400 200
351410 200
351420 200
351450 200
351470 200
351480 200
351490 200
351510 200
351630 200
351640 200
351690 200
351700 200
351710 200
351720 200
351730 200
351790 200
351800 200
351810 200
351820 200
351860 200
351870 200
351910 200
351920 200
351940 200
351970 200
352010 200
352030 200
352050 200
352070 200
352120 200
352130 200
352140 200
352160 200
352170 200
352190 200
352210 200
352220 200
352240 200
352360 200
352370 200
352400 200
352430 200
352440 200
352450 200
352520 200
352530 200
352550 200
352580 200
352610 200
352620 200
352640 200
352700 200
352720 200
352740 200
352750 200
352760 200
352780 200
352790 200
352810 200
352850 200
352890 200
352900 200
352950 200
352960 200
353070 200
353080 200
353090 200
353110 200
353190 200
353260 200
353270 200
353280 200
353300 200
353330 200
353340 200
353360 200
353540 200
353550 200
353560 200
353580 200
353600 200
353610 200
353630 200
353640 200
353700 200
353790 200
353890 200
353940 200
353980 200
353990 200
354030 200
354040 200
354050 200
354130 200
354140 200
354160 200
354180 200
354200 200
354230 200
354240 200
354280 200
354290 200
354310 200
354380 200
354400 200
354430 200
354560 200
354600 200
354620 200
354680 200
354690 200
354720 200
354730 200
354740 200
354770 200
354780 200
354810 200
354820 200
354860 200
354920 200
354930 200
354950 200
354960 200
354970 200
355010 200
355020 200
355050 200
355060 200
355070 200
355080 200
355090 200
355100 200
355130 200
355140 200
355150 200
355170 200
355180 200
355190 200
355230 200
355240 200
355250 200
355270 200
355280 200
355310 200
355350 200
355370 200
355380 200
355400 200
355410 200
355420 200
355430 200
355460 200
355490 200
355510 200
355520 200
355530 200
355560 200
355570 200
355630 200
355650 200
355670 200
355680 200
355690 200
355750 200
355760 200
355790 200
355800 200
355810 200
355820 200
355860 200
355910 200
355920 200
355970 200
355980 200
356000 200
356030 200
356040 200
356070 200
356090 200
356100 200
356110 200
356160 200
356170 200
356180 200
356190 200
356210 200
356250 200
356260 200
356270 200
356280 200
356290 200
356310 200
356380 200
356390 200
356400 200
356420 200
356430 200
356450 200
356460 200
356500 200
356510 200
356520 200
356530 200
356540 200
356550 200
356560 200
356570 200
356580 200
356650 200
356670 200
356710 200
356730 200
356770 200
356790 200
356800 200
356820 200
356870 200
356880 200
356890 200
356910 200
357030 200
357070 200
357120 200
357190 200
357200 200
357280 200
357290 200
357300 200
357310 200
357320 200
357330 200
357340 200
357370 200
357490 200
357500 200
357600 200
357650 200
357670 200
357690 200
357720 200
357750 200
357780 200
357830 200
357840 200
357890 200
357900 200
357910 200
357920 200
357930 200
357940 200
358000 200
358030 200
358070 200
358080 200
358090 200
358130 200
358190 200
358200 200
358210 200
358220 200
358230 200
358250 200
358260 200
358270 200
358290 200
358300 200
358310 200
358320 200
358340 200
358350 200
358360 200
358380 200
358390 200
358400 200
358410 200
358460 200
358650 200
358700 200
358750 200
358760 200
358770 200
358810 200
358830 200
358840 200
358920 200
358930 200
358960 200
359040 200
359050 200
359060 200
359070 200
359090 200
359100 200
359140 200
359160 200
359190 200
359220 200
359230 200
359250 200
359260 200
359280 200
359300 200
359310 200
359320 200
359340 200
359350 200
359370 200
359390 200
359400 200
359420 200
359440 200
359510 200
359550 200
359560 200
359580 200
359600 200
359610 200
359620 200
359630 200
359650 200
359670 200
359800 200
359810 200
359840 200
359870 200
359900 200
359920 200
359940 200
359960 200
359970 200
360010 200
360030 200
360040 200
360150 200
360170 200
360380 200
360390 200
360400 200
360430 200
360450 200
360510 200
360520 200
360530 200
360550 200
360580 200
360600 200
360620 200
360640 200
360650 200
360680 200
360720 200
360730 200
360740 200
360830 200
360840 200
360870 200
360880 200
360890 200
360940 200
360970 200
360990 200
361020 200
361040 200
361100 200
361110 200
361130 200
361160 200
361190 200
361200 200
361230 200
361250 200
361280 200
361300 200
361320 200
361330 200
361350 200
361380 200
361420 200
361430 200
361550 200
361560 200
361600 200
361620 200
361630 200
361670 200
361680 200
361690 200
361790 200
361830 200
361850 200
361890 200
361930 200
361950 200
361970 200
361990 200
362020 200
362030 200
362090 200
362130 200
362140 200
362150 200
362160 200
362290 200
362310 200
362370 200
362380 200
362400 200
362410 200
362490 200
362610 200
362620 200
362660 200
362670 200
362680 200
362740 200
362780 200
362790 200
362800 200
362810 200
362830 200
362860 200
362890 200
362920 200
362930 200
362940 200
362960 200
363050 200
363060 200
363070 200
363090 200
363110 200
363130 200
363150 200
363180 200
363200 200
363220 200
363240 200
363270 200
363330 200
363360 200
363410 200
363420 200
363430 200
363440 200
363460 200
363490 200
363500 200
363510 200
363520 200
363530 200
363580 200
363600 200
363610 200
363620 200
363650 200
363660 200
363670 200
363680 200
363840 200
363860 200
363900 200
363920 200
363930 200
363940 200
363950 200
363960 200
363970 200
363980 200
364000 200
364050 200
364060 200
364100 200
364130 200
364200 200
364210 200
364230 200
364250 200
364300 200
364350 200
364360 200
364370 200
364380 200
364390 200
364420 200
364450 200
364480 200
364500 200
364510 200
364630 200
364640 200
364660 200
364690 200
364700 200
364710 200
364720 200
364740 200
364750 200
364770 200
364790 200
364800 200
364810 200
364820 200
364830 200
364850 200
364880 200
364890 200
364900 200
364910 200
364930 200
364940 200
364980 200
365020 200
365050 200
365060 200
365070 200
365080 200
365090 200
365110 200
365120 200
365140 200
365150 200
365160 200
365210 200
365240 200
365260 200
365270 200
365280 200
365290 200
365300 200
365320 200
365330 200
365340 200
365350 200
365360 200
365400 200
365420 200
365430 200
365450 200
365460 200
365480 200
365500 200
365510 200
365560 200
365580 200
365590 200
365620 200
365660 200
365680 200
365730 200
365760 200
365770 200
365800 200
365810 200
365820 200
365850 200
365860 200
365870 200
365880 200
365890 200
365900 200
365960 200
366000 200
366010 200
366050 200
366060 200
366090 200
366100 200
366180 200
366210 200
366220 200
366230 200
366240 200
366250 200
366260 200
366270 200
366280 200
366290 200
366320 200
366350 200
366380 200
366410 200
366510 200
366570 200
366590 200
366610 200
366620 200
366640 200
366670 200
366690 200
366700 200
366760 200
366780 200
366800 200
366870 200
366910 200
366920 200
366960 200
366970 200
366990 200
367000 200
367010 200
367030 200
367040 200
367050 200
367060 200
367080 200
367110 200
367120 200
367140 200
367220 200
367240 200
367260 200
367270 200
367300 200
367340 200
367350 200
367430 200
367450 200
367500 200
367520 200
367550 200
367570 200
367580 200
367660 200
367700 200
367710 200
367780 200
367800 200
367820 200
367990 200
368000 200
368040 200
368050 200
368070 200
368080 200
368140 200
368150 200
368160 200
368180 200
368220 200
368230 200
368250 200
368260 200
368290 200
368340 200
368360 200
368370 200
368390 200
368430 200
368450 200
368500 200
368570 200
368590 200
368600 200
368610 200
368620 200
368640 200
368680 200
368690 200
368700 200
368710 200
368730 200
368740 200
368760 200
368770 200
368780 200
368830 200
368860 200
368880 200
368890 200
368950 200
368970 200
368990 200
369000 200
369030 200
369040 200
369060 200
369070 200
369080 200
369100 200
369110 200
369120 200
369180 200
369270 200
369280 200
369290 200
369310 200
369360 200
369370 200
369420 200
369440 200
369460 200
369530 200
369550 200
369560 200
369570 200
369640 200
369700 200
369830 200
369840 200
369860 200
369890 200
369990 200
370020 200
370040 200
370050 200
370060 200
370070 200
370080 200
370090 200
370120 200
370130 200
370140 200
370150 200
370170 200
370190 200
370200 200
370220 200
370270 200
370280 200
370300 200
370310 200
370320 200
370330 200
370350 200
370360 200
370440 200
370460 200
370480 200
370490 200
370510 200
370540 200
370550 200
370560 200
370570 200
370590 200
370600 200
370620 200
370630 200
370640 200
370660 200
370670 200
370690 200
370700 200
370710 200
370730 200
370750 200
370770 200
370780 200
370870 200
370910 200
370920 200
370940 200
370970 200
371000 200
371010 200
371100 200
371140 200
371180 200
371190 200
371200 200
371220 200
371280 200
371300 200
371320 200
371330 200
371360 200
371370 200
371380 200
371390 200
371400 200
371410 200
371430 200
371450 200
371460 200
371510 200
371520 200
371530 200
371550 200
371570 200
371580 200
371620 200
371650 200
371660 200
371670 200
371700 200
371710 200
371790 200
371850 200
371880 200
371890 200
371900 200
371950 200
371970 200
372000 200
372030 200
372080 200
372150 200
372160 200
372190 200
372210 200
372250 200
372320 200
372330 200
372340 200
372350 200
372360 200
372380 200
372430 200
372480 200
372490 200
372540 200
372560 200
372570 200
372670 200
372690 200
372720 200
372740 200
372750 200
372770 200
372780 200
372800 200
372820 200
372830 200
372890 200
372930 200
372940 200
372950 200
372960 200
372970 200
373120 200
373140 200
373180 200
373240 200
373290 200
373330 200
373360 200
373390 200
373420 200
373440 200
373460 200
373480 200
373600 200
373610 200
373620 200
373630 200
373640 200
373650 200
373670 200
373720 200
373730 200
373750 200
373770 200
373800 200
373810 200
373820 200
373860 200
373870 200
373880 200
373930 200
373970 200
373990 200
374010 200
374030 200
374040 200
374060 200
374080 200
374120 200
374150 200
374190 200
374240 200
374280 200
374320 200
374380 200
374410 200
374420 200
374450 200
374460 200
374510 200
374520 200
374620 200
374630 200
374640 200
374780 200
374830 200
374900 200
374940 200
374950 200
374960 200
374970 200
374990 200
375000 200
375010 200
375020 200
375030 200
375040 200
375120 200
375130 200
375170 200
375180 200
375190 200
375200 200
375210 200
375220 200
375250 200
375290 200
375310 200
375320 200
375330 200
375390 200
375430 200
375440 200
375450 200
375460 200
375480 200
375500 200
375510 200
375520 200
375530 200
375550 200
375570 200
375580 200
375600 200
375620 200
375680 200
375710 200
375750 200
375770 200
375790 200
375810 200
375820 200
375850 200
375870 200
375900 200
375910 200
375930 200
375950 200
376120 200
376130 200
376140 200
376150 200
376160 200
376210 200
376240 200
376250 200
376300 200
376350 200
376410 200
376450 200
376480 200
376490 200
376520 200
376560 200
376620 200
376680 200
376730 200
376750 200
376760 200
376770 200
376780 200
376790 200
376880 200
376920 200
377060 200
377070 200
377080 200
377100 200
377120 200
377140 200
377160 200
377190 200
377220 200
377250 200
377260 200
377290 200
377300 200
377310 200
377320 200
377330 200
377360 200
377430 200
377450 200
377460 200
377470 200
377480 200
377500 200
377520 200
377530 200
377550 200
377570 200
377600 200
377660 200
377670 200
377680 200
377690 200
377710 200
377720 200
377760 200
377840 200
377860 200
377870 200
377880 200
377900 200
377940 200
377950 200
377980 200
378030 200
378070 200
378080 200
378090 200
378100 200
378110 200
378240 200
378260 200
378270 200
378300 200
378350 200
378360 200
378370 200
378390 200
378410 200
378420 200
378450 200
378480 200
378490 200
378510 200
378530 200
378540 200
378570 200
378580 200
378590 200
378610 200
378630 200
378660 200
378690 200
378700 200
378720 200
378750 200
378760 200
378770 200
378790 200
378800 200
378810 200
378830 200
378850 200
379210 200
379260 200
379290 200
379320 200
379390 200
379420 200
379430 200
379520 200
379530 200
379600 200
379610 200
379640 200
379670 200
379720 200
379760 200
379870 200
379960 200
379980 200
379990 200
380000 200
380020 200
380100 200
380110 200
380120 200
380140 200
380150 200
380210 200
380220 200
380360 200
380540 200
380550 200
380560 200
380570 200
380580 200
380600 200
380650 200
380660 200
380670 200
380680 200
380690 200
380750 200
380810 200
380840 200
380860 200
380950 200
380990 200
381000 200
381010 200
381020 200
381050 200
381100 200
381120 200
381130 200
381140 200
381170 200
381210 200
381220 200
381250 200
381260 200
381310 200
381320 200
381340 200
381550 200
381560 200
381590 200
381610 200
381640 200
381750 200
381780 200
381800 200
381850 200
381870 200
381880 200
381890 200
381900 200
381910 200
381940 200
381990 200
382050 200
382070 200
382080 200
382090 200
382120 200
382130 200
382140 200
382160 200
382180 200
382250 200
382260 200
382270 200
382300 200
382310 200
382320 200
382330 200
382350 200
382380 200
382420 200
382480 200
382490 200
382560 200
382880 200
382920 200
382990 200
383010 200
383020 200
383080 200
383100 200
383120 200
383150 200
383180 200
383230 200
383240 200
383270 200
383330 200
383460 200
383530 200
383540 200
383560 200
383580 200
383590 200
383620 200
383630 200
383670 200
383690 200
383700 200
383710 200
383720 200
383740 200
383750 200
383780 200
383790 200
383800 200
383810 200
383840 200
383850 200
383870 200
383930 200
383940 200
383950 200
383960 200
383980 200
384000 200
384010 200
384030 200
384040 200
384080 200
384090 200
384100 200
384110 200
384120 200
384150 200
384180 200
384190 200
384200 200
384250 200
384280 200
384310 200
384360 200
384480 200
384490 200
384500 200
384550 200
384570 200
384590 200
384630 200
384660 200
384680 200
384690 200
384700 200
384740 200
384750 200
384890 200
384900 200
384910 200
384940 200
384960 200
384980 200
384990 200
385030 200
385060 200
385070 200
385080 200
385100 200
385130 200
385150 200
385190 200
385220 200
385230 200
385240 200
385250 200
385260 200
385270 200
385280 200
385310 200
385330 200
385350 200
385360 200
385370 200
385380 200
385390 200
385400 200
385410 200
385440 200
385530 200
385560 200
385580 200
385590 200
385600 200
385690 200
385700 200
385710 200
385740 200
385770 200
385800 200
385810 200
385830 200
385840 200
385850 200
385860 200
385900 200
385940 200
385950 200
385960 200
385980 200
386050 200
386070 200
386080 200
386090 200
386100 200
386110 200
386140 200
386160 200
386180 200
386200 200
386260 200
386280 200
386290 200
386330 200
386340 200
386360 200
386420 200
386430 200
386460 200
386470 200
386480 200
386490 200
386510 200
386520 200
386540 200
386560 200
386590 200
386600 200
386620 200
386630 200
386640 200
386650 200
386690 200
386700 200
386710 200
386740 200
386750 200
386770 200
386840 200
386870 200
386880 200
386900 200
386930 200
386940 200
386960 200
386970 200
386990 200
387010 200
387060 200
387100 200
387110 200
387130 200
387240 200
387280 200
387290 200
387340 200
387370 200
387400 200
387430 200
387450 200
387820 200
387840 200
387850 200
387860 200
387870 200
387880 200
387890 200
387930 200
387970 200
387990 200
388000 200
388010 200
388050 200
388060 200
388090 200
388140 200
388160 200
388210 200
388260 200
388270 200
388300 200
388320 200
388340 200
388360 200
388370 200
388390 200
388410 200
388420 200
388430 200
388440 200
388450 200
388490 200
388500 200
388540 200
388550 200
388620 200
388660 200
388680 200
388720 200
388730 200
388750 200
388800 200
388830 200
388840 200
388860 200
388880 200
388900 200
388910 200
388960 200
388970 200
389010 200
389050 200
389140 200
389160 200
389170 200
389190 200
389220 200
389230 200
389250 200
389260 200
389270 200
389310 200
389330 200
389400 200
389430 200
389460 200
389470 200
389510 200
389540 200
389570 200
389650 200
389670 200
389680 200
389690 200
389700 200
389730 200
389740 200
389810 200
389850 200
389870 200
389900 200
389940 200
389970 200
390030 200
390040 200
390100 200
390200 200
390210 200
390220 200
390290 200
390310 200
390330 200
390340 200
390460 200
390500 200
390510 200
390520 200
390560 200
390570 200
390610 200
390620 200
390660 200
390680 200
390710 200
390720 200
390730 200
390870 200
390880 200
390890 200
390920 200
390930 200
390940 200
391000 200
391030 200
391070 200
391100 200
391120 200
391140 200
391150 200
391160 200
391170 200
391180 200
391190 200
391210 200
391220 200
391250 200
391260 200
391270 200
391280 200
391290 200
391310 200
391340 200
391380 200
391390 200
391400 200
391410 200
391420 200
391440 200
391460 200
391480 200
391490 200
391510 200
391520 200
391540 200
391550 200
391580 200
391590 200
391600 200
391640 200
391650 200
391660 200
391670 200
391720 200
391730 200
391740 200
391780 200
391820 200
391910 200
391960 200
392000 200
392020 200
392030 200
392070 200
392080 200
392100 200
392110 200
392120 200
392150 200
392160 200
392190 200
392260 200
392280 200
392290 200
392330 200
392370 200
392410 200
392450 200
392470 200
392580 200
392600 200
392610 200
392690 200
392720 200
392780 200
392820 200
392890 200
392920 200
392930 200
392940 200
392950 200
392970 200
393080 200
393150 200
393170 200
393190 200
393200 200
393220 200
393240 200
393280 200
393350 200
393380 200
393390 200
393420 200
393430 200
393460 200
393520 200
393530 200
393550 200
393600 200
393610 200
393660 200
393750 200
393770 200
393790 200
393800 200
393820 200
393860 200
393920 200
393930 200
393950 200
393980 200
394010 200
394030 200
394120 200
394140 200
394160 200
394220 200
394260 200
394270 200
394280 200
394290 200
394310 200
394360 200
394390 200
394430 200
394480 200
394490 200
394510 200
394540 200
394550 200
394600 200
394680 200
394690 200
394700 200
394720 200
394760 200
394770 200
394840 200
394850 200
394870 200
394950 200
394970 200
394990 200
395100 200
395140 200
395160 200
395170 200
395200 200
395250 200
395270 200
395300 200
395350 200
395370 200
395380 200
395400 200
395420 200
395470 200
395480 200
395500 200
395520 200
395550 200
395560 200
395570 200
395580 200
395600 200
395620 200
395830 200
395850 200
395860 200
395880 200
395900 200
395910 200
395920 200
395930 200
395940 200
395960 200
396010 200
396030 200
396060 200
396090 200
396160 200
396230 200
396260 200
396280 200
396310 200
396320 200
396350 200
396360 200
396420 200
396480 200
396530 200
396590 200
396610 200
396640 200
396660 200
396680 200
396710 200
396730 200
396750 200
396790 200
396800 200
396820 200
396850 200
396860 200
396870 200
396890 200
396900 200
396930 200
397020 200
397040 200
397060 200
397090 200
397100 200
397160 200
397190 200
397200 200
397210 200
397240 200
397270 200
397310 200
397320 200
397330 200
397340 200
397350 200
397390 200
397400 200
397430 200
397440 200
397460 200
397500 200
397540 200
397570 200
397580 200
397600 200
397640 200
397660 200
397670 200
397690 200
397720 200
397730 200
397740 200
397750 200
397770 200
397780 200
397800 200
397810 200
397830 200
397840 200
397850 200
397860 200
397870 200
397900 200
397940 200
397950 200
397960 200
397970 200
397990 200
398000 200
398030 200
398040 200
398100 200
398110 200
398120 200
398140 200
398150 200
398170 200
398180 200
398210 200
398250 200
398260 200
398450 200
398460 200
398480 200
398530 200
398620 200
398640 200
398670 200
398680 200
398710 200
398840 200
398850 200
398890 200
398900 200
398920 200
398930 200
398940 200
398950 200
398960 200
398980 200
398990 200
399040 200
399070 200
399090 200
399120 200
399130 200
399140 200
399230 200
399240 200
399260 200
399420 200
399430 200
399520 200
399530 200
399600 200
399640 200
399670 200
399720 200
399780 200
399790 200
399810 200
399820 200
399880 200
399890 200
399900 200
399910 200
399920 200
400030 200
400070 200
400080 200
400110 200
400130 200
400160 200
400170 200
400180 200
400200 200
400220 200
400230 200
400240 200
400250 200
400280 200
400350 200
400360 200
400370 200
400380 200
400390 200
400410 200
400450 200
400470 200
400500 200
400510 200
400560 200
400570 200
400580 200
400630 200
400660 200
400710 200
400740 200
400750 200
400790 200
400800 200
400880 200
400910 200
400940 200
401120 200
401170 200
401190 200
401200 200
401210 200
401250 200
401280 200
401290 200
401330 200
401360 200
401420 200
401550 200
401680 200
401690 200
401710 200
401760 200
401800 200
401810 200
401820 200
401840 200
401890 200
401910 200
401970 200
402020 200
402030 200
402040 200
402060 200
402080 200
402120 200
402130 200
402150 200
402160 200
402170 200
402180 200
402190 200
402210 200
402220 200
402260 200
402300 200
402310 200
402330 200
402340 200
402390 200
402530 200
402560 200
402620 200
402670 200
402750 200
402840 200
402850 200
402880 200
402890 200
402910 200
402940 200
402970 200
402980 200
403070 200
403090 200
403100 200
403120 200
403180 200
403190 200
403200 200
403230 200
403270 200
403290 200
403300 200
403390 200
403400 200
403410 200
403430 200
403440 200
403460 200
403510 200
403560 200
403590 200
403620 200
403640 200
403660 200
403670 200
403680 200
403690 200
403700 200
403740 200
403780 200
403830 200
403850 200
403860 200
403900 200
403940 200
403950 200
403970 200
403980 200
404030 200
404040 200
404070 200
404080 200
404100 200
404170 200
404180 200
404200 200
404270 200
404380 200
404390 200
404400 200
404410 200
404420 200
404460 200
404480 200
404510 200
404530 200
404540 200
404580 200
404590 200
404630 200
404640 200
404660 200
404680 200
404690 200
404700 200
404750 200
404820 200
404850 200
404860 200
404870 200
404960 200
405010 200
405050 200
405070 200
405180 200
405190 200
405240 200
405290 200
405310 200
405340 200
405440 200
405480 200
405500 200
405530 200
405540 200
405550 200
405590 200
405610 200
405640 200
405650 200
405670 200
405680 200
405710 200
405720 200
405760 200
405780 200
405810 200
405820 200
405830 200
405860 200
405900 200
405950 200
405960 200
405970 200
406080 200
406090 200
406110 200
406120 200
406130 200
406150 200
406160 200
406170 200
406220 200
406290 200
406300 200
406310 200
406350 200
406400 200
406410 200
406550 200
406650 200
406690 200
406710 200
406720 200
406730 200
406760 200
406780 200
406850 200
406860 200
406870 200
406890 200
406920 200
406930 200
406940 200
406970 200
407000 200
407020 200
407050 200
407100 200
407110 200
407130 200
407150 200
407190 200
407230 200
407290 200
407300 200
407310 200
407320 200
407330 200
407340 200
407380 200
407420 200
407530 200
407560 200
407600 200
407630 200
407680 200
407710 200
407720 200
407780 200
407810 200
407830 200
407840 200
407880 200
407900 200
407940 200
407980 200
408000 200
408030 200
408060 200
408110 200
408120 200
408170 200
408240 200
408250 200
408280 200
408340 200
408400 200
408410 200
408440 200
408520 200
408640 200
408650 200
408740 200
408750 200
408760 200
408770 200
408900 200
408920 200
408960 200
408990 200
409000 200
409040 200
409070 200
409090 200
409100 200
409160 200
409170 200
409280 200
409290 200
409320 200
409340 200
409360 200
409380 200
409390 200
409420 200
409450 200
409460 200
409490 200
409510 200
409520 200
409560 200
409580 200
409590 200
409600 200
409610 200
409630 200
409660 200
409670 200
409690 200
409710 200
409720 200
409730 200
409790 200
409850 200
409870 200
409890 200
409910 200
409920 200
410000 200
410040 200
410050 200
410110 200
410120 200
410130 200
410150 200
410210 200
410320 200
410330 200
410340 200
410370 200
410390 200
410430 200
410440 200
410470 200
410490 200
410540 200
410550 200
410670 200
410710 200
410740 200
410770 200
410820 200
410830 200
410840 200
410850 200
410890 200
410900 200
410910 200
410970 200
410980 200
410990 200
411000 200
411060 200
411070 200
411080 200
411090 200
411120 200
411130 200
411300 200
411310 200
411320 200
411330 200
411370 200
411390 200
411480 200
411520 200
411530 200
411550 200
411570 200
411590 200
411600 200
411610 200
411620 200
411630 200
411680 200
411690 200
411740 200
411750 200
411760 200
411820 200
411830 200
411860 200
411870 200
411880 200
411960 200
411970 200
411980 200
412010 200
412020 200
412050 200
412170 200
412210 200
412220 200
412230 200
412250 200
412270 200
412290 200
412360 200
412370 200
412380 200
412410 200
412440 200
412460 200
412470 200
412480 200
412490 200
412520 200
412530 200
412540 200
412560 200
412600 200
412620 200
412640 200
412660 200
412670 200
412730 200
412740 200
412760 200
412770 200
412830 200
412880 200
412930 200
412970 200
413030 200
413040 200
413120 200
413150 200
413350 200
413410 200
413420 200
413470 200
413480 200
413490 200
413500 200
413540 200
413580 200
413620 200
413650 200
413680 200
413700 200
413710 200
413740 200
413750 200
413760 200
413830 200
413870 200
414060 200
414080 200
414090 200
414120 200
414140 200
414160 200
414190 200
414260 200
414330 200
414340 200
414370 200
414470 200
414490 200
414500 200
414510 200
414550 200
414580 200
414660 200
414700 200
414720 200
414730 200
414740 200
414760 200
414770 200
414810 200
414920 200
414950 200
415030 200
415080 200
415090 200
415150 200
415170 200
415180 200
415200 200
415240 200
415270 200
415300 200
415330 200
415350 200
415390 200
415400 200
415420 200
415480 200
415530 200
415590 200
415600 200
415610 200
415620 200
415670 200
415740 200
415780 200
415830 200
415840 200
415850 200
415880 200
415900 200
415910 200
415920 200
415950 200
415960 200
415980 200
415990 200
416000 200
416030 200
416040 200
416060 200
416080 200
416110 200
416120 200
416160 200
416180 200
416190 200
416200 200
416210 200
416220 200
416240 200
416250 200
416290 200
416310 200
416320 200
416330 200
416340 200
416360 200
416370 200
416380 200
416390 200
416430 200
416450 200
416530 200
416550 200
416590 200
416600 200
416610 200
416630 200
416640 200
416680 200
416690 200
416700 200
416720 200
416760 200
416770 200
416790 200
416800 200
416830 200
416840 200
416850 200
416870 200
417020 200
417060 200
417110 200
417130 200
417150 200
417200 200
417290 200
417310 200
417350 200
417360 200
417400 200
417410 200
417430 200
417480 200
417750 200
417840 200
417860 200
417880 200
417890 200
417900 200
417910 200
417920 200
417980 200
418000 200
418030 200
418040 200
418060 200
418070 200
418120 200
418150 200
418160 200
418170 200
418180 200
418190 200
418240 200
418250 200
418260 200
418270 200
418300 200
418340 200
418360 200
418370 200
418430 200
418440 200
418460 200
418520 200
418530 200
418610 200
418620 200
418640 200
418650 200
418670 200
418910 200
418940 200
418950 200
418960 200
419020 200
419080 200
419090 200
419130 200
419460 200
419480 200
419520 200
419700 200
419710 200
419810 200
419990 200
420000 200
420020 200
420040 200
420060 200
420070 200
420100 200
420110 200
420140 200
420160 200
420170 200
420180 200
420210 200
420270 200
420290 200
420300 200
420330 200
420360 200
420370 200
420440 200
420500 200
420520 200
420530 200
420550 200
420560 200
420570 200
420660 200
420670 200
420740 200
420760 200
420770 200
420790 200
420840 200
420850 200
420880 200
420900 200
420920 200
420930 200
420950 200
420970 200
420980 200
421040 200
421050 200
421060 200
421120 200
421140 200
421170 200
421190 200
421260 200
421610 200
421620 200
421630 200
421660 200
421670 200
421700 200
421710 200
421740 200
421790 200
421810 200
421870 200
421880 200
421890 200
422010 200
422020 200
422030 200
422100 200
422110 200
422130 200
422140 200
422210 200
422250 200
422300 200
422500 200
422510 200
422610 200
422630 200
422640 200
422650 200
422760 200
422860 200
422890 200
422900 200
422910 200
422920 200
422970 200
422980 200
423120 200
423180 200
423220 200
423230 200
423270 200
423320 200
423440 200
423490 200
423550 200
423580 200
423590 200
423600 200
423610 200
423620 200
423640 200
423650 200
423700 200
423710 200
423720 200
423730 200
423740 200
423750 200
423760 200
423770 200
423780 200
423800 200
423810 200
423870 200
423880 200
423890 200
423900 200
423910 200
423950 200
424000 200
424010 200
424030 200
424040 200
424060 200
424100 200
424170 200
424200 200
424210 200
424250 200
424260 200
424280 200
424320 200
424370 200
424590 200
424610 200
424640 200
424750 200
424760 200
424780 200
424830 200
424840 200
424850 200
424870 200
425010 200
425070 200
425150 200
425160 200
425210 200
425220 200
425230 200
425240 200
425260 200
425300 200
425340 200
425400 200
425410 200
425450 200
425460 200
425580 200
425600 200
425650 200
425670 200
425760 200
425770 200
425820 200
425860 200
425870 200
425900 200
425990 200
426000 200
426010 200
426040 200
426050 200
426170 200
426190 200
426210 200
426290 200
426310 200
426330 200
426560 200
426590 200
426690 200
426790 200
426870 200
426930 200
427030 200
427050 200
427100 200
427190 200
427240 200
427250 200
427290 200
427410 200
427470 200
427490 200
427510 200
427520 200
427550 200
427570 200
427640 200
427660 200
427680 200
427700 200
427730 200
427760 200
427770 200
427780 200
427810 200
427820 200
427830 200
427860 200
427880 200
427890 200
427910 200
427930 200
427940 200
427950 200
427970 200
427980 200
428020 200
428040 200
428060 200
428080 200
428100 200
428110 200
428130 200
428170 200
428180 200
428190 200
428200 200
428210 200
428220 200
428230 200
428240 200
428250 200
428260 200
428270 200
428280 200
428350 200
428370 200
428410 200
428430 200
428460 200
428490 200
428510 200
428530 200
428540 200
428550 200
428590 200
428610 200
428630 200
428660 200
428690 200
428740 200
428750 200
428830 200
428860 200
428870 200
428880 200
428900 200
428910 200
428920 200
428930 200
428940 200
428950 200
428980 200
429040 200
429050 200
429060 200
429120 200
429160 200
429200 200
429220 200
429250 200
429260 200
429270 200
429280 200
429300 200
429330 200
429350 200
429360 200
429380 200
429390 200
429430 200
429470 200
429480 200
429490 200
429520 200
429530 200
429540 200
429570 200
429580 200
429600 200
429610 200
429620 200
429660 200
429680 200
429690 200
429700 200
429720 200
429780 200
429790 200
429830 200
429940 200
429950 200
430020 200
430070 200
430080 200
430100 200
430170 200
430190 200
430210 200
430230 200
430240 200
430280 200
430290 200
430300 200
430410 200
430960 200
431120 200
431170 200
431180 200
431200 200
431230 200
431240 200
431250 200
431260 200
431280 200
431290 200
431300 200
431330 200
431370 200
431390 200
431410 200
431450 200
431460 200
431470 200
431500 200
431510 200
431520 200
431540 200
431590 200
431600 200
431610 200
431630 200
431640 200
431650 200
431680 200
431700 200
431710 200
431740 200
431750 200
431770 200
431810 200
431830 200
431840 200
431850 200
431910 200
431930 200
431940 200
431950 200
432010 200
432100 200
432110 200
432120 200
432130 200
432170 200
432190 200
432210 200
432230 200
432240 200
432250 200
432270 200
432310 200
432350 200
432370 200
432380 200
432390 200
432410 200
432420 200
432470 200
432480 200
432490 200
432500 200
432540 200
432620 200
432640 200
432720 200
432770 200
432780 200
432850 200
432870 200
432890 200
432940 200
432950 200
432980 200
432990 200
433000 200
433100 200
433110 200
433120 200
433130 200
433170 200
433190 200
433210 200
433220 200
433280 200
433340 200
433350 200
433360 200
433370 200
433380 200
433400 200
433450 200
433480 200
433490 200
433530 200
433550 200
433570 200
433580 200
433590 200
433600 200
433630 200
433650 200
433660 200
433670 200
433700 200
433750 200
433790 200
433830 200
433840 200
433850 200
433890 200
433900 200
433910 200
433920 200
433950 200
434000 200
434020 200
434030 200
434050 200
434070 200
434090 200
434130 200
434140 200
434150 200
434160 200
434170 200
434190 200
434210 200
434220 200
434230 200
434240 200
434250 200
434260 200
434270 200
434280 200
434290 200
434300 200
434310 200
434340 200
434360 200
434370 200
434390 200
434420 200
434430 200
434460 200
434470 200
434480 200
434490 200
434500 200
434510 200
434520 200
434530 200
434540 200
434570 200
434580 200
434600 200
434610 200
434620 200
434650 200
434660 200
434680 200
434700 200
434730 200
434750 200
434790 200
434800 200
434820 200
434830 200
434860 200
434870 200
434880 200
434890 200
434920 200
434960 200
434970 200
434980 200
435000 200
435010 200
435030 200
435040 200
435050 200
435070 200
435080 200
435100 200
435120 200
435140 200
435150 200
435230 200
435250 200
435260 200
435300 200
435360 200
435380 200
435400 200
435410 200
435420 200
435440 200
435480 200
435490 200
435530 200
435730 200
435780 200
435790 200
435800 200
435840 200
435970 200
436000 200
436110 200
436140 200
436150 200
436160 200
436180 200
436230 200
436240 200
436260 200
436270 200
436280 200
436290 200
436320 200
436340 200
436360 200
436390 200
436400 200
436470 200
436480 200
436490 200
436500 200
436510 200
436520 200
436530 200
436670 200
436690 200
436780 200
436850 200
436860 200
436870 200
436940 200
436950 200
437000 200
437010 200
437020 200
437030 200
437060 200
437080 200
437090 200
437100 200
437160 200
437180 200
437250 200
437340 200
437350 200
437380 200
437390 200
437420 200
437440 200
437520 200
437530 200
437550 200
437570 200
437610 200
437630 200
437690 200
437710 200
437720 200
437730 200
437740 200
437870 200
437880 200
437900 200
437920 200
438000 200
438010 200
438020 200
438030 200
438040 200
438080 200
438090 200
438100 200
438120 200
438130 200
438140 200
438180 200
438200 200
438210 200
438220 200
438240 200
438260 200
438270 200
438300 200
438310 200
438320 200
438330 200
438340 200
438350 200
438360 200
438420 200
438430 200
438440 200
438460 200
438480 200
438490 200
438560 200
438640 200
438650 200
438660 200
438680 200
438720 200
438730 200
438770 200
438780 200
438790 200
438820 200
438910 200
438920 200
438940 200
439190 200
439250 200
439260 200
439310 200
439340 200
439420 200
439440 200
439460 200
439490 200
439530 200
439550 200
439660 200
439700 200
439720 200
439730 200
439740 200
439750 200
439770 200
439800 200
439880 200
439910 200
439930 200
439940 200
439960 200
440310 200
440340 200
440380 200
440410 200
440420 200
440450 200
440470 200
440540 200
440550 200
440630 200
440640 200
440650 200
440660 200
440690 200
440720 200
440730 200
440740 200
440750 200
440760 200
440770 200
440790 200
440800 200
440810 200
440880 200
440900 200
440950 200
441010 200
441050 200
441060 200
441230 200
441250 200
441280 200
441350 200
441380 200
441440 200
441510 200
441560 200
441640 200
441670 200
441680 200
441790 200
441830 200
441870 200
442000 200
442070 200
442120 200
442140 200
442190 200
442210 200
442220 200
442260 200
442290 200
442500 200
442660 200
442710 200
442760 200
442770 200
442780 200
442810 200
442860 200
442890 200
443000 200
443020 200
443070 200
443110 200
443190 200
443250 200
443260 200
443330 200
443360 200
443370 200
443380 200
443420 200
443450 200
443460 200
443530 200
443570 200
443580 200
443590 200
443650 200
443700 200
443790 200
443800 200
443810 200
443830 200
443850 200
443860 200
443880 200
443980 200
444000 200
444020 200
444090 200
444130 200
444140 200
444160 200
444170 200
444180 200
444190 200
444200 200
444210 200
444220 200
444250 200
444260 200
444270 200
444280 200
444330 200
444350 200
444410 200
444420 200
444430 200
444440 200
444470 200
444480 200
444490 200
444520 200
444530 200
444550 200
444580 200
444590 200
444620 200
444640 200
444670 200
444690 200
444710 200
444720 200
444740 200
444770 200
444800 200
444830 200
444870 200
444880 200
444930 200
444940 200
444990 200
445000 200
445020 200
445040 200
445050 200
445070 200
445110 200
445130 200
445140 200
445170 200
445190 200
445210 200
445220 200
445230 200
445310 200
445350 200
445420 200
445430 200
445550 200
445600 200
445670 200
445720 200
445750 200
445770 200
445800 200
445870 200
445950 200
445980 200
446000 200
446010 200
446020 200
446040 200
446050 200
446070 200
446100 200
446110 200
446120 200
446240 200
446250 200
446310 200
446330 200
446380 200
446390 200
446430 200
446440 200
446450 200
446460 200
446470 200
446480 200
446490 200
446510 200
446530 200
446540 200
446550 200
446590 200
446600 200
446610 200
446620 200
446640 200
446760 200
446770 200
446780 200
446790 200
446800 200
446810 200
446840 200
446850 200
446870 200
446910 200
446990 200
447000 200
447010 200
447020 200
447040 200
447100 200
447120 200
447150 200
447170 200
447180 200
447190 200
447200 200
447210 200
447240 200
447270 200
447290 200
447310 200
447330 200
447530 200
447540 200
447570 200
447690 200
447700 200
447780 200
447800 200
447820 200
447850 200
447860 200
447890 200
447920 200
447930 200
447940 200
447950 200
447960 200
447980 200
447990 200
448000 200
448010 200
448020 200
448050 200
448060 200
448070 200
448080 200
448090 200
448110 200
448140 200
448150 200
448160 200
448170 200
448230 200
448240 200
448280 200
448290 200
448300 200
448310 200
448320 200
448370 200
448380 200
448390 200
448400 200
448440 200
448470 200
448480 200
448500 200
448510 200
448530 200
448540 200
448550 200
448560 200
448570 200
448580 200
448610 200
448620 200
448630 200
448650 200
448670 200
448690 200
448710 200
448720 200
448730 200
448750 200
448780 200
448790 200
448800 200
448810 200
448820 200
448840 200
448850 200
448860 200
448880 200
448910 200
448930 200
448960 200
448980 200
448990 200
449000 200
449020 200
449040 200
449050 200
449060 200
449070 200
449090 200
449120 200
449140 200
449150 200
449160 200
449170 200
449180 200
449200 200
449210 200
449220 200
449240 200
449250 200
449300 200
449310 200
449320 200
449330 200
449340 200
449350 200
449420 200
449450 200
449460 200
449500 200
449510 200
449520 200
449530 200
449540 200
449550 200
449560 200
449610 200
449640 200
449680 200
449690 200
449700 200
449710 200
449730 200
449760 200
449770 200
449780 200
449800 200
449820 200
449940 200
449960 200
450020 200
450040 200
450050 200
450060 200
450110 200
450120 200
450140 200
450150 200
450170 200
450190 200
450220 200
450240 200
450250 200
450290 200
450390 200
450440 200
450500 200
450540 200
450570 200
450590 200
450600 200
450630 200
450650 200
450700 200
450740 200
450760 200
450850 200
450860 200
450950 200
451000 200
451010 200
451020 200
451060 200
451080 200
451100 200
451130 200
451140 200
451200 200
451210 200
451310 200
451330 200
451340 200
451350 200
451360 200
451400 200
451540 200
451570 200
451590 200
451600 200
451630 200
451640 200
451660 200
451670 200
451700 200
451760 200
451780 200
451790 200
451800 200
451840 200
451870 200
451880 200
451900 200
451920 200
451930 200
451940 200
451950 200
451960 200
451980 200
451990 200
452000 200
452060 200
452120 200
452180 200
452230 200
452240 200
452320 200
452340 200
452410 200
452420 200
452440 200
452450 200
452490 200
452510 200
452570 200
452650 200
452710 200
452860 200
452870 200
452920 200
452930 200
452970 200
453030 200
453090 200
453100 200
453130 200
453220 200
453270 200
453290 200
453300 200
453310 200
453320 200
453340 200
453350 200
453390 200
453470 200
453480 200
453510 200
453650 200
453660 200
453670 200
453690 200
453700 200
453710 200
453720 200
453730 200
453740 200
453750 200
453770 200
453780 200
453790 200
453810 200
453820 200
453830 200
453850 200
453860 200
453870 200
453880 200
453890 200
453900 200
453910 200
453950 200
453960 200
453980 200
453990 200
454000 200
454030 200
454060 200
454070 200
454100 200
454120 200
454130 200
454140 200
454160 200
454170 200
454180 200
454190 200
454200 200
454220 200
454230 200
454240 200
454250 200
454260 200
454320 200
454330 200
454350 200
454380 200
454390 200
454410 200
454420 200
454480 200
454520 200
454530 200
454540 200
454570 200
454580 200
454610 200
454630 200
454650 200
454670 200
454690 200
454700 200
454720 200
454730 200
454750 200
454770 200
454780 200
454830 200
454870 200
454890 200
454900 200
454950 200
454970 200
455020 200
455080 200
455100 200
455110 200
455120 200
455190 200
455200 200
455230 200
455300 200
455310 200
455400 200
455440 200
455490 200
455590 200
455640 200
455690 200
455710 200
455770 200
455820 200
455830 200
455910 200
455940 200
455960 200
455970 200
455980 200
455990 200
456090 200
456130 200
456140 200
456160 200
456170 200
456180 200
456390 200
456420 200
456430 200
456440 200
456540 200
456650 200
456660 200
456670 200
456690 200
456750 200
456760 200
456780 200
456810 200
456830 200
456920 200
457010 200
457130 200
457140 200
457210 200
457250 200
457260 200
457320 200
457340 200
457370 200
457380 200
457410 200
457420 200
457450 200
457480 200
457490 200
457520 200
457530 200
457550 200
457570 200
457580 200
457600 200
457650 200
457660 200
457680 200
457690 200
457710 200
457730 200
457760 200
457770 200
457810 200
457820 200
457860 200
457870 200
457890 200
457960 200
457980 200
458000 200
458030 200
458060 200
458110 200
458170 200
458180 200
458230 200
458290 200
458330 200
458370 200
458380 200
458420 200
458430 200
458450 200
458470 200
458480 200
458490 200
458500 200
458510 200
458520 200
458540 200
458560 200
458580 200
458590 200
458600 200
458630 200
458660 200
458700 200
458710 200
458730 200
458760 200
458770 200
458820 200
458830 200
458920 200
458970 200
458990 200
459010 200
459020 200
459040 200
459050 200
459080 200
459090 200
459130 200
459150 200
459160 200
459170 200
459220 200
459260 200
459310 200
459350 200
459370 200
459410 200
459470 200
459520 200
459540 200
459580 200
459610 200
459630 200
459640 200
459680 200
459730 200
459760 200
459770 200
459780 200
459820 200
459830 200
459840 200
459880 200
459900 200
459940 200
460060 200
460120 200
460140 200
460150 200
460160 200
460190 200
460210 200
460220 200
460230 200
460250 200
460340 200
460430 200
460510 200
460540 200
460560 200
460580 200
460630 200
460640 200
460650 200
460700 200
460730 200
460750 200
460780 200
460790 200
460810 200
460850 200
460910 200
460920 200
460930 200
460940 200
460950 200
460960 200
460970 200
460990 200
461010 200
461030 200
461040 200
461100 200
461170 200
461180 200
461190 200
461210 200
461220 200
461230 200
461280 200
461320 200
461340 200
461350 200
461360 200
461370 200
461380 200
461390 200
461400 200
461410 200
461430 200
461480 200
461500 200
461510 200
461520 200
461560 200
461580 200
461590 200
461600 200
461620 200
461640 200
461650 200
461700 200
461710 200
461730 200
461750 200
461760 200
461780 200
461810 200
461820 200
461830 200
461840 200
461850 200
461860 200
461870 200
461880 200
461890 200
461940 200
461950 200
461970 200
461990 200
462000 200
462070 200
462100 200
462110 200
462120 200
462130 200
462220 200
462240 200
462250 200
462380 200
462400 200
462420 200
462480 200
462520 200
462530 200
462570 200
462580 200
462590 200
462620 200
462630 200
462640 200
462670 200
462680 200
462700 200
462730 200
462770 200
462780 200
462830 200
462860 200
462910 200
462930 200
462940 200
462960 200
462990 200
463010 200
463020 200
463030 200
463060 200
463070 200
463100 200
463110 200
463120 200
463130 200
463140 200
463150 200
463160 200
463170 200
463180 200
463210 200
463220 200
463250 200
463270 200
463290 200
463320 200
463350 200
463390 200
463400 200
463410 200
463430 200
463440 200
463450 200
463460 200
463480 200
463510 200
463530 200
463540 200
463670 200
463710 200
463730 200
463760 200
463800 200
463830 200
463850 200
463860 200
463870 200
463880 200
463920 200
463930 200
463940 200
463980 200
464040 200
464050 200
464060 200
464070 200
464080 200
464100 200
464110 200
464150 200
464230 200
464240 200
464260 200
464340 200
464350 200
464360 200
464380 200
464400 200
464440 200
464450 200
464490 200
464500 200
464530 200
464540 200
464610 200
464620 200
464630 200
464650 200
464670 200
464690 200
464700 200
464740 200
464800 200
464850 200
464880 200
464900 200
464940 200
464950 200
464960 200
465000 200
465010 200
465020 200
465050 200
465060 200
465070 200
465090 200
465100 200
465130 200
465150 200
465170 200
465180 200
465190 200
465200 200
465240 200
465280 200
465310 200
465360 200
465440 200
465450 200
465490 200
465510 200
465520 200
465540 200
465660 200
465670 200
465720 200
465750 200
465760 200
465780 200
465840 200
465860 200
465870 200
465890 200
465900 200
465920 200
465930 200
465960 200
465970 200
465990 200
466000 200
466010 200
466020 200
466030 200
466040 200
466050 200
466060 200
466070 200
466080 200
466100 200
466110 200
466130 200
466160 200
466170 200
466210 200
466270 200
466280 200
466290 200
466300 200
466350 200
466420 200
466430 200
466450 200
466490 200
466500 200
466520 200
466560 200
466580 200
466630 200
466660 200
466720 200
466730 200
466740 200
466770 200
466780 200
466800 200
466810 200
466820 200
466840 200
466860 200
466870 200
466890 200
466900 200
466910 200
466920 200
466940 200
466980 200
467000 200
467090 200
467170 200
467210 200
467220 200
467270 200
467290 200
467310 200
467320 200
467330 200
467340 200
467350 200
467360 200
467370 200
467380 200
467390 200
467400 200
467440 200
467470 200
467480 200
467490 200
467520 200
467540 200
467650 200
467660 200
467680 200
467700 200
467710 200
467720 200
467740 200
467750 200
467760 200
467780 200
467790 200
467810 200
467820 200
467850 200
467900 200
467910 200
467930 200
467940 200
467950 200
467960 200
468050 200
468070 200
468080 200
468100 200
468110 200
468130 200
468150 200
468160 200
468170 200
468240 200
468310 200
468320 200
468330 200
468350 200
468490 200
468530 200
468560 200
468570 200
468650 200
468670 200
468700 200
468740 200
468780 200
468800 200
468820 200
468920 200
468930 200
469550 200
469600 200
469610 200
469710 200
469720 200
469730 200
469790 200
469800 200
469820 200
469890 200
469900 200
469920 200
469980 200
469990 200
470020 200
470040 200
470060 200
470090 200
470130 200
470140 200
470170 200
470210 200
470220 200
470260 200
470270 200
470280 200
470300 200
470310 200
470440 200
470450 200
470470 200
470480 200
470490 200
470580 200
470590 200
470740 200
470760 200
470780 200
470890 200
471010 200
471160 200
471170 200
471200 200
471220 200
471330 200
471380 200
471400 200
471550 200
471570 200
471630 200
471660 200
471700 200
471710 200
471720 200
471730 200
471770 200
471810 200
471920 200
472060 200
472420 200
472680 200
472720 200
472740 200
472770 200
472830 200
472870 200
473140 200
473450 200
473460 200
473470 200
473480 200
473510 200
473520 200
473530 200
473540 200
473550 200
473560 200
473610 200
473670 200
473690 200
473720 200
473750 200
473770 200
473810 200
473840 200
473910 200
473920 200
473930 200
473950 200
473970 200
474010 200
474020 200
474030 200
474040 200
474050 200
474210 200
474220 200
474240 200
474620 200
474730 200
474750 200
474810 200
474830 200
474880 200
474890 200
474910 200
474960 200
474980 200
475050 200
475070 200
475080 200
475090 200
475150 200
475190 200
475240 200
475490 200
475520 200
475530 200
475550 200
475620 200
475630 200
475960 200
476000 200
476020 200
476030 200
476240 200
476370 200
476410 200
476420 200
476430 200
476450 200
476460 200
476480 200
476490 200
476510 200
476530 200
476540 200
476600 200
476650 200
476670 200
476680 200
476700 200
476710 200
476920 200
477010 200
477120 200
477130 200
477140 200
477160 200
477170 200
477180 200
477190 200
477200 200
477290 200
477310 200
477720 200
477730 200
477740 200
477750 200
477770 200
477800 200
477850 200
477870 200
477900 200
477910 200
477950 200
478010 200
478210 200
478950 200
478980 200
479000 200
479040 200
479100 200
479110 200
479140 200
479150 200
479170 200
479180 200
479200 200
479310 200
479330 200
479990 200
480410 200
480430 200
480450 200
480480 200
480490 200
480500 200
480640 200
480650 200
480690 200
480770 200
480900 200
481110 200
481180 200
481190 200
481420 200
481510 200
481600 200
481870 200
481950 200
482210 200
482300 200
482330 200
482390 200
482400 200
482450 200
482460 200
482890 200
482920 200
482990 200
483420 200
483490 200
483680 200
483770 200
483820 200
483850 200
483960 200
483970 200
483980 200
484350 200
484390 200
484830 200
484870 200
484890 200
484900 200
484930 200
484950 200
485000 200
485030 200
485040 200
485080 200
485110 200
485130 200
485160 200
485230 200
485240 200
485260 200
485290 200
485310 200
485330 200
485340 200
485350 200
485360 200
485370 200
485380 200
485390 200
485400 200
485430 200
485440 200
485450 200
485460 200
485490 200
485500 200
485510 200
485560 200
485570 200
485600 200
485610 200
485620 200
485630 200
485640 200
485650 200
485660 200
485670 200
485680 200
485690 200
485730 200
485750 200
485760 200
485770 200
485790 200
485800 200
485820 200
485830 200
485850 200
485860 200
485870 200
485880 200
485890 200
485900 200
485920 200
485950 200
485970 200
485980 200
486020 200
486120 200
486130 200
486140 200
486150 200
486170 200
486180 200
486230 200
486290 200
486300 200
486310 200
486320 200
486350 200
486360 200
486370 200
486380 200
486390 200
486410 200
486430 200
486440 200
486460 200
486470 200
486480 200
486490 200
486500 200
486510 200
486550 200
486630 200
486640 200
486650 200
486660 200
486690 200
486720 200
486760 200
486780 200
486810 200
486850 200
486860 200
486890 200
486940 200
486990 200
487000 200
487020 200
487030 200
487040 200
487120 200
487160 200
487180 200
487220 200
487250 200
487330 200
487350 200
487370 200
487380 200
487430 200
487500 200
487530 200
487580 200
487590 200
487600 200
487630 200
487700 200
487720 200
487740 200
487770 200
488020 200
488080 200
488150 200
488160 200
488210 200
488220 200
488280 200
488310 200
488330 200
488360 200
488430 200
488440 200
488480 200
488500 200
488550 200
488580 200
488590 200
488660 200
488690 200
488730 200
488760 200
488770 200
488790 200
488860 200
488890 200
488910 200
488920 200
488950 200
488960 200
489000 200
489020 200
489050 200
489070 200
489080 200
489100 200
489110 200
489120 200
489140 200
489160 200
489170 200
489220 200
489240 200
489260 200
489360 200
489370 200
489380 200
489440 200
489470 200
489520 200
489560 200
489570 200
489580 200
489600 200
489610 200
489630 200
489660 200
489720 200
489730 200
489740 200
489760 200
489810 200
489830 200
489900 200
489930 200
489940 200
490040 200
490080 200
490100 200
490110 200
490160 200
490170 200
490220 200
490230 200
490250 200
490280 200
490300 200
490360 200
490370 200
490390 200
490430 200
490450 200
490510 200
490690 200
490820 200
490840 200
490860 200
490870 200
490880 200
490890 200
490910 200
490920 200
490930 200
490950 200
490980 200
490990 200
491000 200
491010 200
491020 200
491040 200
491060 200
491070 200
491090 200
491100 200
491110 200
491130 200
491160 200
491180 200
491210 200
491220 200
491240 200
491260 200
491280 200
491330 200
491350 200
491370 200
491390 200
491420 200
491440 200
491470 200
491510 200
491520 200
491530 200
491540 200
491560 200
491580 200
491620 200
491650 200
491660 200
491700 200
491710 200
491720 200
491790 200
491800 200
491830 200
491930 200
491950 200
492080 200
492090 200
492100 200
492150 200
492160 200
492170 200
492180 200
492200 200
492220 200
492230 200
492270 200
492280 200
492290 200
492370 200
492400 200
492410 200
492430 200
492490 200
492500 200
492530 200
492540 200
492560 200
492600 200
492610 200
492630 200
492710 200
492720 200
492840 200
492850 200
492860 200
492870 200
492880 200
493000 200
493040 200
493060 200
493080 200
493100 200
493110 200
493180 200
493200 200
493220 200
493290 200
493310 200
493320 200
493340 200
493380 200
493400 200
493410 200
493450 200
493460 200
493480 200
493490 200
493500 200
493520 200
493540 200
493580 200
493620 200
493650 200
493670 200
493700 200
493710 200
493720 200
493780 200
493790 200
493810 200
493820 200
493840 200
493900 200
493920 200
493980 200
494000 200
494020 200
494040 200
494050 200
494090 200
494100 200
494120 200
494150 200
494170 200
494220 200
494230 200
494240 200
494250 200
494290 200
494310 200
494350 200
494360 200
494380 200
494430 200
494440 200
494450 200
494460 200
494470 200
494490 200
494530 200
494580 200
494600 200
494670 200
494700 200
494720 200
494730 200
494740 200
494780 200
494790 200
494810 200
494820 200
494830 200
494840 200
494850 200
494960 200
494970 200
494980 200
494990 200
495010 200
495030 200
495050 200
495090 200
495110 200
495140 200
495200 200
495230 200
495280 200
495290 200
495300 200
495320 200
495350 200
495390 200
495420 200
495520 200
495540 200
495550 200
495560 200
495580 200
495600 200
495680 200
495700 200
495720 200
495730 200
495750 200
495760 200
495780 200
495820 200
495830 200
495890 200
495900 200
495910 200
495960 200
495980 200
495990 200
496000 200
496030 200
496040 200
496070 200
496080 200
496120 200
496160 200
496170 200
496180 200
496190 200
496230 200
496240 200
496250 200
496260 200
496290 200
496300 200
496310 200
496320 200
496340 200
496350 200
496360 200
496380 200
496390 200
496400 200
496460 200
496520 200
496530 200
496540 200
496550 200
496570 200
496590 200
496610 200
496620 200
496630 200
496640 200
496650 200
496660 200
496670 200
496680 200
496690 200
496730 200
496740 200
496750 200
496760 200
496790 200
496810 200
496820 200
496850 200
496890 200
496930 200
496940 200
496950 200
496960 200
496980 200
496990 200
497000 200
497020 200
497040 200
497050 200
497060 200
497080 200
497090 200
497100 200
497120 200
497180 200
497190 200
497260 200
497280 200
497300 200
497320 200
497360 200
497380 200
497400 200
497420 200
497430 200
497450 200
497460 200
497470 200
497480 200
497490 200
497510 200
497580 200
497590 200
497640 200
497670 200
497680 200
497700 200
497710 200
497720 200
497730 200
497780 200
497790 200
497800 200
497820 200
497850 200
497860 200
497870 200
497880 200
497940 200
497950 200
498000 200
498030 200
498040 200
498050 200
498190 200
498240 200
498280 200
498320 200
498330 200
498340 200
498360 200
498370 200
498380 200
498450 200
498460 200
498470 200
498500 200
498510 200
498570 200
498580 200
498600 200
498620 200
498630 200
498660 200
498680 200
498700 200
498720 200
498740 200
498830 200
498850 200
498940 200
498980 200
498990 200
499100 200
499110 200
499120 200
499140 200
499170 200
499180 200
499210 200
499230 200
499330 200
499340 200
499370 200
499400 200
499420 200
499440 200
499460 200
499520 200
499540 200
499560 200
499580 200
499610 200
499620 200
499660 200
499760 200
499890 200
499900 200
499910 200
499940 200
499950 200
500090 200
500110 200
500120 200
500140 200
500150 200
500170 200
500180 200
500190 200
500220 200
500260 200
500320 200
500340 200
500350 200
500360 200
500380 200
500420 200
500440 200
500480 200
500550 200
500570 200
500580 200
500590 200
500660 200
500670 200
500680 200
500690 200
500710 200
500740 200
500750 200
500760 200
500790 200
500800 200
500810 200
500870 200
500880 200
500920 200
500940 200
500980 200
501020 200
501030 200
501050 200
501060 200
501080 200
501090 200
501110 200
501120 200
501180 200
501190 200
501220 200
501270 200
501300 200
501310 200
501320 200
501350 200
501380 200
501400 200
501410 200
501420 200
501440 200
501450 200
501470 200
501480 200
501500 200
501530 200
501590 200
501760 200
501790 200
501840 200
501850 200
501860 200
501930 200
501940 200
501950 200
501970 200
501990 200
502050 200
502070 200
502090 200
502100 200
502120 200
502130 200
502140 200
502150 200
502200 200
502210 200
502230 200
502240 200
502250 200
502280 200
502300 200
502320 200
502350 200
502370 200
502380 200
502400 200
502410 200
502420 200
502430 200
502440 200
502450 200
502460 200
502470 200
502500 200
502520 200
502530 200
502540 200
502550 200
502600 200
502650 200
502700 200
502710 200
502720 200
502730 200
502740 200
502750 200
502770 200
502780 200
502800 200
502810 200
502820 200
502880 200
502910 200
502920 200
502940 200
502990 200
503010 200
503050 200
503060 200
503070 200
503080 200
503090 200
503100 200
503130 200
503140 200
503150 200
503160 200
503180 200
503210 200
503240 200
503280 200
503290 200
503340 200
503350 200
503370 200
503390 200
503400 200
503450 200
503460 200
503480 200
503490 200
503550 200
503560 200
503580 200
503620 200
503630 200
503650 200
503680 200
503690 200
503700 200
503710 200
503730 200
503750 200
503770 200
503780 200
503820 200
503830 200
503860 200
503900 200
503940 200
503950 200
503960 200
503980 200
504000 200
504030 200
504090 200
504100 200
504110 200
504130 200
504210 200
504230 200
504260 200
504280 200
504300 200
504310 200
504370 200
504380 200
504390 200
504400 200
504410 200
504420 200
504430 200
504450 200
504460 200
504470 200
504490 200
504500 200
504560 200
504610 200
504620 200
504630 200
504660 200
504690 200
504700 200
504750 200
504770 200
504800 200
504840 200
504850 200
504880 200
504920 200
504980 200
505060 200
505070 200
505080 200
505090 200
505110 200
505170 200
505210 200
505230 200
505270 200
505290 200
505330 200
505400 200
505460 200
505630 200
505640 200
505660 200
505680 200
505730 200
505740 200
505750 200
506090 200
506110 200
506150 200
506260 200
506280 200
506470 200
506480 200
506500 200
506510 200
506550 200
506590 200
506610 200
506640 200
506700 200
506710 200
506730 200
506760 200
506830 200
506840 200
506870 200
506900 200
506930 200
506960 200
506980 200
507010 200
507030 200
507050 200
507060 200
507080 200
507120 200
507140 200
507210 200
507270 200
507340 200
507380 200
507390 200
507400 200
507440 200
507490 200
507500 200
507520 200
508170 200
508180 200
508200 200
508230 200
508250 200
508260 200
508290 200
508300 200
508330 200
508350 200
508390 200
508410 200
508440 200
508460 200
508520 200
508530 200
508540 200
508550 200
508580 200
508600 200
508610 200
508620 200
508630 200
508650 200
508660 200
508680 200
508710 200
508720 200
508730 200
508740 200
508760 200
508790 200
508820 200
508840 200
508890 200
508900 200
508910 200
508930 200
508940 200
508950 200
508980 200
508990 200
509070 200
509110 200
509130 200
509140 200
509160 200
509170 200
509190 200
509210 200
509220 200
509230 200
509250 200
509260 200
509290 200
509310 200
509340 200
509360 200
509380 200
509390 200
509400 200
509440 200
509450 200
509530 200
509540 200
509560 200
509570 200
509580 200
509600 200
509610 200
509620 200
509770 200
509780 200
509800 200
509820 200
509830 200
509850 200
509860 200
509880 200
509910 200
509920 200
509930 200
509950 200
509960 200
509980 200
510000 200
510040 200
510050 200
510060 200
510070 200
510080 200
510110 200
510130 200
510180 200
510240 200
510250 200
510280 200
510290 200
510320 200
510360 200
510370 200
510380 200
510390 200
510410 200
510420 200
510430 200
510490 200
510500 200
510520 200
510540 200
510550 200
510570 200
510590 200
510620 200
510650 200
510660 200
510680 200
510700 200
510710 200
510730 200
510740 200
510750 200
510770 200
510780 200
510790 200
510840 200
510850 200
510910 200
510930 200
510960 200
510990 200
511010 200
511070 200
511090 200
511110 200
511120 200
511140 200
511160 200
511190 200
511230 200
511250 200
511270 200
511280 200
511320 200
511330 200
511350 200
511380 200
511390 200
511420 200
511430 200
511460 200
511470 200
511490 200
511500 200
511540 200
511560 200
511570 200
511600 200
511610 200
511630 200
511660 200
511680 200
511690 200
511700 200
511730 200
511740 200
511790 200
511800 200
511810 200
511820 200
511830 200
511920 200
511960 200
512000 200
512020 200
512060 200
512070 200
512080 200
512090 200
512110 200
512120 200
512150 200
512160 200
512170 200
512180 200
512220 200
512230 200
512240 200
512250 200
512260 200
512270 200
512300 200
512370 200
512410 200
512420 200
512430 200
512460 200
512470 200
512490 200
512550 200
512560 200
512640 200
512680 200
512700 200
512720 200
512740 200
512750 200
512770 200
512790 200
512830 200
512890 200
512900 200
512920 200
513000 200
513060 200
513160 200
513170 200
513210 200
513230 200
513240 200
513250 200
513260 200
513270 200
513290 200
513310 200
513320 200
513330 200
513340 200
513360 200
513370 200
513420 200
513450 200
513460 200
513480 200
513490 200
513510 200
513550 200
513560 200
513570 200
513580 200
513590 200
513600 200
513610 200
513620 200
513660 200
513690 200
513710 200
513720 200
513740 200
513770 200
513780 200
513790 200
513810 200
513820 200
513840 200
513860 200
513880 200
513890 200
513910 200
513920 200
513930 200
513960 200
513980 200
513990 200
514010 200
514050 200
514080 200
514090 200
514130 200
514140 200
514150 200
514160 200
514170 200
514180 200
514200 200
514220 200
514240 200
514290 200
514310 200
514340 200
514350 200
514360 200
514370 200
514390 200
514400 200
514410 200
514460 200
514470 200
514480 200
514490 200
514510 200
514520 200
514530 200
514570 200
514580 200
514620 200
514640 200
514650 200
514660 200
514670 200
514700 200
514720 200
514730 200
514740 200
514750 200
514760 200
514770 200
514780 200
514810 200
514820 200
514830 200
514890 200
514900 200
514920 200
514930 200
514990 200
515000 200
515010 200
515020 200
515040 200
515060 200
515180 200
515200 200
515230 200
515260 200
515470 200
515570 200
515650 200
515690 200
515700 200
515890 200
515900 200
515910 200
515960 200
516000 200
516010 200
516030 200
516040 200
516110 200
516120 200
516130 200
516250 200
516360 200
516430 200
516440 200
516460 200
516470 200
516480 200
516500 200
516520 200
516550 200
516560 200
516570 200
516580 200
516590 200
516600 200
516610 200
516640 200
516650 200
516680 200
516740 200
516750 200
516790 200
516810 200
516820 200
516830 200
516840 200
516870 200
516890 200
516900 200
516920 200
516940 200
516960 200
517000 200
517010 200
517060 200
517130 200
517160 200
517190 200
517210 200
517220 200
517230 200
517240 200
517270 200
517280 200
517300 200
517320 200
517330 200
517340 200
517350 200
517360 200
517370 200
517400 200
517460 200
517470 200
517480 200
517500 200
517510 200
517550 200
517620 200
517630 200
517660 200
517670 200
517680 200
517710 200
517720 200
517770 200
517780 200
517790 200
517810 200
517910 200
517930 200
517960 200
517970 200
517990 200
518000 200
518030 200
518040 200
518060 200
518110 200
518120 200
518130 200
518140 200
518150 200
518190 200
518280 200
518580 200
518610 200
518620 200
518640 200
518650 200
518660 200
518670 200
518680 200
518730 200
518740 200
518790 200
518800 200
518920 200
519020 200
519030 200
519080 200
519140 200
519160 200
519170 200
519180 200
519190 200
519200 200
519490 200
519540 200
519550 200
519860 200
519870 200
519890 200
519940 200
519980 200
519990 200
520010 200
520080 200
520120 200
520150 200
520230 200
520250 200
520270 200
520290 200
520300 200
520330 200
520370 200
520380 200
520410 200
520440 200
520470 200
520510 200
520520 200
520540 200
520590 200
520600 200
520610 200
520660 200
520670 200
520680 200
520720 200
520750 200
520810 200
520850 200
520860 200
520910 200
520930 200
520940 200
520950 200
520990 200
521000 200
521090 200
521100 200
521110 200
521130 200
521140 200
521150 200
521200 200
521210 200
521230 200
521250 200
521280 200
521300 200
521320 200
521330 200
521340 200
521350 200
521380 200
521390 200
521430 200
521470 200
521500 200
521510 200
521540 200
521560 200
521570 200
521580 200
521590 200
521620 200
521630 200
521650 200
521660 200
521670 200
521680 200
521690 200
521700 200
521710 200
521720 200
521730 200
521740 200
521750 200
521760 200
521790 200
521800 200
521860 200
521890 200
521920 200
521950 200
521980 200
521990 200
522000 200
522010 200
522020 200
522040 200
522070 200
522080 200
522090 200
522130 200
522200 200
522210 200
522220 200
522230 200
522240 200
522250 200
522290 200
522300 200
522340 200
522470 200
522490 200
522530 200
522570 200
522590 200
522610 200
522660 200
522690 200
522700 200
522710 200
522730 200
522740 200
522880 200
522890 200
522900 200
522940 200
522950 200
522960 200
522990 200
523000 200
523030 200
523060 200
523070 200
523080 200
523090 200
523150 200
523160 200
523170 200
523180 200
523440 200
523570 200
523610 200
523630 200
523640 200
523650 200
523660 200
523670 200
523680 200
523710 200
523720 200
523730 200
523740 200
523750 200
523760 200
523770 200
523780 200
523860 200
523870 200
523880 200
523890 200
523900 200
523940 200
523960 200
523970 200
524010 200
524030 200
524050 200
524060 200
524120 200
524200 200
524220 200
524240 200
524250 200
524350 200
524380 200
524430 200
524520 200
524540 200
524560 200
524580 200
524600 200
524610 200
524640 200
524650 200
524690 200
524850 200
524910 200
524940 200
525040 200
525050 200
525070 200
525080 200
525150 200
525190 200
525210 200
525240 200
525300 200
525330 200
525350 200
525360 200
525370 200
525380 200
525450 200
525460 200
525480 200
525500 200
525510 200
525540 200
525590 200
525600 200
525620 200
525640 200
525680 200
525690 200
525700 200
525740 200
525760 200
525780 200
525870 200
525910 200
525920 200
525950 200
526090 200
526130 200
526140 200
526160 200
526180 200
526240 200
526290 200
526310 200
526400 200
526430 200
526450 200
526470 200
526490 200
526510 200
526540 200
526550 200
526590 200
526720 200
526730 200
526740 200
526750 200
526780 200
526790 200
526800 200
526870 200
526880 200
526890 200
526960 200
526980 200
527040 200
527110 200
527150 200
527160 200
527190 200
527210 200
527230 200
527240 200
527250 200
527260 200
527280 200
527290 200
527310 200
527320 200
527330 200
527340 200
527360 200
527380 200
527420 200
527430 200
527450 200
527470 200
527510 200
527520 200
527560 200
527580 200
527700 200
527710 200
527740 200
527750 200
527760 200
527770 200
527790 200
527800 200
527810 200
527820 200
527880 200
527890 200
527900 200
527910 200
527920 200
527930 200
527940 200
527950 200
527960 200
527970 200
527990 200
528010 200
528020 200
528060 200
528070 200
528110 200
528120 200
528160 200
528180 200
528190 200
528230 200
528250 200
528260 200
528270 200
528300 200
528420 200
528430 200
528450 200
528460 200
528510 200
528550 200
528580 200
528610 200
528640 200
528660 200
528670 200
528720 200
528730 200
528740 200
528770 200
528820 200
528860 200
528900 200
528910 200
528930 200
528940 200
528950 200
528970 200
528980 200
528990 200
529020 200
529040 200
529060 200
529090 200
529100 200
529110 200
529130 200
529140 200
529150 200
529160 200
529180 200
529240 200
529260 200
529280 200
529340 200
529360 200
529410 200
529420 200
529440 200
529450 200
529490 200
529500 200
529520 200
529580 200
529590 200
529610 200
529630 200
529640 200
529660 200
529670 200
529700 200
529760 200
529770 200
529780 200
529790 200
529820 200
529860 200
529870 200
529890 200
529900 200
529910 200
529920 200
529940 200
529950 200
529970 200
530010 200
530020 200
530040 200
530070 200
530080 200
530110 200
530120 200
530130 200
530160 200
530240 200
530290 200
530300 200
530320 200
530330 200
530340 200
530360 200
530370 200
530390 200
530470 200
530500 200
530510 200
530520 200
530530 200
530540 200
530630 200
530650 200
530720 200
530820 200
530830 200
530860 200
530890 200
530920 200
530930 200
530950 200
530960 200
531050 200
531070 200
531080 200
531100 200
531110 200
531140 200
531180 200
531190 200
531200 200
531240 200
531270 200
531480 200
531510 200
531520 200
531540 200
531630 200
531640 200
531660 200
531680 200
531730 200
531740 200
531780 200
531860 200
531890 200
531910 200
531920 200
531930 200
531960 200
531990 200
532030 200
532070 200
532080 200
532110 200
532120 200
532170 200
532190 200
532210 200
532260 200
532270 200
532290 200
532320 200
532470 200
532600 200
532660 200
532670 200
532690 200
532700 200
532740 200
532750 200
532770 200
532790 200
532800 200
532840 200
532890 200
532900 200
532920 200
532980 200
533010 200
533030 200
533040 200
533050 200
533060 200
533070 200
533080 200
533090 200
533170 200
533180 200
533260 200
533280 200
533300 200
533330 200
533340 200
533360 200
533470 200
533480 200
533540 200
533580 200
533610 200
533630 200
533660 200
533700 200
533740 200
533770 200
533780 200
533800 200
533820 200
533850 200
533860 200
533890 200
533920 200
533950 200
533960 200
534000 200
534010 200
534120 200
534190 200
534200 200
534210 200
534220 200
534230 200
534240 200
534250 200
534270 200
534290 200
534320 200
534350 200
534370 200
534380 200
534440 200
534460 200
534480 200
534550 200
534560 200
534570 200
534660 200
534680 200
534720 200
534780 200
534870 200
534880 200
534910 200
534920 200
534980 200
535000 200
535150 200
535170 200
535190 200
535240 200
535260 200
535270 200
535280 200
535330 200
535350 200
535380 200
535410 200
535440 200
535460 200
535480 200
535490 200
535520 200
535530 200
535630 200
535650 200
535680 200
535690 200
535700 200
535750 200
535760 200
535840 200
535890 200
535910 200
535930 200
535980 200
536040 200
536050 200
536210 200
536220 200
536230 200
536270 200
536280 200
536320 200
536360 200
536370 200
536410 200
536420 200
536430 200
536450 200
536460 200
536470 200
536490 200
536510 200
536530 200
536560 200
536630 200
536640 200
536660 200
536680 200
536690 200
536750 200
536770 200
536780 200
536800 200
536890 200
536920 200
536950 200
536960 200
536990 200
537000 200
537020 200
537050 200
537060 200
537110 200
537130 200
537140 200
537170 200
537200 200
537340 200
537380 200
537430 200
537450 200
537520 200
537540 200
537590 200
537630 200
537660 200
537680 200
537700 200
537750 200
537760 200
537800 200
537920 200
537990 200
538000 200
538030 200
538040 200
538050 200
538060 200
538070 200
538100 200
538110 200
538170 200
538220 200
538330 200
538390 200
538410 200
538470 200
538490 200
538550 200
538560 200
538590 200
538680 200
538700 200
538710 200
538790 200
538810 200
538840 200
538880 200
538900 200
538920 200
538950 200
538990 200
539050 200
539090 200
539270 200
539280 200
539290 200
539300 200
539320 200
539330 200
539340 200
539370 200
539400 200
539440 200
539450 200
539460 200
539470 200
539550 200
539560 200
539660 200
539670 200
539690 200
539720 200
539750 200
539980 200
540010 200
540020 200
540060 200
540100 200
540150 200
540180 200
540190 200
540230 200
540250 200
540320 200
540360 200
540410 200
540500 200
540510 200
540550 200
540590 200
540610 200
540640 200
540650 200
540660 200
540690 200
540740 200
540770 200
540780 200
540840 200
540860 200
540870 200
540880 200
540900 200
541150 200
541160 200
541190 200
541200 200
541210 200
541230 200
541240 200
541300 200
541310 200
541350 200
541370 200
541380 200
541410 200
541420 200
541450 200
541560 200
541570 200
541640 200
541660 200
541670 200
541720 200
541760 200
541770 200
541910 200
541920 200
541930 200
541970 200
542030 200
542050 200
542100 200
542110 200
542120 200
542200 200
542210 200
542220 200
542240 200
542260 200
542270 200
542280 200
542290 200
542310 200
542340 200
542350 200
542400 200
542410 200
542480 200
542520 200
542550 200
542570 200
542590 200
542620 200
542650 200
542660 200
542670 200
542680 200
542690 200
542710 200
542720 200
542730 200
542740 200
542750 200
542770 200
542780 200
542790 200
542820 200
542850 200
542870 200
542880 200
542910 200
542930 200
542940 200
542960 200
543010 200
543030 200
543040 200
543050 200
543070 200
543100 200
543110 200
543120 200
543140 200
543150 200
543160 200
543170 200
543180 200
543240 200
543260 200
543270 200
543290 200
543300 200
543350 200
543380 200
543390 200
543410 200
543430 200
543440 200
543460 200
543480 200
543530 200
543540 200
543580 200
543600 200
543710 200
543720 200
543740 200
543870 200
543900 200
543910 200
543920 200
543930 200
543940 200
543950 200
543980 200
544000 200
544130 200
544140 200
544180 200
544220 200
544300 200
544310 200
544330 200
544360 200
544370 200
544380 200
544390 200
544400 200
544410 200
544440 200
544470 200
544480 200
544520 200
544530 200
544540 200
544550 200
544580 200
544590 200
544600 200
544630 200
544650 200
544680 200
544690 200
544710 200
544730 200
544750 200
544790 200
544800 200
544810 200
544820 200
544840 200
544870 200
544920 200
544970 200
544990 200
545000 200
545010 200
545030 200
545040 200
545050 200
545060 200
545130 200
545150 200
545180 200
545200 200
545330 200
545340 200
545400 200
545410 200
545430 200
545450 200
545470 200
545490 200
545540 200
545550 200
545570 200
545580 200
545590 200
545600 200
545620 200
545640 200
545660 200
545670 200
545690 200
545700 200
545720 200
545750 200
545800 200
545820 200
545830 200
545840 200
545850 200
545860 200
545880 200
545890 200
545910 200
545920 200
545930 200
545940 200
545960 200
545980 200
546030 200
546040 200
546050 200
546070 200
546080 200
546090 200
546100 200
546110 200
546120 200
546150 200
546160 200
546170 200
546180 200
546200 200
546210 200
546220 200
546230 200
546240 200
546330 200
546340 200
546350 200
546390 200
546400 200
546410 200
546430 200
546440 200
546460 200
546490 200
546500 200
546550 200
546560 200
546600 200
546610 200
546650 200
546660 200
546670 200
546700 200
546780 200
546790 200
546800 200
546820 200
546870 200
546900 200
546930 200
546940 200
546960 200
546980 200
546990 200
547000 200
547040 200
547050 200
547090 200
547130 200
547140 200
547150 200
547160 200
547200 200
547210 200
547250 200
547260 200
547310 200
547340 200
547360 200
547370 200
547390 200
547440 200
547480 200
547520 200
547540 200
547590 200
547670 200
547680 200
547710 200
547730 200
547740 200
547750 200
547820 200
547840 200
547850 200
547870 200
547880 200
547900 200
547910 200
547920 200
547930 200
547960 200
547970 200
547980 200
547990 200
548020 200
548050 200
548080 200
548090 200
548110 200
548130 200
548170 200
548220 200
548230 200
548240 200
548260 200
548280 200
548320 200
548330 200
548340 200
548360 200
548370 200
548390 200
548430 200
548470 200
548480 200
548500 200
548560 200
548570 200
548650 200
548680 200
548710 200
548720 200
548740 200
548790 200
548810 200
548840 200
548860 200
548890 200
548900 200
549000 200
549030 200
549040 200
549080 200
549090 200
549100 200
549160 200
549170 200
549180 200
549190 200
549220 200
549240 200
549260 200
549280 200
549390 200
549400 200
549660 200
549670 200
549700 200
549740 200
549760 200
549770 200
549780 200
549790 200
549850 200
549860 200
549880 200
549900 200
549910 200
549920 200
549950 200
549990 200
550010 200
550080 200
550160 200
550170 200
550180 200
550200 200
550220 200
550240 200
550310 200
550320 200
550340 200
550360 200
550370 200
550390 200
550400 200
550420 200
550440 200
550450 200
550470 200
550520 200
550560 200
550580 200
550590 200
550600 200
550650 200
550670 200
550740 200
550810 200
550820 200
550830 200
550840 200
550870 200
550930 200
550990 200
551050 200
551060 200
551080 200
551100 200
551110 200
551130 200
551150 200
551160 200
551170 200
551190 200
551320 200
551330 200
551360 200
551380 200
551440 200
551450 200
551500 200
551520 200
551550 200
551570 200
551580 200
551610 200
551620 200
551630 200
551650 200
551700 200
551710 200
551730 200
551750 200
551770 200
551840 200
551860 200
551930 200
552000 200
552030 200
552060 200
552080 200
552100 200
552110 200
552120 200
552130 200
552140 200
552150 200
552160 200
552180 200
552200 200
552210 200
552220 200
552230 200
552240 200
552270 200
552280 200
552300 200
552310 200
552330 200
552340 200
552350 200
552380 200
552390 200
552400 200
552410 200
552440 200
552450 200
552460 200
552480 200
552500 200
552520 200
552540 200
552550 200
552570 200
552580 200
552590 200
552610 200
552620 200
552630 200
552670 200
552690 200
552700 200
552720 200
552780 200
552800 200
552870 200
552880 200
552900 200
552910 200
552940 200
552960 200
552970 200
552990 200
553000 200
553020 200
553050 200
553100 200
553110 200
553130 200
553150 200
553260 200
553290 200
553310 200
553320 200
553330 200
553340 200
553350 200
553410 200
553420 200
553430 200
553440 200
553450 200
553470 200
553480 200
553490 200
553520 200
553530 200
553540 200
553570 200
553590 200
553610 200
553630 200
553640 200
553680 200
553690 200
553760 200
553780 200
553790 200
553800 200
553820 200
553830 200
553850 200
553910 200
553940 200
553950 200
553960 200
554140 200
554150 200
554180 200
554220 200
554280 200
554290 200
554310 200
554330 200
554470 200
554530 200
554560 200
554570 200
554590 200
554600 200
554610 200
554620 200
554640 200
554660 200
554680 200
554690 200
554700 200
554710 200
554720 200
554750 200
554770 200
554800 200
554810 200
554870 200
554920 200
554980 200
555000 200
555010 200
555040 200
555050 200
555060 200
555080 200
555090 200
555130 200
555150 200
555160 200
555170 200
555180 200
555210 200
555220 200
555230 200
555260 200
555280 200
555290 200
555310 200
555320 200
555370 200
555400 200
555410 200
555450 200
555510 200
555520 200
555570 200
555580 200
555600 200
555610 200
555630 200
555640 200
555650 200
555660 200
555670 200
555710 200
555720 200
555730 200
555750 200
555820 200
555830 200
555850 200
555880 200
555890 200
555920 200
555930 200
555950 200
555970 200
556000 200
556050 200
556060 200
556090 200
556130 200
556140 200
556160 200
556180 200
556190 200
556200 200
556230 200
556240 200
556250 200
556260 200
556280 200
556300 200
556310 200
556340 200
556490 200
556520 200
556530 200
556540 200
556640 200
556680 200
556700 200
556710 200
556720 200
556740 200
556770 200
556780 200
556830 200
556840 200
556860 200
556870 200
556890 200
556920 200
556960 200
556990 200
557030 200
557040 200
557180 200
557190 200
557260 200
557320 200
557330 200
557340 200
557400 200
557410 200
557420 200
557460 200
557520 200
557570 200
557580 200
557600 200
557630 200
557670 200
557680 200
557700 200
557720 200
557730 200
557750 200
557760 200
557770 200
557790 200
557810 200
557830 200
557850 200
557860 200
557880 200
557890 200
557900 200
557940 200
557950 200
557960 200
557970 200
558010 200
558050 200
558060 200
558100 200
558110 200
558230 200
558260 200
558340 200
558410 200
558420 200
558440 200
558450 200
558490 200
558650 200
558660 200
558670 200
558680 200
558720 200
558740 200
558780 200
558790 200
558850 200
558870 200
558990 200
559010 200
559030 200
559070 200
559100 200
559130 200
559140 200
559150 200
559170 200
559210 200
559250 200
559260 200
559280 200
559300 200
559310 200
559330 200
559350 200
559360 200
559450 200
559610 200
559630 200
559640 200
559650 200
559680 200
559850 200
559870 200
559900 200
559910 200
559920 200
559930 200
559960 200
560000 200
560050 200
560080 200
560130 200
560170 200
560180 200
560200 200
560220 200
560230 200
560250 200
560260 200
560300 200
560340 200
560350 200
560370 200
560430 200
560550 200
560570 200
560600 200
560640 200
560660 200
560720 200
560730 200
560740 200
560750 200
560760 200
560770 200
560790 200
560820 200
560840 200
560870 200
560930 200
560960 200
560970 200
561000 200
561010 200
561080 200
561190 200
561230 200
561260 200
561340 200
561360 200
561420 200
561440 200
561450 200
561480 200
561510 200
561590 200
561600 200
561610 200
561660 200
561680 200
561690 200
561740 200
561770 200
561930 200
561970 200
562010 200
562050 200
562090 200
562160 200
562210 200
562220 200
562230 200
562240 200
562250 200
562260 200
562270 200
562280 200
562290 200
562310 200
562320 200
562330 200
562340 200
562350 200
562360 200
562410 200
562420 200
562430 200
562450 200
562460 200
562470 200
562480 200
562490 200
562500 200
562520 200
562530 200
562540 200
562560 200
562570 200
562600 200
562620 200
562640 200
562660 200
562680 200
562700 200
562730 200
562740 200
562750 200
562770 200
562860 200
563120 200
563130 200
563150 200
563160 200
563170 200
563180 200
563190 200
563200 200
563250 200
563260 200
563270 200
563320 200
563330 200
563340 200
563360 200
563370 200
563380 200
563390 200
563400 200
563410 200
563420 200
563430 200
563470 200
563490 200
563500 200
563520 200
563530 200
563550 200
563560 200
563600 200
563610 200
563680 200
563690 200
563710 200
563730 200
563740 200
563750 200
563760 200
563810 200
563830 200
563840 200
563910 200
564010 200
564040 200
564050 200
564080 200
564090 200
564100 200
564140 200
564150 200
564160 200
564210 200
564230 200
564280 200
564310 200
564330 200
564340 200
564420 200
564450 200
564470 200
564480 200
564530 200
564700 200
564710 200
564720 200
564810 200
564900 200
564920 200
564940 200
564950 200
564960 200
564980 200
565020 200
565030 200
565080 200
565110 200
565120 200
565140 200
565170 200
565180 200
565190 200
565200 200
565330 200
565380 200
565390 200
565490 200
565540 200
565550 200
565600 200
565640 200
565650 200
565660 200
565670 200
565690 200
565720 200
565730 200
565760 200
565860 200
565910 200
565980 200
566050 200
566140 200
566150 200
566160 200
566170 200
566180 200
566190 200
566200 200
566250 200
566270 200
566320 200
566350 200
566380 200
566410 200
566420 200
566430 200
566440 200
566490 200
566530 200
566540 200
566550 200
566560 200
566570 200
566580 200
566600 200
566640 200
566670 200
566690 200
566700 200
566730 200
566750 200
566780 200
566800 200
566810 200
566860 200
566870 200
566880 200
566900 200
566910 200
566930 200
566940 200
566970 200
567010 200
567020 200
567030 200
567040 200
567060 200
567080 200
567130 200
567140 200
567150 200
567160 200
567200 200
567210 200
567240 200
567280 200
567290 200
567320 200
567340 200
567370 200
567380 200
567430 200
567480 200
567580 200
567590 200
567620 200
567630 200
567640 200
567660 200
567670 200
567680 200
567700 200
567750 200
567780 200
567800 200
567840 200
567860 200
567890 200
567980 200
568020 200
568030 200
568040 200
568060 200
568070 200
568090 200
568130 200
568160 200
568200 200
568220 200
568240 200
568300 200
568310 200
568320 200
568330 200
568370 200
568400 200
568420 200
568460 200
568470 200
568480 200
568490 200
568500 200
568560 200
568570 200
568610 200
568670 200
568690 200
568720 200
568740 200
568750 200
568770 200
568780 200
568800 200
568830 200
568840 200
568860 200
568910 200
568920 200
568930 200
569010 200
569050 200
569130 200
569140 200
569150 200
569200 200
569210 200
569220 200
569270 200
569290 200
569340 200
569350 200
569360 200
569370 200
569380 200
569390 200
569420 200
569430 200
569480 200
569500 200
569510 200
569520 200
569530 200
569570 200
569610 200
569630 200
569640 200
569720 200
569770 200
569800 200
569810 200
569860 200
569870 200
569890 200
569900 200
569940 200
569970 200
570000 200
570050 200
570060 200
570110 200
570230 200
570340 200
570420 200
570470 200
570490 200
570500 200
570540 200
570580 200
570590 200
570600 200
570680 200
570690 200
570710 200
570770 200
570780 200
570790 200
570810 200
570820 200
570840 200
570850 200
570860 200
570890 200
570900 200
570940 200
570950 200
570970 200
570980 200
571020 200
571050 200
571060 200
571080 200
571100 200
571180 200
571230 200
571260 200
571310 200
571330 200
571350 200
571430 200
571500 200
571520 200
571530 200
571550 200
571630 200
571660 200
571680 200
571720 200
571740 200
571860 200
571870 200
571880 200
572000 200
572010 200
572020 200
572040 200
572050 200
572130 200
572160 200
572170 200
572180 200
572220 200
572240 200
572290 200
572330 200
572410 200
572430 200
572480 200
572510 200
572520 200
572570 200
572580 200
572620 200
572630 200
572640 200
572660 200
572700 200
572710 200
572720 200
572730 200
572740 200
572760 200
572890 200
572980 200
573040 200
573050 200
573060 200
573070 200
573080 200
573090 200
573100 200
573110 200
573120 200
573130 200
573170 200
573210 200
573260 200
573270 200
573280 200
573300 200
573320 200
573330 200
573340 200
573360 200
573370 200
573410 200
573460 200
573490 200
573520 200
573530 200
573550 200
573600 200
573610 200
573650 200
573660 200
573670 200
573690 200
573700 200
573710 200
573720 200
573730 200
573740 200
573750 200
573760 200
573770 200
573780 200
573790 200
573800 200
574010 200
574030 200
574040 200
574050 200
574070 200
574080 200
574090 200
574120 200
574140 200
574150 200
574160 200
574170 200
574180 200
574190 200
574200 200
574220 200
574260 200
574270 200
574310 200
574410 200
574420 200
574440 200
574500 200
574520 200
574530 200
574560 200
574580 200
574590 200
574640 200
574690 200
574710 200
574720 200
574740 200
574760 200
574780 200
574820 200
574890 200
574920 200
574940 200
574980 200
575010 200
575020 200
575030 200
575040 200
575050 200
575060 200
575080 200
575170 200
575210 200
575330 200
575340 200
575360 200
575400 200
575420 200
575430 200
575450 200
575480 200
575490 200
575510 200
575560 200
575570 200
575580 200
575590 200
575600 200
575630 200
575640 200
575650 200
575660 200
575670 200
575680 200
575690 200
575700 200
575710 200
575720 200
575750 200
575760 200
575770 200
575780 200
575800 200
575810 200
575820 200
575830 200
575840 200
575850 200
575860 200
575880 200
575890 200
575900 200
575920 200
575940 200
575950 200
575960 200
575970 200
575990 200
576020 200
576030 200
576050 200
576060 200
576090 200
576100 200
576110 200
576120 200
576130 200
576160 200
576230 200
576260 200
576280 200
576290 200
576310 200
576370 200
576390 200
576400 200
576410 200
576420 200
576430 200
576470 200
576480 200
576500 200
576540 200
576590 200
576620 200
576640 200
576650 200
576660 200
576670 200
576700 200
576720 200
576730 200
576740 200
576750 200
576770 200
576800 200
576810 200
576820 200
576840 200
576860 200
576940 200
576950 200
576960 200
576980 200
577000 200
577080 200
577120 200
577150 200
577160 200
577180 200
577230 200
577240 200
577270 200
577280 200
577290 200
577320 200
577330 200
577360 200
577370 200
577380 200
577390 200
577410 200
577440 200
577460 200
577470 200
577480 200
577490 200
577530 200
577560 200
577570 200
577580 200
577640 200
577670 200
577690 200
577710 200
577730 200
577740 200
577760 200
577780 200
577850 200
577890 200
577910 200
577940 200
577970 200
577980 200
577990 200
578010 200
578050 200
578060 200
578080 200
578100 200
578190 200
578210 200
578310 200
578320 200
578330 200
578350 200
578360 200
578390 200
578420 200
578430 200
578440 200
578470 200
578540 200
578590 200
578610 200
578620 200
578650 200
578660 200
578670 200
578690 200
578720 200
578740 200
578760 200
578800 200
578830 200
578850 200
578870 200
578880 200
578890 200
578900 200
578920 200
578930 200
578990 200
579020 200
579030 200
579050 200
579080 200
579110 200
579120 200
579130 200
579150 200
579160 200
579180 200
579210 200
579230 200
579330 200
579490 200
579560 200
579580 200
579720 200
579760 200
579780 200
579820 200
579840 200
579870 200
579940 200
579980 200
580010 200
580040 200
580060 200
580170 200
580200 200
580300 200
580320 200
580410 200
580420 200
580480 200
580520 200
580540 200
580560 200
580570 200
580590 200
580630 200
580640 200
580680 200
580710 200
580720 200
580820 200
580870 200
580880 200
580890 200
580900 200
580930 200
580940 200
580950 200
581030 200
581060 200
581100 200
581120 200
581130 200
581150 200
581200 200
581210 200
581220 200
581230 200
581270 200
581300 200
581310 200
581320 200
581340 200
581360 200
581370 200
581380 200
581460 200
581520 200
581590 200
581600 200
581630 200
581650 200
581660 200
581730 200
581740 200
581760 200
581810 200
581820 200
581840 200
581910 200
581920 200
581970 200
581980 200
582010 200
582030 200
582050 200
582110 200
582160 200
582200 200
582210 200
582260 200
582270 200
582290 200
582330 200
582350 200
582360 200
582370 200
582390 200
582440 200
582450 200
582460 200
582490 200
582500 200
582530 200
582550 200
582560 200
582610 200
582620 200
582660 200
582690 200
582810 200
582820 200
582830 200
582840 200
582860 200
582890 200
582920 200
582960 200
582980 200
582990 200
583000 200
583030 200
583040 200
583060 200
583090 200
583120 200
583150 200
583190 200
583240 200
583270 200
583470 200
583490 200
583500 200
583530 200
583570 200
583580 200
583590 200
583700 200
583760 200
583780 200
583890 200
583930 200
583950 200
584040 200
584070 200
584100 200
584150 200
584170 200
584220 200
584280 200
584370 200
584400 200
584600 200
584640 200
584760 200
584780 200
584800 200
584850 200
584860 200
584880 200
584890 200
584930 200
584940 200
584980 200
584990 200
585020 200
585040 200
585090 200
585180 200
585190 200
585240 200
585260 200
585270 200
585310 200
585360 200
585420 200
585430 200
585450 200
585500 200
585550 200
585590 200
585690 200
585710 200
585740 200
585750 200
585770 200
585800 200
585820 200
585830 200
585840 200
585880 200
585890 200
585900 200
585910 200
585920 200
585950 200
585970 200
585990 200
586020 200
586030 200
586060 200
586080 200
586100 200
586110 200
586130 200
586140 200
586150 200
586160 200
586170 200
586200 200
586230 200
586240 200
586290 200
586310 200
586320 200
586340 200
586350 200
586360 200
586380 200
586390 200
586430 200
586450 200
586460 200
586570 200
586600 200
586620 200
586660 200
586670 200
586680 200
586690 200
586700 200
586710 200
586720 200
586740 200
586750 200
586770 200
586790 200
586830 200
586880 200
586890 200
586920 200
586930 200
586950 200
586960 200
586970 200
586990 200
587000 200
587010 200
587070 200
587100 200
587110 200
587160 200
587180 200
587220 200
587260 200
587290 200
587310 200
587330 200
587400 200
587420 200
587430 200
587440 200
587450 200
587470 200
587480 200
587490 200
587520 200
587560 200
587570 200
587580 200
587620 200
587690 200
587710 200
587730 200
587790 200
587810 200
587840 200
587860 200
587920 200
587930 200
587970 200
588030 200
588040 200
588050 200
588070 200
588110 200
588120 200
588140 200
588160 200
588180 200
588190 200
588200 200
588230 200
588240 200
588290 200
588340 200
588430 200
588440 200
588490 200
588540 200
588550 200
588560 200
588620 200
588630 200
588650 200
588690 200
588710 200
588730 200
588750 200
588800 200
588880 200
588890 200
588920 200
588930 200
588950 200
588970 200
588980 200
588990 200
589040 200
589050 200
589060 200
589080 200
589100 200
589110 200
589150 200
589160 200
589170 200
589200 200
589210 200
589220 200
589240 200
589250 200
589270 200
589280 200
589290 200
589300 200
589320 200
589360 200
589370 200
589380 200
589410 200
589420 200
589450 200
589460 200
589470 200
589480 200
589500 200
589510 200
589530 200
589590 200
589620 200
589640 200
589670 200
589680 200
589690 200
589730 200
589760 200
589770 200
589780 200
589850 200
589860 200
589870 200
589940 200
590270 200
590280 200
590370 200
590380 200
590430 200
590440 200
590530 200
590560 200
590570 200
590580 200
590590 200
590600 200
590660 200
590670 200
590690 200
590720 200
590770 200
590790 200
590800 200
590820 200
590830 200
590840 200
590850 200
590870 200
590900 200
590910 200
590950 200
590970 200
591000 200
591020 200
591090 200
591130 200
591140 200
591350 200
591360 200
591370 200
591380 200
591390 200
591420 200
591460 200
591470 200
591560 200
591580 200
591610 200
591630 200
591640 200
591660 200
591680 200
591740 200
591750 200
591760 200
591790 200
591910 200
591920 200
591930 200
591940 200
591960 200
591990 200
592020 200
592030 200
592040 200
592060 200
592100 200
592120 200
592130 200
592200 200
592240 200
592270 200
592300 200
592320 200
592330 200
592340 200
592360 200
592380 200
592400 200
592410 200
592480 200
592550 200
592560 200
592570 200
592620 200
592640 200
592660 200
592720 200
592730 200
592750 200
592770 200
592780 200
593000 200
593030 200
593060 200
593070 200
593100 200
593150 200
593200 200
593240 200
593250 200
593260 200
593280 200
593330 200
593400 200
593410 200
593490 200
593530 200
593540 200
593560 200
593600 200
593620 200
593640 200
593670 200
593680 200
593700 200
593720 200
593730 200
593740 200
593850 200
593900 200
593950 200
537180 200
593960 200
593970 200
593980 200
594000 200
594030 200
594040 200
594050 200
594120 200
594130 200
594150 200
594160 200
594200 200
594220 200
594230 200
594260 200
594300 200
594310 200
594320 200
594330 200
594350 200
594360 200
594370 200
594380 200
594390 200
594410 200
594490 200
594550 200
594570 200
594650 200
594660 200
594680 200
594720 200
594750 200
594760 200
594810 200
594820 200
594950 200
594980 200
595010 200
595060 200
595070 200
595080 200
595090 200
595100 200
595120 200
595130 200
595140 200
595150 200
595160 200
595260 200
595280 200
595300 200
595320 200
595420 200
595430 200
595440 200
595460 200
595500 200
595520 200
595550 200
595560 200
595630 200
595640 200
595650 200
595660 200
595670 200
595690 200
595730 200
595740 200
595760 200
595770 200
595780 200
595790 200
595920 200
595930 200
595960 200
595990 200
596000 200
596050 200
596070 200
596080 200
596090 200
596200 200
596240 200
596260 200
596270 200
596280 200
596380 200
596390 200
596400 200
596470 200
596500 200
596530 200
596540 200
596560 200
596570 200
596580 200
596590 200
596620 200
596630 200
596640 200
596710 200
596730 200
596740 200
596810 200
596890 200
596910 200
596940 200
596950 200
596970 200
596990 200
597020 200
597030 200
597040 200
597060 200
597090 200
597120 200
597150 200
597170 200
597180 200
597190 200
597200 200
597210 200
597220 200
597230 200
597240 200
597280 200
597590 200
597640 200
597670 200
597700 200
597720 200
597730 200
597760 200
597770 200
597790 200
597810 200
597820 200
597860 200
597900 200
597920 200
597970 200
597990 200
598030 200
598060 200
598070 200
598090 200
598170 200
598230 200
598240 200
598330 200
598340 200
598350 200
598400 200
598430 200
598440 200
598450 200
598480 200
598490 200
598500 200
598530 200
598550 200
598590 200
598600 200
598610 200
598620 200
598640 200
598690 200
598700 200
598720 200
598730 200
598740 200
598780 200
598810 200
598840 200
598880 200
598940 200
598960 200
598980 200
598990 200
599000 200
599040 200
599070 200
599080 200
599140 200
599150 200
599160 200
599180 200
599390 200
599420 200
599430 200
599460 200
599480 200
599490 200
599510 200
599560 200
599580 200
599590 200
599600 200
599610 200
599630 200
599670 200
599750 200
599780 200
599800 200
599840 200
599880 200
599900 200
599960 200
600000 200
600080 200
600090 200
600100 200
600120 200
600130 200
600140 200
600150 200
600170 200
600180 200
600190 200
600200 200
600210 200
600230 200
600250 200
600260 200
600290 200
600310 200
600330 200
600350 200
600360 200
600370 200
600410 200
600420 200
600440 200
600460 200
600480 200
600500 200
600510 200
600520 200
600530 200
600550 200
600580 200
600600 200
600610 200
600630 200
600640 200
600650 200
600660 200
600670 200
600690 200
600720 200
600750 200
600980 200
600990 200
601010 200
601020 200
601050 200
601080 200
601110 200
601130 200
601150 200
601170 200
601180 200
601200 200
601210 200
601220 200
601240 200
601250 200
601330 200
601380 200
601430 200
601490 200
601500 200
601510 200
601520 200
601530 200
601540 200
601550 200
601570 200
601590 200
601640 200
601700 200
601750 200
601760 200
601790 200
601810 200
601840 200
601870 200
601880 200
601920 200
601930 200
601940 200
601990 200
602010 200
602040 200
602070 200
602080 200
602120 200
602130 200
602140 200
602150 200
602160 200
602180 200
602200 200
602240 200
602250 200
602270 200
602300 200
602320 200
602420 200
602430 200
602480 200
602510 200
602520 200
602540 200
602550 200
602590 200
602600 200
602630 200
602660 200
602670 200
602700 200
602770 200
602790 200
602860 200
602880 200
602890 200
602900 200
602910 200
602920 200
602930 200
602960 200
603000 200
603010 200
603020 200
603060 200
603090 200
603100 200
603110 200
603120 200
603130 200
603140 200
603150 200
603190 200
603210 200
603220 200
603230 200
603240 200
603250 200
603260 200
603280 200
603320 200
603330 200
603340 200
603350 200
603360 200
603380 200
603390 200
603400 200
603420 200
603460 200
603490 200
603530 200
603550 200
603560 200
603610 200
603630 200
603660 200
603680 200
603700 200
603730 200
603750 200
603790 200
603800 200
603810 200
603840 200
603850 200
603870 200
603880 200
603910 200
603930 200
603940 200
603960 200
603970 200
603990 200
604000 200
604010 200
604030 200
604040 200
604060 200
604140 200
604150 200
604170 200
604230 200
604240 200
604300 200
604330 200
604340 200
604450 200
604490 200
604500 200
604510 200
604530 200
604540 200
604590 200
604640 200
604740 200
604770 200
604780 200
604830 200
604920 200
604950 200
604980 200
604990 200
605040 200
605060 200
605100 200
605110 200
605140 200
605160 200
605180 200
605190 200
605200 200
605210 200
605230 200
605250 200
605310 200
605410 200
605450 200
605490 200
605610 200
605740 200
605770 200
605790 200
605800 200
605830 200
605850 200
605860 200
605920 200
605980 200
605990 200
606000 200
606030 200
606060 200
606150 200
606160 200
606230 200
606280 200
606300 200
606330 200
606350 200
606360 200
606370 200
606480 200
606490 200
606500 200
606510 200
606520 200
606670 200
606680 200
606690 200
606710 200
606730 200
606790 200
606800 200
606830 200
606850 200
606860 200
606870 200
606880 200
606890 200
606920 200
606940 200
606950 200
606960 200
606980 200
607020 200
607030 200
607040 200
607050 200
607080 200
607120 200
607160 200
607190 200
607210 200
607230 200
607260 200
607330 200
607350 200
607360 200
607400 200
607440 200
607490 200
607590 200
607660 200
607670 200
607680 200
607760 200
607770 200
607780 200
607820 200
607860 200
607880 200
607890 200
608110 200
608120 200
608190 200
608370 200
608380 200
608440 200
608510 200
608530 200
608540 200
608610 200
608630 200
608660 200
608670 200
608760 200
608800 200
608870 200
608990 200
609010 200
609100 200
609110 200
609150 200
609170 200
609320 200
609340 200
609360 200
609400 200
609410 200
609420 200
609490 200
609720 200
609760 200
609850 200
609920 200
609940 200
610080 200
610090 200
610110 200
610120 200
610130 200
610180 200
610190 200
610210 200
610250 200
610260 200
610310 200
610350 200
610360 200
610370 200
610380 200
610410 200
610460 200
610500 200
610550 200
610560 200
610570 200
610610 200
610620 200
610660 200
610670 200
610680 200
610710 200
610720 200
610730 200
610740 200
610750 200
610780 200
610810 200
610840 200
610860 200
610900 200
610940 200
610960 200
610980 200
611040 200
611050 200
611060 200
611080 200
611090 200
611120 200
611140 200
611160 200
611180 200
611190 200
611200 200
611230 200
611300 200
611350 200
611390 200
611500 200
611550 200
611620 200
611630 200
611660 200
611670 200
611690 200
611710 200
611730 200
611750 200
611760 200
611770 200
611790 200
611810 200
611820 200
611830 200
611850 200
611860 200
611960 200
611970 200
611980 200
612010 200
612020 200
612030 200
612040 200
612050 200
612060 200
612100 200
612110 200
612120 200
612130 200
612140 200
612150 200
612160 200
612170 200
612180 200
612190 200
612220 200
612230 200
612250 200
612300 200
612310 200
612370 200
612380 200
612390 200
612400 200
612440 200
612470 200
612510 200
612520 200
612540 200
612570 200
612590 200
612600 200
612610 200
612620 200
612640 200
612660 200
612720 200
612740 200
612750 200
612790 200
612820 200
612840 200
612880 200
612890 200
612930 200
613010 200
613020 200
613040 200
613050 200
613100 200
613120 200
613130 200
613190 200
613200 200
613210 200
613240 200
613270 200
613330 200
613350 200
613370 200
613390 200
613400 200
613410 200
613420 200
613450 200
613470 200
613510 200
613590 200
613610 200
613620 200
613670 200
613730 200
613790 200
613830 200
613850 200
613860 200
613880 200
613900 200
613970 200
613980 200
614030 200
614050 200
614090 200
614140 200
614150 200
614160 200
614250 200
614260 200
614380 200
614450 200
614460 200
614530 200
614560 200
614570 200
614630 200
614650 200
614660 200
614700 200
614730 200
614770 200
614830 200
614850 200
614880 200
614890 200
614900 200
614910 200
614950 200
614960 200
614970 200
615010 200
615020 200
615070 200
615080 200
615120 200
615160 200
615180 200
615250 200
615270 200
615330 200
615340 200
615350 200
615390 200
615400 200
615460 200
615490 200
615530 200
615550 200
615590 200
615610 200
615630 200
615650 200
615670 200
615680 200
615690 200
615700 200
615730 200
615770 200
615780 200
615910 200
615970 200
616000 200
616040 200
616050 200
616110 200
616220 200
616240 200
616330 200
616390 200
616420 200
616490 200
616520 200
616560 200
616580 200
616610 200
616620 200
616640 200
616650 200
616660 200
616680 200
616690 200
616740 200
616750 200
616780 200
616820 200
616830 200
616860 200
616880 200
616890 200
616920 200
617020 200
617030 200
617060 200
617160 200
617270 200
617290 200
617350 200
617420 200
617430 200
617440 200
617450 200
617480 200
617590 200
617600 200
617610 200
617620 200
617630 200
617640 200
617650 200
617660 200
617670 200
617680 200
617690 200
617700 200
617710 200
617750 200
617820 200
617830 200
617850 200
617970 200
617980 200
617990 200
618000 200
618010 200
618050 200
618070 200
618080 200
618100 200
618140 200
618190 200
618200 200
618210 200
618270 200
618310 200
618330 200
618350 200
618360 200
618370 200
618420 200
618430 200
618440 200
618470 200
618490 200
618500 200
618510 200
618550 200
618560 200
618570 200
618590 200
618600 200
618610 200
618620 200
618630 200
618650 200
618670 200
618690 200
618710 200
618720 200
618740 200
618750 200
618760 200
618850 200
618920 200
618950 200
618970 200
618990 200
619000 200
619100 200
619150 200
619210 200
619220 200
619230 200
619270 200
619280 200
619310 200
619320 200
619330 200
619340 200
619350 200
619380 200
619390 200
619400 200
619470 200
619480 200
619490 200
619500 200
619530 200
619540 200
619590 200
619600 200
619610 200
619620 200
619670 200
619700 200
619740 200
619780 200
619810 200
619820 200
619870 200
619880 200
619890 200
619910 200
619930 200
620070 200
620080 200
620130 200
620140 200
620170 200
620180 200
620190 200
620210 200
620220 200
620280 200
620310 200
620330 200
620340 200
620350 200
620360 200
620410 200
620570 200
620580 200
620590 200
620620 200
620630 200
620640 200
620650 200
620660 200
620670 200
620700 200
620710 200
620790 200
620800 200
620890 200
620900 200
620940 200
620980 200
621000 200
621010 200
621020 200
621060 200
621070 200
621080 200
621090 200
621140 200
621150 200
621170 200
621220 200
621780 200
621810 200
621830 200
621850 200
621930 200
621970 200
622010 200
622020 200
622040 200
622060 200
622080 200
622150 200
622200 200
622220 200
622270 200
622310 200
622320 200
622370 200
622380 200
622420 200
622460 200
622470 200
622480 200
622510 200
622540 200
622550 200
622610 200
622620 200
622630 200
622650 200
622670 200
622680 200
622700 200
622720 200
622770 200
622810 200
622830 200
622870 200
622880 200
622890 200
622910 200
622920 200
622930 200
622950 200
622980 200
623040 200
623050 200
623070 200
623080 200
623090 200
623160 200
623170 200
623180 200
623320 200
623340 200
623360 200
623370 200
623380 200
623460 200
623470 200
623540 200
623550 200
623570 200
623580 200
623640 200
623670 200
623700 200
623800 200
623810 200
623840 200
623850 200
623860 200
623900 200
623920 200
623930 200
623940 200
624050 200
624060 200
624070 200
624080 200
624260 200
624270 200
624320 200
624410 200
624430 200
624460 200
624550 200
624560 200
624610 200
624630 200
624680 200
624690 200
624710 200
624890 200
624900 200
624920 200
624930 200
624950 200
624970 200
624990 200
625000 200
625040 200
625090 200
625120 200
625160 200
625180 200
625220 200
625320 200
625340 200
625370 200
625410 200
625430 200
625470 200
625560 200
625580 200
625630 200
625680 200
625690 200
625700 200
625720 200
625730 200
625740 200
625770 200
625780 200
625800 200
625820 200
625830 200
625860 200
625900 200
625910 200
625940 200
625960 200
625980 200
625990 200
626020 200
626160 200
626170 200
626250 200
626460 200
626510 200
626570 200
626580 200
626600 200
626610 200
626630 200
626640 200
626660 200
626680 200
626690 200
626700 200
626730 200
626760 200
626810 200
626840 200
627070 200
627270 200
627350 200
627380 200
627410 200
627420 200
627450 200
627460 200
627570 200
627620 200
627670 200
627690 200
627820 200
627890 200
627910 200
627950 200
628020 200
628030 200
628040 200
628050 200
628060 200
628070 200
628080 200
628090 200
628100 200
628110 200
628120 200
628130 200
628140 200
628150 200
628160 200
628170 200
628180 200
628200 200
628290 200
628320 200
628350 200
628360 200
628440 200
628450 200
628460 200
628530 200
628550 200
628560 200
628570 200
628580 200
628650 200
628660 200
628670 200
628700 200
628710 200
628730 200
628740 200
628750 200
628760 200
628770 200
628800 200
628820 200
628830 200
628880 200
628890 200
628900 200
628920 200
628940 200
628950 200
628960 200
629000 200
629030 200
629040 200
629080 200
629090 200
629100 200
629110 200
629180 200
629220 200
629230 200
629240 200
629270 200
629340 200
629360 200
629380 200
629400 200
629410 200
629420 200
629430 200
629440 200
629450 200
629540 200
629550 200
629640 200
629650 200
629690 200
629720 200
629730 200
629760 200
629770 200
629780 200
629810 200
629820 200
629840 200
629860 200
629960 200
629970 200
630020 200
630030 200
630040 200
630050 200
630060 200
630070 200
630080 200
630130 200
630160 200
630170 200
630240 200
630260 200
630310 200
630360 200
630390 200
630440 200
630460 200
630470 200
630490 200
630510 200
630550 200
630610 200
630630 200
630640 200
630670 200
630690 200
630720 200
630830 200
630870 200
631120 200
631220 200
631240 200
631250 200
631260 200
631270 200
631490 200
631510 200
631540 200
631570 200
631660 200
631670 200
631770 200
631810 200
631830 200
631860 200
631900 200
631920 200
631940 200
631950 200
631960 200
631980 200
631990 200
632000 200
632020 200
632040 200
632050 200
632070 200
632080 200
632100 200
632110 200
632130 200
632170 200
632240 200
632250 200
632290 200
632300 200
632350 200
632360 200
632380 200
632470 200
632510 200
632590 200
632710 200
632800 200
632820 200
632830 200
632840 200
632880 200
632900 200
632950 200
633060 200
633080 200
633110 200
633150 200
633230 200
633320 200
633360 200
633430 200
633440 200
633460 200
633580 200
633600 200
633660 200
633930 200
633940 200
633950 200
633970 200
634060 200
634070 200
634090 200
634120 200
634150 200
634160 200
634180 200
634200 200
634340 200
634410 200
634700 200
634810 200
635040 200
635050 200
635060 200
635190 200
635200 200
635220 200
635250 200
635260 200
635270 200
635310 200
635320 200
635390 200
635410 200
635520 200
635590 200
635670 200
635700 200
635790 200
635810 200
635830 200
635850 200
635880 200
635900 200
635930 200
635940 200
635980 200
636010 200
636020 200
636030 200
636040 200
636050 200
636070 200
636100 200
636150 200
636170 200
636190 200
636220 200
636230 200
636270 200
636310 200
636320 200
636330 200
636360 200
636370 200
636390 200
636400 200
636430 200
636450 200
636460 200
636480 200
636490 200
636520 200
636560 200
636570 200
636580 200
636590 200
636620 200
636640 200
636720 200
636740 200
636790 200
636910 200
636930 200
636950 200
636960 200
636970 200
637040 200
637050 200
637060 200
637070 200
637090 200
637100 200
637110 200
637120 200
637310 200
637330 200
637340 200
637410 200
637640 200
637650 200
637670 200
637850 200
637860 200
637870 200
637880 200
637920 200
637930 200
637940 200
637980 200
638000 200
638020 200
638060 200
638070 200
638110 200
638130 200
638160 200
638200 200
638230 200
638240 200
638250 200
638260 200
638270 200
638290 200
638390 200
638470 200
638490 200
638500 200
638510 200
638650 200
638720 200
638740 200
638830 200
638850 200
638900 200
638920 200
638930 200
638940 200
638990 200
639130 200
639180 200
639220 200
639230 200
639240 200
639270 200
639280 200
639300 200
639320 200
639440 200
639460 200
639470 200
639490 200
639560 200
639650 200
639720 200
639730 200
639770 200
639840 200
639880 200
639920 200
640010 200
640050 200
640090 200
640120 200
640150 200
640160 200
640210 200
640250 200
640290 200
640300 200
640310 200
640340 200
640380 200
640590 200
640600 200
640690 200
640700 200
640760 200
640780 200
640800 200
640820 200
640840 200
640860 200
640880 200
640890 200
640970 200
640990 200
641050 200
641080 200
641320 200
641590 200
641780 200
641860 200
641870 200
641910 200
641940 200
641950 200
641960 200
641980 200
641990 200
642000 200
642020 200
642070 200
642090 200
642170 200
642190 200
642390 200
642520 200
642560 200
642570 200
642580 200
642600 200
642610 200
642620 200
642650 200
642660 200
642670 200
642690 200
642700 200
642710 200
642730 200
642830 200
642840 200
642860 200
642910 200
643200 200
643260 200
643270 200
643370 200
643570 200
643590 200
643610 200
643620 200
643810 200
643820 200
643830 200
643870 200
643880 200
643900 200
643930 200
643940 200
643950 200
643960 200
643970 200
643980 200
644000 200
644010 200
644080 200
644130 200
644150 200
644160 200
644280 200
644330 200
644340 200
644370 200
644380 200
644390 200
644400 200
644420 200
644480 200
644530 200
644540 200
644550 200
644560 200
644580 200
644610 200
644640 200
644660 200
644670 200
644680 200
644710 200
644740 200
644760 200
644800 200
644830 200
644860 200
644870 200
644890 200
644930 200
645090 200
645130 200
645150 200
645190 200
645200 200
645210 200
645230 200
645240 200
645260 200
645270 200
645280 200
645290 200
645320 200
645330 200
645340 200
645360 200
645380 200
645410 200
645420 200
645440 200
645450 200
645460 200
645470 200
645530 200
645630 200
645650 200
645690 200
645720 200
645730 200
645750 200
645780 200
645790 200
645820 200
645830 200
645860 200
645920 200
645930 200
645940 200
646010 200
646030 200
646050 200
646100 200
646150 200
646180 200
646200 200
646240 200
646270 200
646280 200
646300 200
646330 200
646350 200
646360 200
646370 200
646430 200
646460 200
646470 200
646500 200
646530 200
646570 200
646600 200
646680 200
646820 200
646830 200
646890 200
646910 200
646960 200
647000 200
647040 200
647050 200
647080 200
647090 200
647280 200
647500 200
647570 200
647640 200
647650 200
647660 200
647740 200
647830 200
647840 200
647850 200
647890 200
647900 200
647910 200
647930 200
647940 200
647950 200
647960 200
647980 200
647990 200
648020 200
648050 200
648060 200
648070 200
648100 200
648120 200
648150 200
648190 200
648220 200
648270 200
648350 200
648380 200
648390 200
648410 200
648440 200
648510 200
648530 200
648550 200
648570 200
648580 200
648600 200
648630 200
648640 200
648660 200
648670 200
648750 200
648780 200
648800 200
648810 200
648880 200
648890 200
648950 200
649000 200
649040 200
649120 200
649150 200
649170 200
649240 200
649300 200
649360 200
649450 200
649460 200
649510 200
649560 200
649570 200
649580 200
649600 200
649620 200
649630 200
649640 200
649660 200
649670 200
649730 200
649740 200
649790 200
649810 200
649820 200
649870 200
649880 200
649890 200
649950 200
649960 200
649970 200
649990 200
650000 200
650010 200
650070 200
650120 200
650220 200
650310 200
650330 200
650340 200
650350 200
650440 200
650490 200
650510 200
650570 200
650600 200
650620 200
650670 200
650680 200
650690 200
650700 200
650720 200
650730 200
650740 200
650750 200
650760 200
650770 200
650780 200
650810 200
650820 200
650860 200
650880 200
650940 200
650980 200
650990 200
651010 200
651080 200
651090 200
651120 200
651170 200
651280 200
651310 200
651340 200
651360 200
651370 200
651380 200
651470 200
651490 200
651500 200
651520 200
651550 200
651560 200
651600 200
651610 200
651640 200
651650 200
651660 200
651670 200
651680 200
651690 200
651820 200
651940 200
651950 200
651970 200
651990 200
652030 200
652050 200
652060 200
652070 200
652090 200
652120 200
652140 200
652160 200
652180 200
652190 200
652200 200
652230 200
652250 200
652270 200
652310 200
652330 200
652340 200
652360 200
652390 200
652410 200
652460 200
652470 200
652480 200
652510 200
652530 200
652540 200
652550 200
652560 200
652570 200
652600 200
652610 200
652660 200
652700 200
652730 200
652750 200
652760 200
652770 200
652780 200
652800 200
652810 200
652830 200
652880 200
652890 200
652900 200
652910 200
652940 200
652950 200
652980 200
652990 200
653020 200
653050 200
653060 200
653080 200
653100 200
653120 200
653130 200
653190 200
653210 200
653220 200
653530 200
653550 200
653760 200
653770 200
653780 200
653840 200
653850 200
653870 200
653920 200
653930 200
653940 200
653950 200
653960 200
653970 200
654000 200
654010 200
654020 200
654060 200
654070 200
654080 200
654090 200
654100 200
654110 200
654200 200
654220 200
654240 200
654250 200
654260 200
654300 200
654350 200
654390 200
654400 200
654430 200
654440 200
654450 200
654470 200
654500 200
654520 200
654550 200
654570 200
654580 200
654600 200
654610 200
654630 200
654640 200
654660 200
654670 200
654680 200
654700 200
654710 200
654740 200
654750 200
654770 200
654800 200
654810 200
654820 200
654840 200
654850 200
654860 200
654880 200
654890 200
654900 200
654910 200
654940 200
654950 200
654960 200
654970 200
654980 200
654990 200
655000 200
655030 200
655040 200
655080 200
655100 200
655110 200
655160 200
655170 200
655180 200
655200 200
655220 200
655250 200
655270 200
655280 200
655290 200
655350 200
655360 200
655370 200
655380 200
655420 200
655430 200
655440 200
655460 200
655480 200
655490 200
655500 200
655520 200
655530 200
655550 200
655580 200
655600 200
655610 200
655620 200
655630 200
655640 200
655650 200
655660 200
655670 200
655700 200
655710 200
655730 200
655740 200
655750 200
655760 200
655770 200
655780 200
655790 200
655910 200
655930 200
655940 200
655950 200
655980 200
656020 200
656040 200
656060 200
656070 200
656100 200
656130 200
656140 200
656170 200
656190 200
656200 200
656210 200
656220 200
656240 200
656260 200
656280 200
656300 200
656320 200
656330 200
656350 200
656360 200
656380 200
656400 200
656440 200
656450 200
656460 200
656480 200
656490 200
656510 200
656530 200
656540 200
656550 200
656560 200
656570 200
656580 200
656590 200
656600 200
656610 200
656620 200
656630 200
656640 200
656660 200
656680 200
656690 200
656700 200
656730 200
656740 200
656780 200
656800 200
656840 200
656880 200
656890 200
656900 200
656910 200
656940 200
656970 200
657000 200
657010 200
657020 200
657040 200
657050 200
657060 200
657070 200
657080 200
657090 200
657110 200
657120 200
657170 200
657200 200
657210 200
657230 200
657240 200
657250 200
657260 200
657290 200
657300 200
657400 200
657410 200
657440 200
657450 200
657470 200
657500 200
657530 200
657580 200
657590 200
657630 200
657660 200
657690 200
657700 200
657780 200
657790 200
657990 200
658050 200
658060 200
658090 200
658120 200
658140 200
658150 200
658160 200
658210 200
658230 200
658250 200
658260 200
658280 200
658340 200
658390 200
658400 200
658430 200
658450 200
658470 200
658480 200
658490 200
658500 200
658510 200
658530 200
658550 200
658560 200
658570 200
658590 200
658600 200
658610 200
658620 200
658630 200
658660 200
658690 200
658700 200
658710 200
658760 200
658770 200
658780 200
658790 200
658800 200
658810 200
658830 200
658850 200
658870 200
658880 200
658890 200
658970 200
658980 200
658990 200
659000 200
659040 200
659060 200
659110 200
659130 200
659140 200
659150 200
659160 200
659170 200
659180 200
659190 200
659220 200
659260 200
659300 200
659320 200
659330 200
659460 200
659480 200
659490 200
659500 200
659510 200
659540 200
659560 200
659630 200
659760 200
659780 200
659790 200
659810 200
659830 200
659840 200
659860 200
659870 200
659890 200
659900 200
659910 200
659920 200
659940 200
659950 200
659960 200
660030 200
660040 200
660070 200
660110 200
660160 200
660170 200
660200 200
660270 200
660280 200
660290 200
660320 200
660340 200
660390 200
660400 200
660450 200
660520 200
660560 200
660730 200
660760 200
660800 200
660820 200
660860 200
660880 200
660890 200
660900 200
660920 200
660940 200
660970 200
660980 200
660990 200
661000 200
661030 200
661040 200
661050 200
661070 200
661100 200
661110 200
661120 200
661130 200
661180 200
661190 200
661200 200
661220 200
661230 200
661240 200
661250 200
661260 200
661270 200
661280 200
661290 200
661300 200
661330 200
661340 200
661360 200
661380 200
661410 200
661420 200
661430 200
661440 200
661450 200
661460 200
661470 200
661480 200
661490 200
661500 200
661520 200
661530 200
661550 200
661560 200
661650 200
661670 200
661680 200
661690 200
661700 200
661730 200
661740 200
661750 200
661790 200
661820 200
661830 200
661900 200
661920 200
661940 200
661950 200
661960 200
661970 200
661990 200
662000 200
662170 200
662180 200
662190 200
662200 200
662210 200
662220 200
662230 200
662240 200
662260 200
662340 200
662380 200
662390 200
662400 200
662410 200
662440 200
662470 200
662500 200
662540 200
662550 200
662570 200
662610 200
662660 200
662680 200
662690 200
662700 200
662720 200
662780 200
662830 200
662840 200
662870 200
662910 200
662920 200
662930 200
662940 200
662950 200
662960 200
662990 200
663020 200
663060 200
663080 200
663090 200
663100 200
663110 200
663120 200
663130 200
663140 200
663160 200
663190 200
663200 200
663210 200
663220 200
663240 200
663250 200
663290 200
663300 200
663330 200
663370 200
663390 200
663410 200
663430 200
663480 200
663530 200
663540 200
663570 200
663590 200
663600 200
663690 200
663760 200
663830 200
663920 200
663940 200
663950 200
663970 200
664000 200
664010 200
664030 200
664040 200
664050 200
664060 200
664080 200
664090 200
664110 200
664120 200
664130 200
664140 200
664160 200
664180 200
664190 200
664210 200
664240 200
664250 200
664290 200
664320 200
664340 200
664350 200
664420 200
664440 200
664450 200
664460 200
664490 200
664510 200
664530 200
664560 200
664570 200
664580 200
664590 200
664600 200
664610 200
664620 200
664630 200
664640 200
664650 200
664660 200
664750 200
664780 200
664820 200
664830 200
664850 200
664870 200
665030 200
665060 200
665080 200
665090 200
665110 200
665120 200
665160 200
665210 200
665240 200
665270 200
665310 200
665330 200
665340 200
665350 200
665360 200
665370 200
665410 200
665440 200
665490 200
665510 200
665550 200
665560 200
665590 200
665620 200
665630 200
665640 200
665650 200
665670 200
665720 200
665730 200
665740 200
665780 200
665790 200
665840 200
665880 200
665890 200
665900 200
665930 200
665950 200
665960 200
666010 200
666020 200
666040 200
666050 200
666060 200
666080 200
666090 200
666100 200
666110 200
666120 200
666140 200
666150 200
666170 200
666220 200
666240 200
666250 200
666260 200
666270 200
666290 200
666310 200
666320 200
666330 200
666340 200
666560 200
666570 200
666590 200
666600 200
666610 200
666620 200
666630 200
666640 200
666660 200
666730 200
666780 200
666790 200
666800 200
666810 200
666820 200
666850 200
666860 200
666870 200
666910 200
666930 200
666940 200
666960 200
667000 200
667010 200
667030 200
667040 200
667060 200
667120 200
667130 200
667140 200
667150 200
667160 200
667170 200
667220 200
667240 200
667270 200
667300 200
667310 200
667340 200
667360 200
667400 200
667410 200
667420 200
667430 200
667450 200
667460 200
667510 200
667530 200
667550 200
667580 200
667590 200
667600 200
667610 200
667620 200
667630 200
667660 200
667670 200
667690 200
667720 200
667760 200
667770 200
667780 200
667790 200
667800 200
667810 200
667820 200
667840 200
667870 200
667880 200
667890 200
667900 200
667920 200
667930 200
667970 200
668000 200
668010 200
668170 200
668190 200
668200 200
668210 200
668220 200
668230 200
668280 200
668290 200
668300 200
668320 200
668350 200
668360 200
668370 200
668430 200
668460 200
668510 200
668520 200
668550 200
668560 200
668570 200
668580 200
668590 200
668600 200
668610 200
668620 200
668630 200
668640 200
668650 200
668670 200
668680 200
668730 200
668750 200
668770 200
668780 200
668790 200
668830 200
668850 200
668890 200
668900 200
668910 200
668960 200
668970 200
668980 200
669000 200
669040 200
669050 200
669270 200
669290 200
669310 200
669320 200
669330 200
669340 200
669350 200
669360 200
669380 200
669390 200
669410 200
669440 200
669490 200
669500 200
669520 200
669570 200
669580 200
669600 200
669620 200
669630 200
669650 200
669660 200
669690 200
669700 200
669710 200
669730 200
669740 200
669750 200
669760 200
669770 200
669790 200
669830 200
669910 200
669950 200
669960 200
669990 200
670020 200
670050 200
670080 200
670090 200
670100 200
670120 200
670140 200
670160 200
670180 200
670190 200
670210 200
670230 200
670250 200
670260 200
670270 200
670280 200
670290 200
670320 200
670330 200
670340 200
670370 200
670400 200
670410 200
670430 200
670440 200
670490 200
670500 200
670510 200
670550 200
670610 200
670620 200
670630 200
670720 200
670730 200
670750 200
670760 200
670780 200
670790 200
670820 200
670830 200
670850 200
670910 200
670930 200
670940 200
670950 200
670970 200
671050 200
671090 200
671100 200
671120 200
671130 200
671150 200
671170 200
671180 200
671200 200
671230 200
671240 200
671260 200
671270 200
671290 200
671310 200
671330 200
671370 200
671390 200
671440 200
671460 200
671470 200
671490 200
671510 200
671550 200
671560 200
671580 200
671600 200
671610 200
671620 200
671630 200
671640 200
671650 200
671670 200
671690 200
671700 200
671720 200
671740 200
671750 200
671800 200
671810 200
671840 200
671850 200
671860 200
671880 200
671900 200
671920 200
671970 200
671980 200
671990 200
672000 200
672010 200
672020 200
672030 200
672050 200
672080 200
672100 200
672130 200
672140 200
672150 200
672160 200
672230 200
672240 200
672250 200
672280 200
672290 200
672300 200
672310 200
672320 200
672380 200
672410 200
672420 200
672430 200
672440 200
672460 200
672480 200
672490 200
672570 200
672590 200
672630 200
672640 200
672650 200
672660 200
672670 200
672680 200
672690 200
672710 200
672720 200
672730 200
672770 200
672780 200
672790 200
672860 200
672880 200
672890 200
672910 200
672920 200
672940 200
672970 200
673000 200
673010 200
673040 200
673050 200
673060 200
673070 200
673100 200
673130 200
673140 200
673190 200
673210 200
673220 200
673230 200
673240 200
673250 200
673260 200
673280 200
673300 200
673310 200
673360 200
673430 200
673450 200
673480 200
673530 200
673540 200
673550 200
673560 200
673570 200
673580 200
673590 200
673600 200
673610 200
673620 200
673630 200
673660 200
673720 200
673740 200
673750 200
673800 200
673810 200
673820 200
673830 200
673840 200
673850 200
673870 200
673880 200
673900 200
673910 200
673920 200
673940 200
673950 200
673970 200
673980 200
674020 200
674090 200
674120 200
674130 200
674140 200
674150 200
674160 200
674170 200
674180 200
674190 200
674200 200
674210 200
674220 200
674230 200
674250 200
674310 200
674320 200
674330 200
674360 200
674370 200
674380 200
674390 200
674400 200
674420 200
674440 200
674450 200
674480 200
674500 200
674520 200
674550 200
674570 200
674580 200
674630 200
674730 200
674750 200
674760 200
674800 200
674840 200
674850 200
674860 200
674900 200
674910 200
674930 200
674940 200
674960 200
674980 200
675010 200
675030 200
675040 200
675110 200
675120 200
675130 200
675140 200
675160 200
675170 200
675180 200
675210 200
675220 200
675240 200
675260 200
675270 200
675330 200
675370 200
675410 200
675480 200
675490 200
675500 200
675510 200
675530 200
675610 200
675620 200
675630 200
675640 200
675650 200
675660 200
675690 200
675720 200
675730 200
675750 200
675810 200
675830 200
675870 200
675890 200
675910 200
675940 200
675950 200
675960 200
675970 200
675980 200
675990 200
676000 200
676030 200
676060 200
676070 200
676090 200
676120 200
676130 200
676170 200
676180 200
676210 200
676240 200
676270 200
676310 200
676320 200
676340 200
676410 200
676420 200
676430 200
676440 200
676450 200
676460 200
676470 200
676500 200
676510 200
676520 200
676540 200
676550 200
676570 200
676580 200
676600 200
676620 200
676630 200
676660 200
676680 200
676690 200
676700 200
676720 200
676730 200
676760 200
676770 200
676800 200
676820 200
676830 200
676840 200
676850 200
676880 200
676910 200
676930 200
676960 200
676990 200
677020 200
677030 200
677040 200
677060 200
677080 200
677120 200
677160 200
677190 200
677210 200
677220 200
677230 200
677240 200
677260 200
677280 200
677300 200
677330 200
677340 200
677380 200
677450 200
677480 200
677590 200
677610 200
677620 200
677650 200
677680 200
677700 200
677720 200
677730 200
677780 200
677790 200
677810 200
677820 200
677850 200
677870 200
677910 200
678010 200
678050 200
678060 200
678090 200
678100 200
678150 200
678170 200
678190 200
678200 200
678230 200
678240 200
678250 200
678310 200
678390 200
678400 200
678410 200
678420 200
678430 200
678440 200
678450 200
678460 200
678470 200
678500 200
678520 200
678530 200
678540 200
678560 200
678570 200
678590 200
678620 200
678750 200
678760 200
678800 200
678820 200
678830 200
678850 200
678870 200
678880 200
678890 200
678900 200
678910 200
678920 200
678930 200
678940 200
678950 200
678960 200
678970 200
679030 200
679050 200
679070 200
679080 200
679090 200
679100 200
679110 200
679120 200
679190 200
679200 200
679230 200
679300 200
679390 200
679400 200
679410 200
679430 200
679470 200
679480 200
679490 200
679500 200
679510 200
679520 200
679530 200
679620 200
679640 200
679660 200
679670 200
679690 200
679700 200
679720 200
679740 200
679750 200
679770 200
679780 200
679820 200
679830 200
679860 200
679900 200
679910 200
679930 200
679960 200
680030 200
680070 200
680100 200
680140 200
680170 200
680190 200
680240 200
680250 200
680300 200
680330 200
680350 200
680360 200
680380 200
680390 200
680400 200
680420 200
680450 200
680480 200
326740 200
354830 200
433290 200
436890 200
527720 200
530940 200
630790 200
648590 200
650500 200
657860 200
680500 200
680550 200
680560 200
680590 200
680620 200
680640 200
680680 200
680690 200
680730 200
680750 200
680780 200
680830 200
680850 200
680860 200
680880 200
680890 200
680930 200
680940 200
680950 200
680970 200
680980 200
680990 200
681000 200
681020 200
681030 200
681060 200
681090 200
681100 200
681110 200
681150 200
681160 200
681190 200
681240 200
681260 200
681280 200
681290 200
681330 200
681340 200
681350 200
681360 200
681380 200
681390 200
681410 200
681460 200
681480 200
681490 200
681500 200
681520 200
681530 200
681540 200
681550 200
681580 200
681610 200
681620 200
681630 200
681640 200
681670 200
681690 200
681710 200
681730 200
681740 200
681750 200
681760 200
681780 200
681790 200
681800 200
681810 200
681820 200
681830 200
681840 200
681850 200
681900 200
681920 200
681950 200
681980 200
681990 200
682000 200
682010 200
682020 200
682080 200
682100 200
682110 200
682140 200
682160 200
682170 200
682180 200
682230 200
682250 200
682270 200
682280 200
682290 200
682340 200
682350 200
682360 200
682370 200
682450 200
682470 200
682480 200
682490 200
682500 200
682510 200
682530 200
682550 200
682570 200
682590 200
682610 200
682630 200
682670 200
682730 200
682740 200
682770 200
682780 200
682810 200
682820 200
682910 200
682920 200
682960 200
682970 200
682990 200
683000 200
683050 200
683070 200
683130 200
683150 200
683180 200
683190 200
683210 200
683220 200
683230 200
683240 200
683260 200
683280 200
683300 200
683310 200
683320 200
683340 200
683370 200
683430 200
683440 200
683530 200
683600 200
683620 200
683630 200
683660 200
683670 200
683680 200
683690 200
683730 200
683760 200
683770 200
683780 200
683790 200
683810 200
683830 200
683840 200
683870 200
683890 200
683900 200
683930 200
683940 200
683970 200
684000 200
684040 200
684050 200
684060 200
684130 200
684170 200
684200 200
684210 200
684230 200
684250 200
684260 200
684270 200
684320 200
684350 200
684400 200
684410 200
684420 200
684430 200
684450 200
684470 200
684490 200
684510 200
684530 200
684560 200
684570 200
684580 200
684590 200
684620 200
684650 200
684680 200
684700 200
684720 200
684770 200
684800 200
684820 200
684840 200
684870 200
684940 200
684970 200
684980 200
685040 200
685050 200
685110 200
685120 200
685130 200
685140 200
685200 200
685230 200
685240 200
685310 200
685330 200
685340 200
685360 200
685370 200
685400 200
685420 200
685430 200
685450 200
685560 200
685570 200
685670 200
685680 200
685690 200
685700 200
685730 200
685740 200
685750 200
685760 200
685770 200
685790 200
685800 200
685870 200
685910 200
685920 200
685950 200
685970 200
685990 200
686000 200
686010 200
686030 200
686040 200
686060 200
686100 200
686110 200
686200 200
686240 200
686260 200
686270 200
686290 200
686300 200
686340 200
686360 200
686380 200
686440 200
686450 200
686490 200
686500 200
686510 200
686520 200
686550 200
686570 200
686580 200
686610 200
686620 200
686630 200
686640 200
686660 200
686680 200
686720 200
686760 200
686770 200
686810 200
686870 200
686900 200
686910 200
686940 200
686950 200
687260 200
687270 200
687310 200
687320 200
687340 200
687360 200
687390 200
687420 200
687440 200
687480 200
687490 200
687510 200
687520 200
687540 200
687560 200
687590 200
687600 200
687610 200
687630 200
687640 200
687650 200
687720 200
687730 200
687750 200
687760 200
687800 200
687830 200
687850 200
687860 200
687890 200
687900 200
687920 200
687950 200
687980 200
688000 200
688020 200
688050 200
688060 200
688070 200
688120 200
688130 200
688140 200
688150 200
688170 200
688200 200
688210 200
688260 200
688330 200
688350 200
688370 200
688380 200
688420 200
688470 200
688500 200
688540 200
688570 200
688620 200
688630 200
688650 200
688660 200
688680 200
688690 200
688720 200
688730 200
688740 200
688750 200
688770 200
688780 200
688790 200
688800 200
688880 200
688900 200
688910 200
688930 200
688940 200
689000 200
689020 200
689030 200
689040 200
689050 200
689070 200
689090 200
689100 200
689120 200
689130 200
689170 200
689180 200
689210 200
689270 200
689290 200
689300 200
689340 200
689350 200
689370 200
689380 200
689400 200
689460 200
689480 200
689520 200
689600 200
689610 200
689620 200
689660 200
689680 200
689700 200
689710 200
689720 200
689740 200
689760 200
689830 200
689880 200
689900 200
689980 200
690000 200
690040 200
690060 200
690080 200
690100 200
690110 200
690120 200
690130 200
690140 200
690150 200
690200 200
690210 200
690220 200
690240 200
690260 200
690290 200
690320 200
690350 200
690370 200
690400 200
690410 200
690420 200
690440 200
690460 200
690500 200
690550 200
690560 200
690570 200
690580 200
690620 200
690630 200
690640 200
690670 200
690710 200
690740 200
690790 200
690800 200
690810 200
690820 200
690830 200
690840 200
690850 200
690860 200
690930 200
690950 200
690980 200
691020 200
691080 200
691090 200
691150 200
691160 200
691210 200
691220 200
691240 200
691250 200
691280 200
691320 200
691390 200
691420 200
691430 200
691450 200
691540 200
691570 200
691580 200
691590 200
691620 200
691630 200
691640 200
691650 200
691680 200
691690 200
691700 200
691720 200
691730 200
691750 200
691770 200
691790 200
691830 200
691850 200
691860 200
691890 200
691910 200
691930 200
691980 200
691990 200
692030 200
692090 200
692100 200
692110 200
692130 200
692170 200
692190 200
692200 200
692360 200
692530 200
692590 200
692610 200
692630 200
692660 200
692680 200
692690 200
692710 200
692780 200
692790 200
692830 200
692840 200
692850 200
692890 200
692920 200
692930 200
692950 200
693020 200
693030 200
693070 200
693080 200
693090 200
693150 200
693180 200
693190 200
693210 200
693240 200
693250 200
693300 200
693310 200
693320 200
693330 200
693380 200
693400 200
693430 200
693450 200
693500 200
693560 200
693580 200
693650 200
693670 200
693700 200
693790 200
693800 200
693810 200
693820 200
693830 200
693880 200
693890 200
693940 200
693950 200
693960 200
694060 200
694070 200
694110 200
694130 200
694140 200
694150 200
694160 200
694180 200
694230 200
694240 200
694280 200
694320 200
694370 200
694400 200
694420 200
694430 200
694440 200
694470 200
694480 200
694490 200
694500 200
694520 200
694550 200
694610 200
694660 200
694670 200
694680 200
694730 200
694760 200
694770 200
694830 200
694930 200
694950 200
694960 200
694980 200
694990 200
695050 200
695100 200
695110 200
695320 200
695330 200
695360 200
695420 200
695440 200
695450 200
695460 200
695470 200
695480 200
695490 200
695510 200
695560 200
695570 200
695600 200
695630 200
695650 200
695660 200
695720 200
695760 200
695810 200
695830 200
695880 200
695910 200
695920 200
695940 200
695950 200
695960 200
695970 200
695980 200
695990 200
696000 200
696010 200
696020 200
696040 200
696050 200
696060 200
696110 200
696140 200
696150 200
696160 200
696170 200
696180 200
696190 200
696220 200
696250 200
696280 200
696310 200
696360 200
696370 200
696410 200
696430 200
696470 200
696480 200
696490 200
696500 200
696530 200
696540 200
696560 200
696580 200
696590 200
696600 200
696630 200
696710 200
696760 200
696770 200
696810 200
696850 200
696860 200
696880 200
696910 200
696940 200
696960 200
696990 200
697000 200
697130 200
697160 200
697250 200
697270 200
697320 200
697330 200
697370 200
697430 200
697450 200
697490 200
697550 200
697580 200
697610 200
697630 200
697650 200
697660 200
697670 200
697680 200
697710 200
697730 200
697800 200
697850 200
697870 200
697890 200
697900 200
697910 200
697930 200
697950 200
697960 200
697970 200
698030 200
698040 200
698050 200
698080 200
698100 200
698110 200
698160 200
698230 200
698260 200
698320 200
698340 200
698360 200
698370 200
698410 200
698450 200
698480 200
698500 200
698520 200
698540 200
698570 200
698590 200
698600 200
698610 200
698620 200
698640 200
698650 200
698660 200
698670 200
698700 200
698770 200
698780 200
698790 200
698830 200
698870 200
698880 200
698910 200
698920 200
698950 200
698960 200
698980 200
698990 200
699010 200
699040 200
699080 200
699100 200
699130 200
699150 200
699160 200
699170 200
699180 200
699230 200
699240 200
699330 200
699370 200
699390 200
699410 200
699470 200
699480 200
699510 200
699540 200
699560 200
699570 200
699590 200
699600 200
699670 200
699680 200
699700 200
699710 200
699720 200
699740 200
699770 200
699780 200
699790 200
699820 200
699850 200
699860 200
699920 200
699930 200
699940 200
699970 200
699990 200
700030 200
700050 200
700060 200
700100 200
700140 200
700160 200
700170 200
700200 200
700210 200
700270 200
700310 200
700330 200
700340 200
700360 200
700400 200
700440 200
700450 200
700460 200
700480 200
700490 200
700510 200
700520 200
700540 200
700560 200
700570 200
700590 200
700600 200
700610 200
700620 200
700650 200
700720 200
700730 200
700740 200
700750 200
700770 200
700820 200
700830 200
700880 200
700910 200
700920 200
700940 200
700990 200
701010 200
701040 200
701080 200
701100 200
701160 200
701260 200
701280 200
701290 200
701360 200
701370 200
701380 200
701410 200
701420 200
701440 200
701460 200
701470 200
701540 200
701580 200
701610 200
701630 200
701670 200
701680 200
701720 200
701730 200
701740 200
701760 200
701800 200
701810 200
701820 200
701860 200
701870 200
701880 200
701890 200
701900 200
701910 200
701930 200
701940 200
701950 200
701960 200
701970 200
701990 200
702030 200
702050 200
702070 200
702080 200
702110 200
702120 200
702130 200
702150 200
702160 200
702180 200
702200 200
702210 200
702220 200
702300 200
702310 200
702320 200
702340 200
702360 200
702430 200
702490 200
702550 200
702620 200
702670 200
702680 200
702700 200
702790 200
702810 200
702820 200
702890 200
702900 200
702930 200
702940 200
703000 200
703030 200
703050 200
703080 200
703090 200
703100 200
703120 200
703140 200
703180 200
703200 200
703250 200
703260 200
703270 200
703280 200
703310 200
703320 200
703360 200
703400 200
703430 200
703490 200
703500 200
703510 200
703530 200
703540 200
703600 200
703620 200
703630 200
703680 200
703690 200
703700 200
703720 200
703730 200
703800 200
703820 200
703880 200
703910 200
703920 200
703940 200
703960 200
703970 200
703980 200
704000 200
704010 200
704020 200
704030 200
704040 200
704070 200
704110 200
704140 200
704190 200
704200 200
704230 200
704270 200
704300 200
704310 200
704350 200
704360 200
704370 200
704430 200
704450 200
704470 200
704480 200
704510 200
704520 200
704640 200
704660 200
704670 200
704680 200
704690 200
704700 200
704760 200
704840 200
704850 200
704860 200
704880 200
704910 200
704920 200
704940 200
704950 200
704970 200
704990 200
705000 200
705020 200
705040 200
705050 200
705060 200
705070 200
705090 200
705100 200
705120 200
705130 200
705150 200
705170 200
705210 200
705230 200
705240 200
705250 200
705260 200
705280 200
705290 200
705300 200
705340 200
705370 200
705380 200
705390 200
705410 200
705440 200
705450 200
705500 200
705510 200
705530 200
705550 200
705570 200
705610 200
705620 200
705640 200
705670 200
705700 200
705710 200
705740 200
705750 200
705770 200
705780 200
705800 200
705810 200
705860 200
705870 200
705920 200
705930 200
705960 200
706010 200
706020 200
706030 200
706130 200
706200 200
706210 200
706240 200
706270 200
706280 200
706310 200
706320 200
706330 200
706360 200
706370 200
706380 200
706390 200
706440 200
706480 200
706490 200
706510 200
706550 200
706560 200
706570 200
706680 200
706690 200
706710 200
706850 200
706880 200
706920 200
706950 200
706960 200
706980 200
706990 200
707000 200
707010 200
707030 200
707040 200
707110 200
707140 200
707220 200
707230 200
707300 200
707320 200
707350 200
707400 200
707450 200
707470 200
707560 200
707580 200
707590 200
707610 200
707710 200
707720 200
707750 200
707760 200
707770 200
707850 200
707870 200
707920 200
707950 200
707960 200
708020 200
708030 200
708070 200
708100 200
708140 200
708150 200
708190 200
708200 200
708260 200
708280 200
708310 200
708340 200
708360 200
708370 200
708430 200
708450 200
708510 200
708550 200
708580 200
708590 200
708630 200
708640 200
708680 200
708710 200
708720 200
708760 200
708780 200
708820 200
708830 200
708850 200
708870 200
708890 200
708910 200
708920 200
708930 200
708950 200
708970 200
708990 200
709010 200
709020 200
709040 200
709050 200
709080 200
709100 200
709140 200
709190 200
709240 200
709290 200
709340 200
709350 200
709370 200
709380 200
709390 200
709400 200
709410 200
709450 200
709470 200
709490 200
709510 200
709520 200
709560 200
709610 200
709620 200
709670 200
709700 200
709710 200
709720 200
709730 200
709750 200
709780 200
709790 200
709800 200
709820 200
709840 200
709850 200
709870 200
709890 200
709920 200
709940 200
710020 200
710030 200
710070 200
710090 200
710110 200
710120 200
710130 200
710140 200
710160 200
710170 200
710190 200
710220 200
710230 200
710250 200
710280 200
710310 200
710460 200
710470 200
710480 200
710520 200
710550 200
710600 200
710610 200
710620 200
710630 200
710640 200
710650 200
710670 200
710690 200
710700 200
710710 200
710740 200
710760 200
710780 200
710810 200
710820 200
710880 200
710920 200
710940 200
710950 200
710960 200
710990 200
711000 200
711050 200
711070 200
711130 200
711140 200
711150 200
711190 200
711210 200
711230 200
711240 200
711260 200
711300 200
711310 200
711320 200
711330 200
711350 200
711380 200
711390 200
711430 200
711440 200
711450 200
711460 200
711480 200
711500 200
711540 200
711550 200
711570 200
711590 200
711600 200
711610 200
711630 200
711660 200
711690 200
711700 200
711710 200
711720 200
711750 200
711760 200
711770 200
711810 200
711820 200
711840 200
711870 200
711890 200
711920 200
711930 200
711970 200
711980 200
712000 200
712010 200
712060 200
712070 200
712080 200
712090 200
712100 200
712120 200
712150 200
712180 200
712190 200
712210 200
712230 200
712240 200
712260 200
712360 200
712370 200
712390 200
712530 200
712610 200
712620 200
712650 200
712660 200
712700 200
712730 200
712760 200
712770 200
712810 200
712870 200
712880 200
712890 200
712910 200
712970 200
712980 200
713010 200
713030 200
713060 200
713070 200
713080 200
713090 200
713100 200
713160 200
713170 200
713180 200
713220 200
713230 200
713260 200
713310 200
713320 200
713340 200
713350 200
713360 200
713380 200
713390 200
713420 200
713430 200
713450 200
713460 200
713500 200
713530 200
713540 200
713550 200
713570 200
713580 200
713590 200
713600 200
713650 200
713680 200
713740 200
713800 200
713830 200
713840 200
713860 200
713930 200
713980 200
714010 200
714020 200
714050 200
714060 200
714080 200
714120 200
714130 200
714210 200
714240 200
714250 200
714280 200
714290 200
714300 200
714340 200
714360 200
714370 200
714520 200
714530 200
714570 200
714580 200
714590 200
714610 200
714620 200
714640 200
714680 200
714730 200
714780 200
714800 200
714820 200
714840 200
714880 200
714910 200
714970 200
714980 200
715010 200
715020 200
715050 200
715060 200
715090 200
715100 200
715170 200
715210 200
715240 200
715270 200
715280 200
715290 200
715310 200
715320 200
715350 200
715370 200
715380 200
715400 200
715410 200
715430 200
715440 200
715460 200
715470 200
715490 200
715510 200
715520 200
715560 200
715580 200
715650 200
715660 200
715680 200
715690 200
715760 200
715810 200
715840 200
715980 200
715990 200
716000 200
716010 200
716030 200
716040 200
716050 200
716060 200
716070 200
716090 200
716100 200
716130 200
716150 200
716190 200
716230 200
716250 200
716260 200
716310 200
716330 200
716340 200
716350 200
716360 200
716370 200
716380 200
716400 200
716480 200
716490 200
716500 200
716560 200
716600 200
716630 200
716640 200
716650 200
716680 200
716710 200
716750 200
716760 200
716770 200
716780 200
716850 200
716870 200
716900 200
716920 200
716940 200
716950 200
717000 200
717020 200
717040 200
717050 200
717060 200
717070 200
717110 200
717120 200
717170 200
717190 200
717230 200
717240 200
717300 200
717310 200
717320 200
717330 200
717380 200
717400 200
717440 200
717540 200
717560 200
717610 200
717640 200
717670 200
717680 200
717720 200
717760 200
717780 200
717790 200
717800 200
717820 200
717830 200
717840 200
717850 200
717870 200
717910 200
717930 200
717940 200
717950 200
717960 200
717980 200
717990 200
718010 200
718020 200
718030 200
718040 200
718070 200
718080 200
718120 200
718140 200
718180 200
718190 200
718200 200
718210 200
718240 200
718250 200
718270 200
718320 200
718350 200
718370 200
718380 200
718410 200
718470 200
718490 200
718500 200
718530 200
718550 200
718560 200
718590 200
718650 200
718660 200
718670 200
718680 200
718720 200
718730 200
718740 200
718750 200
718830 200
718840 200
718850 200
718910 200
718920 200
718940 200
718960 200
718970 200
718980 200
718990 200
719030 200
719040 200
719070 200
719080 200
719100 200
719110 200
719120 200
719130 200
719140 200
719160 200
719180 200
719200 200
719210 200
719220 200
719240 200
719250 200
719280 200
719290 200
719300 200
719310 200
719320 200
719340 200
719350 200
719370 200
719410 200
719470 200
719520 200
719550 200
719590 200
719600 200
719630 200
719640 200
719660 200
719730 200
719740 200
719750 200
719800 200
719830 200
719840 200
719890 200
719930 200
720000 200
720020 200
720030 200
720040 200
720060 200
720150 200
720160 200
720240 200
720250 200
720270 200
720280 200
720290 200
720300 200
720310 200
720350 200
720380 200
720470 200
720480 200
720510 200
720540 200
720560 200
720600 200
720620 200
720640 200
720660 200
720670 200
720730 200
720850 200
720940 200
720950 200
721030 200
721080 200
721180 200
721300 200
721310 200
721350 200
721380 200
721390 200
721400 200
721420 200
721450 200
721460 200
721480 200
721510 200
721540 200
721670 200
721700 200
721740 200
721760 200
721780 200
721850 200
721890 200
721940 200
721950 200
721960 200
721990 200
722010 200
722020 200
722040 200
722050 200
722060 200
722080 200
722180 200
722200 200
722230 200
722290 200
722330 200
722340 200
722350 200
722370 200
722380 200
722400 200
722540 200
722560 200
722570 200
722580 200
722590 200
722600 200
722620 200
722660 200
722670 200
722680 200
722730 200
722750 200
722760 200
722810 200
722870 200
722890 200
722910 200
722920 200
722960 200
722990 200
723020 200
723030 200
723050 200
723070 200
723090 200
723100 200
723110 200
723130 200
723180 200
723190 200
723210 200
723270 200
723290 200
723330 200
723350 200
723380 200
723390 200
723400 200
723410 200
723420 200
723450 200
723510 200
723540 200
723560 200
723600 200
723610 200
723720 200
723750 200
723760 200
723790 200
723810 200
723820 200
723830 200
723880 200
723890 200
723910 200
723920 200
723930 200
723940 200
723950 200
723960 200
724000 200
724010 200
724030 200
724090 200
724110 200
724120 200
724130 200
724170 200
724180 200
724250 200
724260 200
724290 200
724300 200
724310 200
724330 200
724350 200
724370 200
724390 200
724430 200
724450 200
724470 200
724480 200
724490 200
724510 200
724520 200
724530 200
724580 200
724600 200
724630 200
724640 200
724680 200
724690 200
724710 200
724740 200
724750 200
724760 200
724870 200
724900 200
724910 200
724920 200
724930 200
724940 200
724950 200
724970 200
724980 200
725010 200
725020 200
725040 200
725050 200
725080 200
725090 200
725100 200
725110 200
725120 200
725140 200
725170 200
725270 200
725280 200
725320 200
725330 200
725340 200
725380 200
725410 200
725430 200
725480 200
725510 200
725540 200
725550 200
725620 200
725640 200
725660 200
725680 200
725780 200
725850 200
725870 200
725890 200
725910 200
725920 200
725950 200
725960 200
725970 200
725980 200
726000 200
726020 200
726030 200
726060 200
726070 200
726100 200
726110 200
726160 200
726200 200
726230 200
726250 200
726260 200
726300 200
726320 200
726330 200
726340 200
726360 200
726390 200
726430 200
726450 200
726460 200
726490 200
726500 200
726510 200
726520 200
726550 200
726570 200
726580 200
726600 200
726620 200
726630 200
726710 200
726720 200
726760 200
726770 200
726800 200
726810 200
726820 200
726830 200
726840 200
726870 200
726880 200
726910 200
726950 200
726980 200
727010 200
727020 200
727060 200
727070 200
727100 200
727110 200
727130 200
727140 200
727150 200
727170 200
727180 200
727190 200
727200 200
727220 200
727280 200
727290 200
727310 200
727320 200
727330 200
727340 200
727420 200
727450 200
727460 200
727480 200
727490 200
727510 200
727530 200
727540 200
727550 200
727570 200
727610 200
727640 200
727660 200
727690 200
727720 200
727730 200
727740 200
727760 200
727790 200
727800 200
727830 200
727840 200
727850 200
727860 200
727900 200
727910 200
727960 200
727970 200
728020 200
728050 200
728090 200
728100 200
728110 200
728140 200
728150 200
728170 200
728220 200
728240 200
728420 200
728530 200
728610 200
728620 200
728670 200
728710 200
728720 200
728730 200
728740 200
728770 200
728830 200
728870 200
728880 200
728950 200
728990 200
729000 200
729030 200
729040 200
729050 200
729060 200
729090 200
729130 200
729180 200
729190 200
729270 200
729290 200
729300 200
729310 200
729320 200
729340 200
729370 200
729390 200
729460 200
729520 200
729530 200
729570 200
729580 200
729610 200
729640 200
729650 200
729660 200
729670 200
729680 200
729720 200
729780 200
729820 200
729930 200
729940 200
729970 200
729980 200
729990 200
730010 200
730030 200
730050 200
730090 200
730120 200
730160 200
730170 200
730180 200
730190 200
730220 200
730240 200
730270 200
730280 200
730290 200
730300 200
730310 200
730390 200
730410 200
730420 200
730430 200
730450 200
730460 200
730580 200
730620 200
730670 200
730690 200
730700 200
730710 200
730760 200
730780 200
730820 200
730830 200
730840 200
730860 200
730870 200
730890 200
730920 200
731040 200
731120 200
731180 200
731190 200
731230 200
731250 200
731300 200
731310 200
731320 200
731340 200
731410 200
731420 200
731430 200
731450 200
731490 200
731500 200
731510 200
731520 200
731560 200
731590 200
731600 200
731650 200
731670 200
731680 200
731690 200
731700 200
731720 200
731760 200
731770 200
731790 200
731830 200
731860 200
731880 200
731890 200
731920 200
731930 200
731940 200
731950 200
732010 200
732030 200
732040 200
732050 200
732060 200
732070 200
732090 200
732160 200
732240 200
732290 200
732340 200
732360 200
732370 200
732400 200
732430 200
732440 200
732470 200
732480 200
732510 200
732670 200
732680 200
732690 200
732730 200
732770 200
732800 200
732810 200
732820 200
732840 200
732850 200
732900 200
732930 200
732950 200
732970 200
732980 200
733020 200
733040 200
733050 200
733060 200
733070 200
733090 200
733110 200
733180 200
733210 200
733230 200
733250 200
733300 200
733340 200
733360 200
733420 200
733430 200
733460 200
733480 200
733500 200
733510 200
733520 200
733530 200
733540 200
733550 200
733560 200
733570 200
733620 200
733670 200
733690 200
733710 200
733740 200
733750 200
733760 200
733770 200
733790 200
733800 200
733810 200
733820 200
733840 200
733870 200
733890 200
733910 200
733990 200
734020 200
734080 200
734090 200
734120 200
734330 200
734350 200
734440 200
734450 200
734470 200
734490 200
734510 200
734550 200
734570 200
734580 200
734590 200
734700 200
734730 200
734750 200
734820 200
734840 200
734870 200
734890 200
734900 200
734910 200
734920 200
734980 200
735010 200
735060 200
735110 200
735250 200
735260 200
735280 200
735290 200
735320 200
735350 200
735410 200
735460 200
735490 200
735500 200
735520 200
735530 200
735540 200
735550 200
735570 200
735580 200
735600 200
735620 200
735650 200
735680 200
735810 200
736050 200
736110 200
736180 200
736190 200
736200 200
736220 200
736230 200
736240 200
736250 200
736260 200
736290 200
736300 200
736340 200
736390 200
736420 200
736430 200
736460 200
736470 200
736480 200
736570 200
736590 200
736610 200
736710 200
736720 200
736780 200
736810 200
736820 200
736830 200
736840 200
736850 200
736860 200
736910 200
736920 200
736930 200
737050 200
737070 200
737100 200
737240 200
737260 200
737280 200
737330 200
737340 200
737380 200
737390 200
737470 200
737490 200
737510 200
737520 200
737530 200
737600 200
737630 200
737640 200
737660 200
737670 200
737690 200
737710 200
737730 200
737830 200
737840 200
737870 200
737880 200
737890 200
737930 200
737980 200
738000 200
738020 200
738030 200
738060 200
738080 200
738130 200
738190 200
738210 200
738230 200
738260 200
738270 200
738290 200
738350 200
738440 200
738450 200
738470 200
738480 200
738510 200
738520 200
738530 200
738540 200
738550 200
738560 200
738580 200
738590 200
738600 200
738610 200
738620 200
738650 200
738690 200
738700 200
738720 200
738730 200
738760 200
738770 200
738820 200
738840 200
738860 200
738880 200
738900 200
738920 200
738950 200
739010 200
739030 200
739050 200
739080 200
739100 200
739130 200
739170 200
739180 200
739190 200
739220 200
739240 200
739260 200
739270 200
739290 200
739360 200
739410 200
739540 200
739630 200
739650 200
739660 200
739690 200
739710 200
739720 200
739730 200
739790 200
739800 200
739820 200
739850 200
739880 200
739890 200
739910 200
739930 200
739940 200
739950 200
739980 200
740000 200
740040 200
740060 200
740070 200
740080 200
740090 200
740130 200
740150 200
740170 200
740200 200
740220 200
740230 200
740240 200
740260 200
740270 200
740280 200
740290 200
740300 200
740310 200
740320 200
740330 200
740340 200
740350 200
740390 200
740410 200
740450 200
740470 200
740500 200
740520 200
740550 200
740570 200
740600 200
740690 200
740730 200
740780 200
740810 200
740950 200
740990 200
741010 200
741100 200
741110 200
741120 200
741140 200
741250 200
741260 200
741320 200
741340 200
741360 200
741390 200
741400 200
741430 200
741450 200
741490 200
741500 200
741510 200
741520 200
741550 200
741590 200
741650 200
741670 200
741730 200
741770 200
741820 200
741930 200
741990 200
742010 200
742030 200
742150 200
742170 200
742220 200
742230 200
742250 200
742300 200
742340 200
742360 200
742380 200
742420 200
742460 200
742470 200
742480 200
742490 200
742500 200
742510 200
742520 200
742530 200
742630 200
742700 200
742900 200
742970 200
742990 200
743000 200
743030 200
743070 200
743100 200
743110 200
743130 200
743170 200
743190 200
743230 200
743240 200
743330 200
743340 200
743350 200
743360 200
743380 200
743390 200
743420 200
743450 200
743460 200
743480 200
743500 200
743550 200
743570 200
743580 200
743640 200
743660 200
743670 200
743680 200
743770 200
743830 200
743850 200
743890 200
743900 200
743910 200
743920 200
743940 200
743960 200
743990 200
744010 200
744020 200
744040 200
744050 200
744060 200
744070 200
744170 200
744190 200
744200 200
744220 200
744240 200
744260 200
744270 200
744280 200
744290 200
744330 200
744400 200
744420 200
744430 200
744440 200
744450 200
744460 200
744490 200
744520 200
744550 200
744590 200
744600 200
744610 200
744630 200
744650 200
744660 200
744670 200
744690 200
744700 200
744710 200
744720 200
744750 200
744760 200
744800 200
744810 200
744880 200
744890 200
744900 200
744910 200
744940 200
744960 200
744980 200
745000 200
745010 200
745030 200
745060 200
745090 200
745120 200
745130 200
745180 200
745250 200
745270 200
745280 200
745330 200
745340 200
745360 200
745370 200
745380 200
745400 200
745420 200
745430 200
745450 200
745500 200
745510 200
745520 200
745530 200
745540 200
745560 200
745620 200
745630 200
745650 200
745660 200
745680 200
745710 200
745720 200
745730 200
745740 200
745750 200
745760 200
745790 200
745810 200
745820 200
745830 200
745850 200
745870 200
745880 200
745890 200
745920 200
745930 200
745940 200
745950 200
745960 200
745970 200
746000 200
746010 200
746020 200
746030 200
746040 200
746100 200
746110 200
746140 200
746210 200
746220 200
746240 200
746260 200
746270 200
746300 200
746340 200
746350 200
746360 200
746400 200
746410 200
746420 200
746500 200
746510 200
746520 200
746530 200
746540 200
746560 200
746570 200
746580 200
746590 200
746620 200
746660 200
746680 200
746690 200
746710 200
746750 200
746760 200
746770 200
746840 200
746850 200
746860 200
746880 200
746890 200
746900 200
746910 200
746920 200
746940 200
746990 200
747050 200
747090 200
747130 200
747160 200
747190 200
747200 200
747210 200
747220 200
747230 200
747240 200
747260 200
747280 200
747310 200
747320 200
747330 200
747340 200
747350 200
747360 200
747470 200
747540 200
747560 200
747590 200
747610 200
747620 200
747630 200
747640 200
747650 200
747660 200
747690 200
747700 200
747730 200
747750 200
747770 200
747790 200
747810 200
747820 200
747910 200
747920 200
747930 200
747970 200
747980 200
747990 200
748010 200
748020 200
748040 200
748050 200
748060 200
748110 200
748120 200
748130 200
748270 200
748300 200
748310 200
748320 200
748330 200
748360 200
748370 200
748420 200
748430 200
748480 200
748490 200
748520 200
748540 200
748580 200
748600 200
748610 200
748650 200
748660 200
748670 200
748720 200
748730 200
748780 200
748800 200
748810 200
748820 200
748830 200
748880 200
748890 200
748910 200
748930 200
748940 200
748970 200
748980 200
748990 200
749000 200
749010 200
749040 200
749050 200
749080 200
749110 200
749130 200
749140 200
749160 200
749180 200
749200 200
749250 200
749290 200
749320 200
749340 200
749370 200
749410 200
749420 200
749430 200
749470 200
749480 200
749520 200
749540 200
749550 200
749560 200
749580 200
749650 200
749670 200
749710 200
749720 200
749730 200
749800 200
749820 200
749830 200
749840 200
749850 200
749860 200
749870 200
749880 200
749890 200
749900 200
749920 200
749950 200
749960 200
749980 200
749990 200
750010 200
750020 200
750070 200
750080 200
750130 200
750170 200
750200 200
750210 200
750240 200
750270 200
750290 200
750330 200
750350 200
750360 200
750420 200
750440 200
750450 200
750460 200
750470 200
750500 200
750510 200
750520 200
750610 200
750620 200
750670 200
750710 200
750740 200
750770 200
750780 200
750790 200
750800 200
750820 200
750850 200
750870 200
750900 200
750920 200
750960 200
750990 200
751060 200
751100 200
751110 200
751200 200
751220 200
751230 200
751250 200
751260 200
751280 200
751300 200
751320 200
751330 200
751340 200
751350 200
751380 200
751400 200
751430 200
751440 200
751450 200
751470 200
751480 200
751490 200
751500 200
751530 200
751540 200
751550 200
751590 200
751600 200
751630 200
751640 200
751670 200
751680 200
751690 200
751730 200
751740 200
751780 200
751810 200
751820 200
751870 200
751920 200
751940 200
751950 200
751970 200
751980 200
752000 200
752020 200
752030 200
752040 200
752050 200
752060 200
752070 200
752080 200
752170 200
752180 200
752200 200
752240 200
752290 200
752330 200
752380 200
752430 200
752470 200
752480 200
752500 200
752520 200
752530 200
752550 200
752560 200
752570 200
752580 200
752590 200
752600 200
752640 200
752700 200
752710 200
752760 200
752770 200
752780 200
752800 200
752810 200
752830 200
752850 200
752880 200
752900 200
752910 200
752960 200
753020 200
753090 200
753170 200
753190 200
753210 200
753220 200
753230 200
753240 200
753270 200
753360 200
753370 200
753380 200
753390 200
753400 200
753420 200
753440 200
753490 200
753540 200
753560 200
753570 200
753590 200
753610 200
753630 200
753640 200
753650 200
753660 200
753670 200
753900 200
753920 200
753930 200
753950 200
753960 200
753970 200
753980 200
753990 200
754000 200
754040 200
754050 200
754110 200
754120 200
754150 200
754160 200
754230 200
754240 200
754270 200
754300 200
754310 200
754320 200
754340 200
754350 200
754400 200
754410 200
754460 200
754480 200
754500 200
754510 200
754520 200
754530 200
754540 200
754620 200
754760 200
754800 200
754810 200
754830 200
754840 200
754850 200
754890 200
754930 200
755080 200
755130 200
755140 200
755150 200
755220 200
755230 200
755240 200
755250 200
755340 200
755350 200
755390 200
755410 200
755420 200
755450 200
755470 200
755490 200
755500 200
755520 200
755530 200
755550 200
755560 200
755570 200
755580 200
755590 200
755600 200
755610 200
755630 200
755640 200
755670 200
755760 200
755800 200
755820 200
755830 200
755850 200
755920 200
755950 200
755980 200
756020 200
756040 200
756090 200
756100 200
756150 200
756170 200
756190 200
756200 200
756210 200
756220 200
756230 200
756240 200
756260 200
756290 200
756300 200
756320 200
756340 200
756350 200
756360 200
756380 200
756420 200
756490 200
756500 200
756520 200
756530 200
756560 200
756590 200
756600 200
756630 200
756640 200
756650 200
756680 200
756700 200
756740 200
756790 200
756800 200
756810 200
756840 200
756860 200
756880 200
756890 200
756980 200
757030 200
757040 200
757050 200
757060 200
757080 200
757100 200
757170 200
757180 200
757190 200
757200 200
757210 200
757230 200
757240 200
757290 200
757300 200
757310 200
757320 200
757330 200
757380 200
757400 200
757420 200
757430 200
757440 200
757450 200
757470 200
757480 200
757490 200
757500 200
757530 200
757540 200
757550 200
757580 200
757590 200
757600 200
757630 200
757670 200
757690 200
757700 200
757730 200
757780 200
757810 200
757820 200
757850 200
757860 200
757870 200
757900 200
757910 200
757940 200
757990 200
758010 200
758020 200
758030 200
758050 200
758070 200
758080 200
758090 200
758100 200
758120 200
758140 200
758150 200
758170 200
758190 200
758210 200
758220 200
758250 200
758270 200
758280 200
758320 200
758330 200
758370 200
758400 200
758410 200
758430 200
758470 200
758480 200
758500 200
758530 200
758560 200
758570 200
758580 200
758590 200
758600 200
758610 200
758620 200
758630 200
758640 200
758650 200
758660 200
758680 200
758690 200
758730 200
758790 200
758840 200
758850 200
758870 200
758880 200
758920 200
758930 200
758980 200
758990 200
759000 200
759030 200
759040 200
759080 200
759160 200
759180 200
759260 200
759440 200
759540 200
759570 200
759610 200
759640 200
759650 200
759740 200
759750 200
759830 200
759840 200
759850 200
759860 200
759870 200
759900 200
759920 200
759940 200
759950 200
759980 200
760000 200
760010 200
760030 200
760050 200
760060 200
760120 200
760160 200
760220 200
760240 200
760250 200
760320 200
760330 200
760350 200
760360 200
760390 200
760410 200
760460 200
760490 200
760510 200
760530 200
760550 200
760560 200
760580 200
760630 200
760640 200
760650 200
760660 200
760680 200
760690 200
760800 200
760810 200
760860 200
760890 200
760900 200
760920 200
760930 200
760950 200
760960 200
760980 200
760990 200
761000 200
761010 200
761020 200
761030 200
761040 200
761060 200
761070 200
761090 200
761100 200
761110 200
761130 200
761140 200
761150 200
761170 200
761180 200
761190 200
761220 200
761280 200
761290 200
761300 200
761320 200
761350 200
761440 200
761450 200
761460 200
761480 200
761570 200
761600 200
761620 200
761630 200
761640 200
761660 200
761670 200
761700 200
761720 200
761730 200
761760 200
761770 200
761790 200
761830 200
761880 200
761890 200
761910 200
761920 200
761930 200
762000 200
762010 200
762030 200
762080 200
762100 200
762110 200
762120 200
762130 200
762150 200
762180 200
762190 200
762220 200
762240 200
762250 200
762270 200
762360 200
762370 200
762380 200
762480 200
762490 200
762500 200
762520 200
762540 200
762560 200
762590 200
762610 200
762630 200
762650 200
762670 200
762680 200
762780 200
762830 200
762840 200
762850 200
762860 200
762870 200
762900 200
762930 200
762940 200
762950 200
762980 200
763000 200
763010 200
763030 200
763050 200
763070 200
763090 200
763100 200
763180 200
763200 200
763210 200
763220 200
763230 200
763250 200
763290 200
763300 200
763310 200
763320 200
763340 200
763350 200
763380 200
763400 200
763410 200
763430 200
763490 200
763520 200
763550 200
763570 200
763610 200
763630 200
763650 200
763680 200
763710 200
763730 200
763740 200
763750 200
763790 200
763810 200
763870 200
763890 200
763910 200
763930 200
763950 200
763990 200
764010 200
764030 200
764050 200
764090 200
764110 200
764180 200
764230 200
764240 200
764280 200
764300 200
764370 200
764390 200
764410 200
764420 200
764430 200
764470 200
764490 200
764500 200
764510 200
764540 200
764550 200
764560 200
764570 200
764580 200
764590 200
764630 200
764670 200
764710 200
764720 200
764740 200
764780 200
764790 200
764830 200
764870 200
764880 200
764890 200
764920 200
764930 200
764990 200
765010 200
765030 200
765040 200
765060 200
765090 200
765100 200
765140 200
765160 200
765170 200
765180 200
765210 200
765230 200
765240 200
765250 200
765260 200
765320 200
765350 200
765360 200
765370 200
765380 200
765400 200
765410 200
765450 200
765460 200
765470 200
765480 200
765490 200
765510 200
765520 200
765530 200
765570 200
765590 200
765610 200
765620 200
765630 200
765640 200
765650 200
765690 200
765700 200
765710 200
765730 200
765770 200
765780 200
765790 200
765810 200
765870 200
765880 200
765940 200
765950 200
766000 200
766010 200
766040 200
766060 200
766070 200
766090 200
766150 200
766210 200
766250 200
766280 200
766320 200
766420 200
766430 200
766460 200
766500 200
766560 200
766570 200
766600 200
766620 200
766630 200
766650 200
766680 200
766700 200
766730 200
766740 200
766780 200
766850 200
766900 200
766910 200
766930 200
766940 200
766990 200
767000 200
767010 200
767020 200
767030 200
767050 200
767100 200
767110 200
767130 200
767170 200
767200 200
767300 200
767310 200
767320 200
767330 200
767360 200
767390 200
767400 200
767410 200
767420 200
767460 200
767470 200
767490 200
767500 200
767550 200
767560 200
767590 200
767680 200
767690 200
767800 200
767840 200
767860 200
767870 200
767910 200
767930 200
767970 200
767980 200
768020 200
768060 200
768090 200
768110 200
768130 200
768170 200
768180 200
768200 200
768270 200
768290 200
768300 200
768310 200
768450 200
768460 200
768480 200
768520 200
768540 200
768550 200
768570 200
768580 200
768590 200
768630 200
768640 200
768750 200
768770 200
768800 200
768820 200
768840 200
768880 200
768900 200
768990 200
769020 200
769030 200
769060 200
769080 200
769110 200
769150 200
769160 200
769170 200
769190 200
769200 200
769220 200
769230 200
769320 200
769340 200
769360 200
769370 200
769390 200
769410 200
769420 200
769480 200
769520 200
769540 200
769550 200
769560 200
769580 200
769590 200
769600 200
769630 200
769640 200
769680 200
769690 200
769730 200
769840 200
769910 200
769920 200
769930 200
769940 200
769950 200
769970 200
769980 200
770010 200
770020 200
770040 200
770050 200
770070 200
770080 200
770090 200
770100 200
770110 200
770120 200
770160 200
770200 200
770270 200
770350 200
770360 200
770370 200
770380 200
770390 200
770400 200
770410 200
770460 200
770490 200
770500 200
770520 200
770560 200
770600 200
770630 200
770660 200
770760 200
770790 200
770810 200
770820 200
770830 200
770850 200
770860 200
770870 200
770880 200
770890 200
770900 200
770920 200
771010 200
771060 200
771070 200
771100 200
771120 200
771130 200
771170 200
771180 200
771190 200
771240 200
771250 200
771310 200
771320 200
771340 200
771350 200
771370 200
771380 200
771400 200
771410 200
771420 200
771430 200
771450 200
771470 200
771500 200
771530 200
771540 200
771560 200
771570 200
771670 200
771680 200
771690 200
771700 200
771710 200
771770 200
771800 200
771810 200
771820 200
771860 200
771870 200
771920 200
771950 200
771970 200
772060 200
772070 200
772080 200
772090 200
772100 200
772110 200
772160 200
772180 200
772200 200
772210 200
772220 200
772230 200
772240 200
772260 200
772270 200
772290 200
772300 200
772320 200
772340 200
772360 200
772410 200
772420 200
772430 200
772440 200
772450 200
772460 200
772470 200
772480 200
772500 200
772570 200
772590 200
772600 200
772610 200
772650 200
772670 200
772680 200
772700 200
772710 200
772730 200
772750 200
772940 200
772980 200
772990 200
773010 200
773090 200
773120 200
773130 200
773150 200
773180 200
773190 200
773230 200
773330 200
773360 200
773370 200
773380 200
773390 200
773420 200
773430 200
773440 200
773460 200
773490 200
773510 200
773520 200
773530 200
773540 200
773570 200
773580 200
773590 200
773610 200
773630 200
773640 200
773650 200
773660 200
773670 200
773710 200
773740 200
773790 200
773810 200
773830 200
773840 200
773850 200
773870 200
773910 200
773930 200
773951 200
774051 200
774091 200
774121 200
774131 200
774141 200
774151 200
774161 200
774171 200
774181 200
774191 200
774201 200
774221 200
774241 200
774261 200
774281 200
774291 200
774321 200
774331 200
774351 200
774361 200
774401 200
774411 200
774421 200
774441 200
774451 200
774461 200
774471 200
774501 200
774511 200
774531 200
774541 200
774551 200
774561 200
774651 200
774661 200
774791 200
774801 200
774811 200
774861 200
774891 200
774901 200
774911 200
775200 200
775270 200
775310 200
775430 200
775460 200
775490 200
775500 200
775520 200
775530 200
775570 200
775580 200
775590 200
775620 200
775690 200
775720 200
775730 200
775760 200
775790 200
775830 200
775850 200
775860 200
775900 200
775910 200
775940 200
775960 200
775990 200
776000 200
776020 200
776040 200
776050 200
776100 200
776140 200
776150 200
776160 200
776170 200
776190 200
776210 200
776270 200
776280 200
776290 200
776320 200
776340 200
776360 200
776380 200
776390 200
776410 200
776440 200
776450 200
776490 200
776510 200
776540 200
776550 200
776580 200
776590 200
776600 200
776660 200
776670 200
776720 200
776740 200
776780 200
776790 200
776820 200
776830 200
776880 200
776890 200
776930 200
776960 200
776970 200
777000 200
777020 200
777040 200
777050 200
777130 200
777140 200
777150 200
777160 200
777170 200
777200 200
777210 200
777220 200
777240 200
777250 200
777270 200
777300 200
777310 200
777340 200
777350 200
777360 200
777380 200
777390 200
777410 200
777430 200
777460 200
777470 200
777530 200
777540 200
777550 200
777560 200
777580 200
777590 200
777610 200
777620 200
777650 200
777670 200
777730 200
777760 200
777770 200
777790 200
777820 200
777850 200
777860 200
777880 200
778000 200
778010 200
778030 200
778050 200
778070 200
778080 200
778110 200
778120 200
778140 200
778150 200
778230 200
778240 200
778250 200
778260 200
778270 200
778330 200
778340 200
778360 200
778370 200
778390 200
778400 200
778410 200
778440 200
778460 200
778470 200
778500 200
778510 200
778540 200
778550 200
778570 200
778580 200
778590 200
778600 200
778610 200
778620 200
778630 200
778640 200
778650 200
778700 200
778760 200
778770 200
778780 200
778800 200
778810 200
778840 200
778850 200
778860 200
778870 200
778930 200
778960 200
778980 200
779000 200
779050 200
779060 200
779070 200
779090 200
779100 200
779110 200
779130 200
779140 200
779150 200
779160 200
779170 200
779220 200
779240 200
779250 200
779290 200
779300 200
779320 200
779330 200
779340 200
779360 200
779380 200
779390 200
779430 200
779450 200
779500 200
779550 200
779560 200
779570 200
779580 200
779590 200
779640 200
779650 200
779700 200
779730 200
779780 200
779790 200
779800 200
779840 200
779870 200
779920 200
779950 200
779990 200
780000 200
780020 200
780030 200
780080 200
780120 200
780130 200
780150 200
780160 200
780190 200
780210 200
780230 200
780260 200
780270 200
780280 200
780290 200
780310 200
780320 200
780350 200
780370 200
780390 200
780400 200
780430 200
780500 200
780520 200
780570 200
780580 200
780630 200
780670 200
780700 200
780710 200
780720 200
780740 200
780750 200
780760 200
780800 200
780820 200
780840 200
780850 200
780930 200
780970 200
781000 200
781030 200
781040 200
781050 200
781100 200
781110 200
781130 200
781180 200
781200 200
781220 200
781240 200
781250 200
781260 200
781270 200
781280 200
781290 200
781320 200
781440 200
781450 200
781480 200
781490 200
781500 200
781520 200
781590 200
781610 200
781630 200
781640 200
781650 200
781660 200
781670 200
781680 200
781720 200
781760 200
781780 200
781790 200
781800 200
781810 200
781820 200
781830 200
781840 200
781860 200
781880 200
781890 200
781920 200
781930 200
781950 200
781960 200
781990 200
782020 200
782060 200
782070 200
782100 200
782120 200
782130 200
782140 200
782160 200
782180 200
782190 200
782250 200
782260 200
782280 200
782290 200
782300 200
782330 200
782340 200
782380 200
782410 200
782420 200
782430 200
782450 200
782490 200
782510 200
782570 200
782610 200
782630 200
782640 200
782650 200
782660 200
782670 200
782690 200
782700 200
782940 200
783060 200
783090 200
783120 200
783170 200
783180 200
783200 200
783210 200
783220 200
783230 200
783240 200
783250 200
783260 200
783270 200
783310 200
783320 200
783330 200
783340 200
783400 200
783410 200
783420 200
783430 200
783440 200
783450 200
783550 200
783560 200
783590 200
783650 200
783720 200
783790 200
783840 200
783850 200
783860 200
783890 200
783940 200
783960 200
784010 200
784040 200
784050 200
784060 200
784080 200
784100 200
784110 200
784130 200
784150 200
784180 200
784890 200
784950 200
785030 200
785050 200
785070 200
785090 200
785100 200
785110 200
785130 200
785150 200
785260 200
785430 200
785460 200
785480 200
785560 200
785590 200
785620 200
785640 200
785740 200
785750 200
785760 200
785770 200
785780 200
785790 200
785830 200
785840 200
785850 200
785860 200
785870 200
785880 200
785890 200
785920 200
785940 200
785950 200
786040 200
786060 200
786070 200
786080 200
786090 200
786100 200
786110 200
786120 200
786130 200
786140 200
786150 200
786170 200
786180 200
786280 200
786290 200
786330 200
786340 200
786350 200
786370 200
786380 200
786390 200
786410 200
786420 200
786450 200
786470 200
786490 200
786510 200
786540 200
786570 200
786580 200
786590 200
786640 200
786670 200
786680 200
786710 200
786720 200
786740 200
786770 200
786800 200
786820 200
786840 200
786910 200
786940 200
786950 200
786960 200
786980 200
786990 200
787040 200
787050 200
787070 200
787100 200
787110 200
787120 200
787140 200
787150 200
787160 200
787200 200
787220 200
787250 200
787260 200
787350 200
787370 200
787400 200
787450 200
787460 200
787480 200
787510 200
787530 200
787550 200
787580 200
787620 200
787640 200
787650 200
787690 200
787710 200
787720 200
787730 200
787740 200
787760 200
787780 200
787790 200
787810 200
787840 200
787850 200
787860 200
787920 200
787930 200
787940 200
787950 200
787960 200
787970 200
787980 200
787990 200
788000 200
788020 200
788050 200
788100 200
788120 200
788150 200
788180 200
788190 200
788200 200
788210 200
788240 200
788250 200
788270 200
788310 200
788320 200
788330 200
788350 200
788390 200
788410 200
788420 200
788470 200
788480 200
788490 200
788500 200
788510 200
788520 200
788540 200
788610 200
788630 200
788640 200
788670 200
788690 200
788700 200
788720 200
788730 200
788740 200
788750 200
788760 200
788770 200
788800 200
788820 200
788870 200
788890 200
788900 200
788930 200
788960 200
788970 200
789010 200
789050 200
789090 200
789100 200
789130 200
789160 200
789200 200
789210 200
789220 200
789260 200
789280 200
789290 200
789380 200
789450 200
789480 200
789490 200
789500 200
789510 200
789540 200
789550 200
789570 200
789580 200
789600 200
789610 200
789620 200
789660 200
789670 200
789680 200
789700 200
789710 200
789720 200
789730 200
789740 200
789750 200
789760 200
789770 200
789780 200
789820 200
789830 200
789840 200
789880 200
789890 200
789900 200
789920 200
789930 200
789940 200
789950 200
789980 200
790020 200
790030 200
790050 200
790060 200
790070 200
790080 200
790100 200
790120 200
790130 200
790170 200
790210 200
790230 200
790250 200
790260 200
790290 200
790300 200
790330 200
790350 200
790360 200
790390 200
790410 200
790430 200
790450 200
790540 200
790550 200
790570 200
790600 200
790610 200
790630 200
790680 200
790700 200
790710 200
790740 200
790750 200
790760 200
790790 200
790800 200
790810 200
790820 200
790840 200
790850 200
790860 200
790890 200
790930 200
790950 200
790960 200
790970 200
791000 200
791020 200
791050 200
791140 200
791150 200
791160 200
791180 200
791190 200
791200 200
791240 200
791260 200
791290 200
791300 200
791320 200
791330 200
791370 200
791380 200
791390 200
791400 200
791410 200
791430 200
791470 200
791590 200
791600 200
791630 200
791700 200
791720 200
791740 200
791750 200
791760 200
791770 200
791790 200
791800 200
791880 200
791930 200
791950 200
791960 200
791990 200
792000 200
792030 200
792040 200
792050 200
792070 200
792080 200
792100 200
792120 200
792160 200
792190 200
792200 200
792220 200
792230 200
792290 200
792300 200
792320 200
792340 200
792350 200
792370 200
792380 200
792400 200
792470 200
792480 200
792500 200
792560 200
792570 200
792610 200
792650 200
792660 200
792680 200
792710 200
792720 200
792750 200
792760 200
792770 200
792800 200
792810 200
792820 200
792850 200
792860 200
792870 200
792880 200
792900 200
792910 200
792930 200
792940 200
792970 200
793000 200
793010 200
793030 200
793050 200
793060 200
793080 200
793100 200
793130 200
793180 200
793200 200
793210 200
793220 200
793250 200
793260 200
793280 200
793310 200
793320 200
793350 200
793370 200
793400 200
793410 200
793440 200
793450 200
793460 200
793480 200
793490 200
793510 200
793560 200
793570 200
793600 200
793620 200
793630 200
793640 200
793660 200
793670 200
793690 200
793760 200
793780 200
793820 200
793830 200
793850 200
793880 200
793900 200
793940 200
793970 200
793980 200
793990 200
794030 200
794040 200
794050 200
794180 200
794190 200
794210 200
794230 200
794240 200
794260 200
794270 200
794300 200
794350 200
794390 200
794420 200
794480 200
794490 200
794530 200
794540 200
794550 200
794570 200
794580 200
794600 200
794630 200
794640 200
794650 200
794690 200
794700 200
794740 200
794750 200
794760 200
794780 200
794800 200
794820 200
794830 200
794850 200
794860 200
794940 200
794950 200
794960 200
794990 200
795040 200
795050 200
795080 200
795110 200
795120 200
795160 200
795220 200
795230 200
795310 200
795320 200
795420 200
795440 200
795480 200
795490 200
795510 200
795550 200
795570 200
795610 200
795680 200
795760 200
795910 200
795920 200
795940 200
795950 200
795960 200
795990 200
796030 200
796050 200
796060 200
796070 200
796080 200
796090 200
796100 200
796110 200
796130 200
796140 200
796260 200
796290 200
796300 200
796320 200
796330 200
796340 200
796350 200
796360 200
796370 200
796380 200
796440 200
796460 200
796480 200
796490 200
796500 200
796510 200
796520 200
796530 200
796580 200
796590 200
796600 200
796620 200
796640 200
796660 200
796710 200
796760 200
796770 200
796780 200
796790 200
796800 200
796840 200
796860 200
796900 200
796910 200
796920 200
796930 200
796940 200
796950 200
796970 200
796980 200
797010 200
797020 200
797040 200
797060 200
797070 200
797090 200
797110 200
797180 200
797190 200
797200 200
797300 200
797310 200
797330 200
797340 200
797350 200
797390 200
797400 200
797410 200
797420 200
797430 200
797440 200
797450 200
797550 200
797570 200
797610 200
797620 200
797660 200
797710 200
798140 200
798170 200
798180 200
798190 200
798200 200
798240 200
798280 200
798290 200
798300 200
798330 200
798350 200
798420 200
798460 200
798470 200
798480 200
798490 200
798510 200
798560 200
798590 200
798610 200
798630 200
798650 200
798670 200
798680 200
798710 200
798720 200
798780 200
798790 200
798830 200
798840 200
798850 200
798940 200
798950 200
798960 200
799060 200
799070 200
799080 200
799110 200
799120 200
799180 200
799210 200
799240 200
799260 200
799270 200
799340 200
799360 200
799410 200
799420 200
799460 200
799470 200
799500 200
799510 200
799530 200
799540 200
799560 200
799570 200
799590 200
799600 200
799610 200
799620 200
799640 200
799660 200
799670 200
799730 200
799770 200
799800 200
799810 200
799830 200
799840 200
799860 200
799870 200
799890 200
799910 200
799920 200
799960 200
800030 200
800050 200
800080 200
800120 200
800130 200
800170 200
800180 200
800190 200
800200 200
800240 200
800270 200
800280 200
800290 200
800300 200
800310 200
800320 200
800330 200
800350 200
800380 200
800390 200
800490 200
800510 200
800530 200
800550 200
800560 200
800580 200
800600 200
800620 200
800640 200
800650 200
800670 200
800680 200
800690 200
800700 200
800710 200
800720 200
800820 200
800830 200
800840 200
800860 200
800910 200
800930 200
800980 200
801010 200
801020 200
801040 200
801060 200
801080 200
801120 200
801140 200
801150 200
801180 200
801210 200
801250 200
801260 200
801280 200
801290 200
801330 200
801340 200
801370 200
801380 200
801390 200
801400 200
801410 200
801420 200
801450 200
801480 200
801490 200
801500 200
801550 200
801600 200
801610 200
801630 200
801660 200
801700 200
801750 200
801760 200
801770 200
801780 200
801800 200
801840 200
801870 200
801880 200
801890 200
801900 200
801910 200
801940 200
801950 200
802040 200
802050 200
802060 200
802070 200
802080 200
802090 200
802120 200
802130 200
802160 200
802180 200
802190 200
802200 200
802210 200
802260 200
802270 200
802300 200
802310 200
802320 200
802330 200
802340 200
802360 200
802400 200
802410 200
802450 200
802480 200
802490 200
802530 200
802550 200
802600 200
802650 200
802660 200
802690 200
802720 200
802730 200
802740 200
802780 200
802850 200
802870 200
802880 200
802890 200
802900 200
802930 200
803020 200
803030 200
803040 200
803050 200
803060 200
803080 200
803110 200
803130 200
803150 200
803260 200
803270 200
803280 200
803290 200
803310 200
803320 200
803330 200
803350 200
803390 200
803500 200
803520 200
803570 200
803590 200
803600 200
803640 200
803680 200
803720 200
803750 200
803760 200
803780 200
803800 200
803830 200
803840 200
803850 200
803870 200
803890 200
803920 200
803930 200
803940 200
803960 200
803980 200
804000 200
804010 200
804070 200
804120 200
804130 200
804210 200
804230 200
804270 200
804290 200
804330 200
804350 200
804400 200
804430 200
804440 200
804460 200
804490 200
804530 200
804540 200
804560 200
804600 200
804610 200
804620 200
804680 200
804700 200
804730 200
804780 200
804830 200
804850 200
804860 200
804870 200
804900 200
804970 200
804990 200
805010 200
805020 200
805030 200
805040 200
805070 200
805090 200
805120 200
805150 200
805160 200
805260 200
805270 200
805320 200
805330 200
805340 200
805350 200
805360 200
805370 200
805380 200
805400 200
805420 200
805440 200
805470 200
805480 200
805500 200
805520 200
805540 200
805550 200
805590 200
805610 200
805660 200
805690 200
805710 200
805720 200
805760 200
805770 200
805790 200
805800 200
805820 200
805840 200
805850 200
805870 200
805880 200
805890 200
805900 200
805920 200
805940 200
805950 200
805980 200
805990 200
806000 200
806020 200
806100 200
806140 200
806150 200
806160 200
806180 200
806220 200
806230 200
806240 200
806300 200
806330 200
806350 200
806360 200
806470 200
806480 200
806490 200
806510 200
806530 200
806540 200
806550 200
806560 200
806580 200
806600 200
806610 200
806650 200
806670 200
806720 200
806740 200
806750 200
806760 200
806770 200
806800 200
806830 200
806840 200
806850 200
806860 200
806880 200
806900 200
806910 200
806930 200
806940 200
806950 200
806960 200
806970 200
806990 200
807050 200
807060 200
807070 200
807120 200
807140 200
807230 200
807310 200
807340 200
807430 200
807570 200
807690 200
807730 200
807810 200
807840 200
807870 200
807900 200
807980 200
807990 200
808010 200
808020 200
808080 200
808090 200
808100 200
808120 200
808130 200
808160 200
808190 200
808210 200
808220 200
808290 200
808360 200
808420 200
808450 200
808540 200
808580 200
808610 200
808770 200
808800 200
808810 200
808870 200
808880 200
808910 200
808960 200
808980 200
808990 200
809000 200
809010 200
809020 200
809040 200
809050 200
809060 200
809070 200
809080 200
809140 200
809150 200
809180 200
809200 200
809210 200
809220 200
809230 200
809240 200
809250 200
809310 200
809320 200
809330 200
809340 200
809360 200
809410 200
809430 200
809440 200
809450 200
809460 200
809470 200
809490 200
809500 200
809530 200
809540 200
809550 200
809570 200
809580 200
809610 200
809640 200
809680 200
809700 200
809720 200
809730 200
809760 200
809770 200
809780 200
809790 200
809800 200
809830 200
809840 200
809850 200
809870 200
809880 200
809890 200
809900 200
809950 200
810000 200
810030 200
810040 200
810050 200
810060 200
810190 200
810200 200
810220 200
810230 200
810250 200
810330 200
810340 200
810360 200
810420 200
810450 200
810460 200
810470 200
810500 200
810510 200
810590 200
810610 200
810630 200
810640 200
810650 200
810660 200
810670 200
810680 200
810690 200
810700 200
810720 200
810740 200
810760 200
810770 200
810780 200
810800 200
811030 200
811070 200
811080 200
811090 200
811110 200
811130 200
811160 200
811180 200
811190 200
811250 200
811270 200
811290 200
811320 200
811360 200
811440 200
811450 200
811470 200
811480 200
811620 200
811640 200
811720 200
811760 200
811790 200
811850 200
811870 200
811880 200
811890 200
811910 200
811940 200
811950 200
811970 200
812040 200
812060 200
812070 200
812090 200
812100 200
812110 200
812140 200
812160 200
812170 200
812190 200
812360 200
812380 200
812390 200
812410 200
812430 200
812450 200
812460 200
812550 200
812560 200
812580 200
812590 200
812610 200
812650 200
812740 200
812770 200
812780 200
812810 200
812840 200
812850 200
812860 200
812870 200
812890 200
812900 200
812910 200
812930 200
812940 200
812960 200
812980 200
813020 200
813030 200
813080 200
813110 200
813150 200
813170 200
813230 200
813250 200
813260 200
813290 200
813300 200
813310 200
813350 200
813370 200
813400 200
813440 200
813450 200
813480 200
813530 200
813540 200
813590 200
813630 200
813650 200
813700 200
813730 200
813780 200
813860 200
813920 200
813930 200
813970 200
814000 200
814010 200
814020 200
814030 200
814200 200
814210 200
814230 200
814300 200
814320 200
814330 200
814360 200
814370 200
814380 200
814400 200
814420 200
814480 200
814510 200
814530 200
814540 200
814550 200
814560 200
814570 200
814580 200
814590 200
814600 200
814610 200
814620 200
814630 200
814640 200
814650 200
814660 200
814680 200
814700 200
814710 200
814730 200
814740 200
814770 200
814790 200
814800 200
814870 200
814880 200
814890 200
814900 200
814940 200
814960 200
814990 200
815000 200
815010 200
815030 200
815070 200
815080 200
815090 200
815100 200
815110 200
815150 200
815170 200
815210 200
815260 200
815280 200
815290 200
815300 200
815320 200
815360 200
815370 200
815390 200
815440 200
815450 200
815480 200
815540 200
815550 200
815560 200
815570 200
815580 200
815620 200
815630 200
815660 200
815700 200
815730 200
815780 200
815800 200
815830 200
815840 200
815860 200
815950 200
815970 200
816000 200
816030 200
816040 200
816060 200
816070 200
816080 200
816090 200
816150 200
816160 200
816170 200
816180 200
816190 200
816200 200
816210 200
816240 200
816250 200
816270 200
816280 200
816340 200
816350 200
816380 200
816400 200
816410 200
816430 200
816490 200
816500 200
816550 200
816580 200
816590 200
816600 200
816630 200
816650 200
816670 200
816710 200
816720 200
816730 200
816760 200
816770 200
816810 200
816830 200
816840 200
816850 200
816870 200
816930 200
816990 200
817020 200
817110 200
817120 200
817150 200
817160 200
817200 200
817220 200
817230 200
817250 200
817360 200
817370 200
817390 200
817410 200
817440 200
817460 200
817470 200
817510 200
817530 200
817540 200
817620 200
817630 200
817640 200
817660 200
817680 200
817710 200
817720 200
817770 200
817800 200
817820 200
817840 200
817860 200
817890 200
817920 200
817950 200
817970 200
817980 200
818010 200
818030 200
818050 200
818060 200
818070 200
818090 200
818140 200
818150 200
818210 200
818220 200
818240 200
818320 200
818350 200
818360 200
818370 200
818380 200
818390 200
818400 200
818410 200
818420 200
818430 200
818440 200
818480 200
818500 200
818520 200
818530 200
818570 200
818580 200
818590 200
818610 200
818620 200
818630 200
818640 200
818650 200
818670 200
818710 200
818730 200
818760 200
818780 200
818790 200
818800 200
818830 200
818860 200
818890 200
818910 200
818940 200
818950 200
818960 200
818990 200
819020 200
819030 200
819040 200
819060 200
819070 200
819090 200
819160 200
819190 200
819210 200
819220 200
819230 200
819260 200
819270 200
819280 200
819330 200
819370 200
819440 200
819460 200
819470 200
819480 200
819520 200
819550 200
819560 200
819630 200
819640 200
819650 200
819660 200
819670 200
819730 200
819740 200
819780 200
819790 200
819800 200
819870 200
819880 200
819940 200
819950 200
819980 200
820020 200
820030 200
820040 200
820070 200
820090 200
820170 200
820190 200
820210 200
820240 200
820250 200
820300 200
820310 200
820320 200
820380 200
820400 200
820480 200
820500 200
820510 200
820520 200
820530 200
820540 200
820570 200
820600 200
820610 200
820620 200
820630 200
820640 200
820660 200
820680 200
820690 200
820700 200
820710 200
820730 200
820760 200
820780 200
820790 200
820830 200
820840 200
820880 200
820900 200
820910 200
820950 200
821020 200
821100 200
821120 200
821180 200
821190 200
821230 200
821250 200
821260 200
821320 200
821330 200
821360 200
821370 200
821380 200
821390 200
821400 200
821410 200
821430 200
821440 200
821480 200
821490 200
821500 200
821520 200
821550 200
821560 200
821570 200
821610 200
821640 200
821670 200
821720 200
821780 200
821820 200
821840 200
821850 200
821860 200
821870 200
821880 200
821910 200
821920 200
822030 200
822040 200
822070 200
822110 200
822130 200
822140 200
822150 200
822190 200
822240 200
822250 200
822270 200
822310 200
822440 200
822450 200
822460 200
822470 200
822510 200
822530 200
822540 200
822550 200
822610 200
822640 200
822650 200
822660 200
822680 200
822700 200
822710 200
822720 200
822740 200
822750 200
822760 200
822800 200
822810 200
822830 200
822840 200
822870 200
822900 200
822910 200
822920 200
822930 200
822940 200
822970 200
822990 200
823040 200
823100 200
823130 200
823160 200
823180 200
823210 200
823230 200
823280 200
823290 200
823310 200
823320 200
823330 200
823340 200
823350 200
823360 200
823370 200
823420 200
823470 200
823500 200
823510 200
823530 200
823550 200
823580 200
823590 200
823600 200
823610 200
823640 200
823650 200
823670 200
823690 200
823700 200
823770 200
823800 200
823820 200
823830 200
823840 200
823910 200
823920 200
823940 200
823950 200
824000 200
824070 200
824090 200
824110 200
824170 200
824190 200
824200 200
824220 200
824250 200
824260 200
824270 200
824280 200
824300 200
824400 200
824430 200
824440 200
824450 200
824460 200
824470 200
824520 200
824540 200
824550 200
824570 200
824580 200
824600 200
824620 200
824640 200
824690 200
824720 200
824760 200
824770 200
824830 200
824840 200
824850 200
824880 200
824900 200
825000 200
825060 200
825100 200
825110 200
825160 200
825170 200
825210 200
825240 200
825300 200
825310 200
825320 200
825350 200
825370 200
825450 200
825480 200
825500 200
825550 200
825580 200
825610 200
825620 200
825630 200
825730 200
825970 200
826000 200
826010 200
826020 200
826030 200
826040 200
826050 200
826100 200
826160 200
826170 200
826180 200
826230 200
826270 200
826300 200
826370 200
826380 200
826420 200
826430 200
826450 200
826460 200
826470 200
826480 200
826540 200
826550 200
826590 200
826600 200
826610 200
826630 200
826640 200
826660 200
826740 200
826810 200
826930 200
826940 200
827000 200
827050 200
827100 200
827110 200
827120 200
827130 200
827170 200
827210 200
827220 200
827270 200
827280 200
827290 200
827330 200
827360 200
827410 200
827420 200
827450 200
827460 200
827530 200
827540 200
827560 200
827580 200
827590 200
827610 200
827640 200
827770 200
827780 200
827830 200
827860 200
827880 200
827900 200
827920 200
827930 200
827940 200
827950 200
828030 200
828050 200
828070 200
828080 200
828100 200
828150 200
828160 200
828170 200
828190 200
828220 200
828230 200
828240 200
828250 200
828270 200
828320 200
828350 200
828380 200
828410 200
828420 200
828440 200
828470 200
828480 200
828520 200
828540 200
828550 200
828570 200
828580 200
828590 200
828600 200
828640 200
828660 200
828680 200
828710 200
828730 200
828740 200
828760 200
828770 200
828860 200
828890 200
828900 200
828910 200
828950 200
828960 200
828970 200
829040 200
829080 200
829110 200
829120 200
829210 200
829260 200
829280 200
829300 200
829370 200
829410 200
829420 200
829490 200
829560 200
829590 200
829610 200
829630 200
829660 200
829720 200
829750 200
829760 200
829780 200
829940 200
830360 200
830370 200
830410 200
830430 200
830470 200
830490 200
830500 200
830510 200
830520 200
830560 200
830580 200
830590 200
830620 200
830630 200
830640 200
830710 200
830750 200
830810 200
830820 200
830850 200
830890 200
830980 200
831050 200
831060 200
831070 200
831090 200
831100 200
831110 200
831120 200
831230 200
831250 200
831260 200
831350 200
831450 200
831460 200
831470 200
831490 200
831540 200
831560 200
831570 200
831590 200
831650 200
831660 200
831670 200
831680 200
831720 200
831740 200
831770 200
831790 200
831810 200
831910 200
831950 200
832020 200
832080 200
832130 200
832140 200
832320 200
832360 200
832370 200
832380 200
832420 200
832430 200
832460 200
832470 200
832500 200
832510 200
832520 200
832530 200
832540 200
832610 200
832650 200
832680 200
832690 200
832710 200
832720 200
832770 200
832990 200
833010 200
833020 200
833030 200
833040 200
833060 200
833070 200
833090 200
833110 200
833140 200
833150 200
833170 200
833180 200
833230 200
833260 200
833270 200
833300 200
833330 200
833360 200
833370 200
833390 200
833400 200
833440 200
833470 200
833500 200
833510 200
833530 200
833540 200
833630 200
833650 200
833660 200
833670 200
833690 200
833700 200
833750 200
833760 200
833770 200
833800 200
833810 200
833820 200
833870 200
833910 200
833920 200
833940 200
833950 200
833960 200
833980 200
833990 200
834000 200
834030 200
834050 200
834100 200
834140 200
834150 200
834180 200
834210 200
834280 200
834320 200
834380 200
834390 200
834420 200
834440 200
834450 200
834470 200
834580 200
834740 200
834750 200
834760 200
834790 200
834800 200
834880 200
834910 200
834920 200
834930 200
835040 200
835110 200
835130 200
835430 200
835440 200
835450 200
835490 200
835500 200
835510 200
835520 200
835530 200
835560 200
835570 200
835600 200
835620 200
835630 200
835640 200
835650 200
835660 200
835680 200
835690 200
835700 200
835710 200
835720 200
835740 200
835770 200
835790 200
835800 200
835910 200
835960 200
836010 200
836080 200
836110 200
836120 200
836230 200
836260 200
836280 200
836290 200
836300 200
836330 200
836340 200
836350 200
836420 200
836440 200
836450 200
836460 200
836470 200
836480 200
836490 200
836540 200
836550 200
836560 200
836580 200
836590 200
836600 200
836610 200
836640 200
836690 200
836700 200
836760 200
836770 200
836850 200
836860 200
836880 200
836940 200
837040 200
837090 200
837100 200
837110 200
837180 200
837190 200
837200 200
837210 200
837220 200
837240 200
837260 200
837270 200
837280 200
837290 200
837310 200
837330 200
837350 200
837390 200
837400 200
837430 200
837440 200
837460 200
837470 200
837500 200
837530 200
837550 200
837590 200
837600 200
837610 200
837640 200
837720 200
837780 200
837790 200
837800 200
837850 200
837880 200
837900 200
837920 200
837930 200
837940 200
837950 200
838010 200
838050 200
838070 200
838090 200
838100 200
838110 200
838160 200
838180 200
838190 200
838220 200
838240 200
838270 200
838300 200
838310 200
838340 200
838350 200
838360 200
838380 200
838390 200
838410 200
838440 200
838490 200
838540 200
838620 200
838630 200
838690 200
838700 200
838730 200
838740 200
838750 200
838790 200
838840 200
838940 200
838990 200
839010 200
839020 200
839030 200
839040 200
839080 200
839090 200
839130 200
839200 200
839210 200
839230 200
839240 200
839250 200
839260 200
839280 200
839300 200
839310 200
839330 200
839340 200
839350 200
839370 200
839410 200
839420 200
839430 200
839450 200
839460 200
839500 200
839520 200
839530 200
839560 200
839570 200
839590 200
839630 200
839640 200
839670 200
839680 200
839730 200
839740 200
839770 200
839810 200
839820 200
839850 200
839870 200
839910 200
839920 200
839930 200
839940 200
839960 200
839970 200
840010 200
840020 200
840050 200
840060 200
840090 200
840100 200
840110 200
840130 200
840140 200
840170 200
840180 200
840210 200
840230 200
840240 200
840300 200
840310 200
840380 200
840390 200
840410 200
840420 200
840430 200
840440 200
840500 200
840510 200
840580 200
840590 200
840610 200
840620 200
840690 200
840700 200
840710 200
840720 200
840730 200
840800 200
840810 200
840830 200
840840 200
840860 200
840880 200
840890 200
840910 200
840920 200
840930 200
840940 200
840980 200
841010 200
841020 200
841110 200
841120 200
841140 200
841190 200
841200 200
841210 200
841260 200
841270 200
841290 200
841320 200
841330 200
841340 200
841350 200
841440 200
841470 200
841500 200
841580 200
841600 200
841660 200
841770 200
841790 200
841800 200
841830 200
841870 200
841950 200
841970 200
841980 200
841990 200
842070 200
842080 200
842100 200
842120 200
842130 200
842140 200
842150 200
842170 200
842180 200
842190 200
842250 200
842270 200
842290 200
842350 200
842420 200
842430 200
842470 200
842490 200
842500 200
842510 200
842520 200
842530 200
842560 200
842590 200
842620 200
842660 200
842750 200
842760 200
842770 200
842780 200
842810 200
842850 200
842870 200
842910 200
842980 200
842990 200
843010 200
843020 200
843040 200
843050 200
843080 200
843120 200
843130 200
843160 200
843170 200
843180 200
843190 200
843200 200
843230 200
843250 200
843260 200
843270 200
843280 200
843310 200
843360 200
843370 200
843380 200
843390 200
843400 200
843420 200
843430 200
843440 200
843500 200
843510 200
843520 200
843560 200
843580 200
843590 200
843620 200
843630 200
843640 200
843660 200
843700 200
843710 200
843720 200
843730 200
843740 200
843760 200
843780 200
843790 200
843810 200
843820 200
843840 200
843850 200
843860 200
843870 200
843890 200
843900 200
843920 200
843980 200
843990 200
844010 200
844020 200
844030 200
844040 200
844050 200
844090 200
844130 200
844140 200
844160 200
844180 200
844210 200
844250 200
844260 200
844330 200
844350 200
844380 200
844390 200
844420 200
844430 200
844440 200
844490 200
844500 200
844520 200
844540 200
844580 200
844590 200
844610 200
844620 200
844660 200
844670 200
844740 200
844750 200
844760 200
844790 200
844820 200
844850 200
844860 200
844870 200
844900 200
844910 200
844920 200
844930 200
844940 200
844950 200
844960 200
844970 200
844980 200
844990 200
845030 200
845040 200
845050 200
845070 200
845090 200
845110 200
845150 200
845160 200
845170 200
845200 200
845230 200
845250 200
845270 200
845290 200
845330 200
845350 200
845370 200
845380 200
845390 200
845400 200
845450 200
845460 200
845480 200
845490 200
845510 200
845520 200
845570 200
845590 200
845600 200
845630 200
845650 200
845660 200
845690 200
845700 200
845730 200
845750 200
845820 200
845840 200
845860 200
845870 200
845880 200
845890 200
845900 200
845940 200
845950 200
845960 200
845970 200
846000 200
846010 200
846020 200
846030 200
846040 200
846050 200
846080 200
846110 200
846120 200
846130 200
846200 200
846210 200
846220 200
846230 200
846250 200
846320 200
846340 200
846370 200
846470 200
846530 200
846660 200
846670 200
846690 200
846700 200
846710 200
846730 200
846750 200
846770 200
846780 200
846800 200
846820 200
846830 200
846850 200
846870 200
846880 200
847100 200
847230 200
847240 200
847290 200
847300 200
847310 200
847360 200
847370 200
847390 200
847450 200
847460 200
847490 200
847510 200
847520 200
847530 200
847550 200
847560 200
847570 200
847580 200
847600 200
847650 200
847660 200
847670 200
847680 200
847720 200
847780 200
847790 200
847800 200
847810 200
847860 200
847900 200
847940 200
847950 200
848030 200
848050 200
848060 200
848070 200
848080 200
848090 200
848100 200
848120 200
848150 200
848190 200
848200 200
848220 200
848230 200
848270 200
848300 200
848310 200
848330 200
848350 200
848400 200
848410 200
848420 200
848430 200
848450 200
848460 200
848470 200
848480 200
848500 200
848520 200
848530 200
848550 200
848610 200
848630 200
848660 200
848700 200
848710 200
848720 200
848740 200
848750 200
848770 200
848780 200
848810 200
848840 200
848890 200
848920 200
848930 200
848960 200
849000 200
849030 200
849070 200
849090 200
849100 200
849140 200
849210 200
849220 200
849270 200
849280 200
849290 200
849320 200
849340 200
849350 200
849360 200
849390 200
849410 200
849420 200
849520 200
849560 200
849600 200
849620 200
849630 200
849670 200
849680 200
849690 200
849740 200
849790 200
849800 200
849840 200
849870 200
849880 200
849940 200
849970 200
849980 200
850000 200
850030 200
850040 200
850050 200
850060 200
850110 200
850170 200
850190 200
850250 200
850270 200
850310 200
850320 200
850330 200
850340 200
850450 200
850500 200
850550 200
850710 200
850740 200
850760 200
850780 200
850820 200
850830 200
850840 200
850860 200
850880 200
850920 200
850940 200
850970 200
850980 200
851040 200
851050 200
851100 200
851110 200
851150 200
851180 200
851200 200
851210 200
851220 200
851240 200
851250 200
851280 200
851300 200
851320 200
851330 200
851350 200
851490 200
851520 200
851530 200
851570 200
851580 200
851590 200
851640 200
851650 200
851670 200
851690 200
851710 200
851720 200
851730 200
851770 200
851790 200
851800 200
851810 200
851820 200
851840 200
851850 200
851880 200
851890 200
851920 200
851930 200
851950 200
851960 200
851970 200
851980 200
852090 200
852110 200
852160 200
852180 200
852190 200
852220 200
852250 200
852300 200
852310 200
852320 200
852340 200
852390 200
852420 200
852450 200
852470 200
852480 200
852500 200
852530 200
852560 200
852570 200
852590 200
852610 200
852620 200
852630 200
852650 200
852720 200
852750 200
852760 200
852780 200
852790 200
852860 200
852880 200
852890 200
852900 200
852910 200
852920 200
853000 200
853040 200
853050 200
853060 200
853120 200
853150 200
853200 200
853210 200
853220 200
853240 200
853250 200
853260 200
853290 200
853300 200
853310 200
853320 200
853330 200
853410 200
853450 200
853460 200
853480 200
853500 200
853550 200
853580 200
853590 200
853610 200
853620 200
853700 200
853760 200
853770 200
853780 200
853830 200
853850 200
853860 200
853940 200
853980 200
854030 200
854060 200
854080 200
854120 200
854150 200
854160 200
854190 200
854210 200
854250 200
854330 200
854390 200
854400 200
854450 200
854500 200
854510 200
854530 200
854540 200
854550 200
854570 200
854640 200
854670 200
854680 200
854690 200
854770 200
854810 200
854830 200
854860 200
854870 200
854940 200
854950 200
854990 200
855010 200
855030 200
855050 200
855110 200
855160 200
855180 200
855190 200
855240 200
855320 200
855390 200
855510 200
855530 200
855550 200
855580 200
855590 200
855610 200
855620 200
855630 200
855640 200
855650 200
855670 200
855700 200
855710 200
855730 200
855740 200
855760 200
855770 200
855800 200
855830 200
855850 200
855860 200
855970 200
855990 200
856010 200
856040 200
856050 200
856060 200
856080 200
856100 200
856110 200
856130 200
856160 200
856170 200
856190 200
856210 200
856220 200
856240 200
856260 200
856270 200
856300 200
856310 200
856350 200
856370 200
856420 200
856450 200
856490 200
856540 200
856550 200
856560 200
856570 200
856600 200
856650 200
856670 200
856730 200
856760 200
856770 200
856790 200
856880 200
856890 200
856980 200
856990 200
857010 200
857020 200
857050 200
857060 200
857080 200
857090 200
857110 200
857130 200
857140 200
857180 200
857200 200
857210 200
857240 200
857300 200
857370 200
857410 200
857420 200
857450 200
857460 200
857470 200
857480 200
857500 200
857510 200
857520 200
857540 200
857600 200
857680 200
857690 200
857700 200
857710 200
857740 200
857760 200
857770 200
857850 200
857860 200
857890 200
857900 200
857940 200
857950 200
857980 200
858010 200
858030 200
858040 200
858050 200
858060 200
858070 200
858080 200
858090 200
858100 200
858170 200
858180 200
858200 200
858210 200
858250 200
858260 200
858320 200
858360 200
858380 200
858420 200
858440 200
858500 200
858560 200
858600 200
858630 200
858640 200
858680 200
858710 200
858730 200
858740 200
858760 200
858770 200
858780 200
858810 200
858820 200
858830 200
858840 200
858860 200
858870 200
858880 200
858940 200
858960 200
859020 200
859050 200
859090 200
859120 200
859150 200
859160 200
859170 200
859180 200
859200 200
859220 200
859280 200
859340 200
859350 200
859370 200
859380 200
859440 200
859460 200
859510 200
859530 200
859560 200
859570 200
859580 200
859610 200
859640 200
859660 200
859700 200
859720 200
859740 200
859820 200
859870 200
859920 200
859930 200
859940 200
859950 200
859960 200
859970 200
859990 200
860000 200
860010 200
860020 200
860030 200
860070 200
860080 200
860090 200
860150 200
860210 200
860260 200
860290 200
860320 200
860330 200
860340 200
860350 200
860400 200
860430 200
860440 200
860450 200
860480 200
860490 200
860500 200
860510 200
860530 200
860550 200
860560 200
860590 200
860600 200
860620 200
860640 200
860650 200
860660 200
860670 200
860680 200
860730 200
860770 200
860790 200
860820 200
860860 200
860880 200
860890 200
860900 200
860910 200
860930 200
860950 200
860960 200
860990 200
861000 200
861010 200
861020 200
861030 200
861050 200
861080 200
861150 200
861160 200
861210 200
861230 200
861240 200
861250 200
861260 200
861270 200
861280 200
861290 200
861320 200
861330 200
861350 200
861360 200
861400 200
861410 200
861510 200
861520 200
861530 200
861540 200
861550 200
861580 200
861650 200
861670 200
861710 200
861720 200
861740 200
861760 200
861770 200
861790 200
861860 200
861910 200
861930 200
861940 200
861960 200
862110 200
862130 200
862150 200
862160 200
862190 200
862200 200
862230 200
862240 200
862250 200
862260 200
862280 200
862300 200
862370 200
862390 200
862440 200
862460 200
862480 200
862490 200
862500 200
862520 200
862540 200
862570 200
862580 200
862590 200
862630 200
862670 200
862690 200
862700 200
862730 200
862740 200
862750 200
862770 200
862800 200
862850 200
862880 200
862900 200
862920 200
862990 200
863120 200
863150 200
863170 200
863190 200
863230 200
863270 200
863280 200
863290 200
863300 200
863310 200
863380 200
863390 200
863400 200
863430 200
863460 200
863470 200
863490 200
863500 200
863560 200
863570 200
863580 200
863590 200
863640 200
863660 200
863670 200
863690 200
863720 200
863730 200
863780 200
863810 200
863840 200
863870 200
863900 200
863920 200
863940 200
863970 200
863980 200
864010 200
864020 200
864030 200
864060 200
864100 200
864110 200
864130 200
864150 200
864160 200
864170 200
864190 200
864200 200
864230 200
864300 200
864310 200
864360 200
864370 200
864420 200
864430 200
864450 200
864480 200
864500 200
864510 200
864530 200
864540 200
864550 200
864570 200
864590 200
864600 200
864610 200
864680 200
864700 200
864730 200
864740 200
864760 200
864780 200
864810 200
864850 200
864860 200
864880 200
864930 200
864960 200
864970 200
865030 200
865040 200
865060 200
865090 200
865100 200
865130 200
865150 200
865170 200
865180 200
865190 200
865200 200
865220 200
865270 200
865310 200
865330 200
865360 200
865370 200
865390 200
865410 200
865450 200
865540 200
865570 200
865580 200
865610 200
865630 200
865640 200
865680 200
865720 200
865750 200
865760 200
865800 200
865820 200
865830 200
865840 200
865850 200
865860 200
865870 200
865880 200
865930 200
865940 200
865980 200
865990 200
866010 200
866020 200
866040 200
866080 200
866100 200
866140 200
866180 200
866190 200
866200 200
866270 200
866310 200
866330 200
866340 200
866400 200
866420 200
866430 200
866440 200
866450 200
866480 200
866490 200
866500 200
866510 200
866520 200
866540 200
866570 200
866700 200
866710 200
866730 200
866740 200
866750 200
866770 200
866780 200
866790 200
866800 200
866900 200
866960 200
867010 200
867050 200
867080 200
867110 200
867120 200
867140 200
867150 200
867160 200
867180 200
867210 200
867250 200
867290 200
867380 200
867390 200
867400 200
867420 200
867450 200
867460 200
867470 200
867480 200
867490 200
867510 200
867530 200
867540 200
867550 200
867580 200
867590 200
867640 200
867660 200
867690 200
867700 200
867720 200
867750 200
867760 200
867770 200
867790 200
867800 200
867850 200
867900 200
867920 200
867960 200
867980 200
868000 200
868010 200
868020 200
868040 200
868060 200
868070 200
868080 200
868090 200
868100 200
868130 200
868150 200
868180 200
868190 200
868210 200
868230 200
868240 200
868260 200
868320 200
868360 200
868370 200
868380 200
868390 200
868410 200
868430 200
868440 200
868450 200
868460 200
868500 200
868510 200
868520 200
868550 200
868560 200
868570 200
868580 200
868600 200
868660 200
868710 200
868720 200
868730 200
868760 200
868770 200
868780 200
868830 200
868880 200
868890 200
868910 200
868920 200
868930 200
868940 200
868950 200
868960 200
868970 200
869010 200
869030 200
869060 200
869080 200
869090 200
869100 200
869130 200
869170 200
869260 200
869270 200
869280 200
869290 200
869300 200
869340 200
869350 200
869370 200
869400 200
869410 200
869420 200
869440 200
869450 200
869460 200
869470 200
869490 200
869500 200
869510 200
869540 200
869550 200
869560 200
869580 200
869600 200
869620 200
869630 200
869640 200
869650 200
869660 200
869690 200
869710 200
869730 200
869840 200
869850 200
869870 200
869880 200
869910 200
869930 200
870010 200
870020 200
870030 200
870080 200
870090 200
870100 200
870110 200
870120 200
870140 200
870150 200
870160 200
870180 200
870190 200
870200 200
870260 200
870290 200
870390 200
870400 200
870430 200
870450 200
870520 200
870570 200
870580 200
870590 200
870670 200
870680 200
870690 200
870730 200
870740 200
870750 200
870780 200
870800 200
870830 200
870870 200
870890 200
870930 200
870940 200
870950 200
870990 200
871100 200
871140 200
871150 200
871160 200
871190 200
871200 200
871210 200
871220 200
871230 200
871270 200
871280 200
871290 200
871300 200
871310 200
871330 200
871390 200
871400 200
871410 200
871420 200
871510 200
871530 200
871540 200
871550 200
871570 200
871580 200
871590 200
871620 200
871670 200
871710 200
871720 200
871810 200
871850 200
871860 200
871870 200
871920 200
871930 200
871940 200
871950 200
871980 200
871990 200
872000 200
872040 200
872060 200
872090 200
872110 200
872140 200
872180 200
872200 200
872220 200
872230 200
872240 200
872270 200
872310 200
872330 200
872340 200
872350 200
872360 200
872380 200
872390 200
872410 200
872450 200
872460 200
872470 200
872490 200
872550 200
872560 200
872570 200
872580 200
872590 200
872600 200
872630 200
872670 200
872680 200
872700 200
872720 200
872730 200
872750 200
872810 200
872970 200
872990 200
873040 200
873050 200
873070 200
873090 200
873140 200
873160 200
873180 200
873190 200
873200 200
873210 200
873220 200
873230 200
873250 200
873260 200
873270 200
873280 200
873320 200
873330 200
873370 200
873390 200
873410 200
873470 200
873480 200
873490 200
873500 200
873560 200
873610 200
873710 200
873720 200
873730 200
873740 200
873790 200
873810 200
873830 200
873840 200
873850 200
873890 200
873900 200
873930 200
873940 200
873960 200
873970 200
873980 200
873990 200
874010 200
874020 200
874030 200
874040 200
874060 200
874080 200
874090 200
874130 200
874140 200
874200 200
874230 200
874250 200
874260 200
874270 200
874330 200
874370 200
874390 200
874400 200
874440 200
874450 200
874460 200
874630 200
874640 200
874650 200
874690 200
874700 200
874760 200
874770 200
874780 200
874810 200
874840 200
874880 200
874930 200
875080 200
875100 200
875110 200
875160 200
875210 200
875240 200
875270 200
875300 200
875310 200
875320 200
875340 200
875400 200
875430 200
875500 200
875510 200
875520 200
875530 200
875540 200
875550 200
875590 200
875610 200
875630 200
875640 200
875660 200
875670 200
875710 200
875740 200
875760 200
875780 200
875790 200
875800 200
875810 200
875830 200
875840 200
875930 200
876100 200
876110 200
876120 200
876130 200
876140 200
876150 200
876170 200
876180 200
876190 200
876210 200
876220 200
876240 200
876270 200
876290 200
876300 200
876310 200
876320 200
876340 200
876370 200
876380 200
876410 200
876470 200
876480 200
876500 200
876540 200
876560 200
876580 200
876650 200
876780 200
876810 200
876840 200
876850 200
876880 200
876890 200
876900 200
876930 200
876960 200
877010 200
877040 200
877060 200
877070 200
877080 200
877150 200
877180 200
877200 200
877250 200
877270 200
877300 200
877310 200
877330 200
877340 200
877360 200
877380 200
877400 200
877430 200
877440 200
877470 200
877480 200
877510 200
877530 200
877550 200
877590 200
877610 200
877680 200
877690 200
877710 200
877750 200
877780 200
877800 200
877810 200
877850 200
877870 200
877910 200
877940 200
877960 200
877980 200
878000 200
878020 200
878030 200
878090 200
878100 200
878110 200
878120 200
878140 200
878150 200
878170 200
878180 200
878210 200
878240 200
878250 200
878270 200
878280 200
878290 200
878300 200
878310 200
878320 200
878330 200
878340 200
878350 200
878380 200
878420 200
878440 200
878470 200
878500 200
878510 200
878520 200
878540 200
878580 200
878590 200
878610 200
878620 200
878640 200
878660 200
878670 200
878680 200
878690 200
878710 200
878750 200
878770 200
878780 200
878810 200
878900 200
878910 200
878950 200
878970 200
878980 200
878990 200
879000 200
879030 200
879050 200
879060 200
879080 200
879090 200
879100 200
879110 200
879140 200
879160 200
879200 200
879250 200
879270 200
879280 200
879290 200
879320 200
879390 200
879410 200
879420 200
879430 200
879450 200
879470 200
879480 200
879510 200
879520 200
879530 200
879580 200
879600 200
879610 200
879620 200
879670 200
879740 200
879780 200
879850 200
879920 200
880130 200
880180 200
880200 200
880210 200
880220 200
880270 200
880300 200
880320 200
880330 200
880340 200
880370 200
880380 200
880400 200
880490 200
880510 200
880550 200
880570 200
880580 200
880590 200
880610 200
880620 200
880720 200
880730 200
880750 200
880770 200
880780 200
880790 200
880800 200
880830 200
880840 200
880850 200
880870 200
880910 200
880930 200
880940 200
880950 200
880960 200
880990 200
881020 200
881040 200
881050 200
881060 200
881090 200
881100 200
881110 200
881130 200
881150 200
881180 200
881190 200
881230 200
881260 200
881290 200
881300 200
881310 200
881320 200
881410 200
881420 200
881470 200
881490 200
881500 200
881510 200
881520 200
881550 200
881560 200
881610 200
881620 200
881670 200
881690 200
881710 200
881730 200
881750 200
881810 200
881820 200
881880 200
881900 200
881910 200
881920 200
881930 200
881970 200
881980 200
882020 200
882040 200
882080 200
882100 200
882110 200
882120 200
882140 200
882150 200
882180 200
882190 200
882200 200
882210 200
882220 200
882230 200
882250 200
882260 200
882290 200
882390 200
882410 200
882440 200
882460 200
882560 200
882590 200
882600 200
882630 200
882640 200
882660 200
882670 200
882680 200
882700 200
882710 200
882730 200
882760 200
882790 200
882830 200
882840 200
882860 200
882870 200
882900 200
882910 200
882940 200
882960 200
882980 200
882990 200
883000 200
883020 200
883070 200
883080 200
883100 200
883130 200
883160 200
883190 200
883220 200
883230 200
883240 200
883270 200
883280 200
883300 200
883330 200
883360 200
883390 200
883400 200
883560 200
883590 200
883630 200
883670 200
883680 200
883710 200
883750 200
883780 200
883790 200
883810 200
883830 200
883850 200
883860 200
883870 200
883880 200
883900 200
883930 200
883960 200
884070 200
884080 200
884090 200
884160 200
884180 200
884260 200
884270 200
884290 200
884320 200
884350 200
884370 200
884390 200
884400 200
884410 200
884420 200
884430 200
884440 200
884460 200
884470 200
884500 200
884530 200
884550 200
884590 200
884610 200
884630 200
884640 200
884660 200
884670 200
884880 200
884900 200
884910 200
884920 200
884960 200
884980 200
884990 200
885000 200
885120 200
885140 200
885150 200
885160 200
885190 200
885210 200
885220 200
885290 200
885320 200
885380 200
885470 200
885480 200
885510 200
885530 200
885570 200
885590 200
885630 200
885640 200
885650 200
885690 200
885730 200
885780 200
885790 200
885810 200
885840 200
885890 200
885910 200
885940 200
885950 200
885970 200
886010 200
886020 200
886040 200
886060 200
886070 200
886110 200
886120 200
886180 200
886200 200
886220 200
886230 200
886250 200
886270 200
886290 200
886300 200
886310 200
886330 200
886350 200
886360 200
886370 200
886380 200
886390 200
886420 200
886430 200
886450 200
886460 200
886470 200
886490 200
886530 200
886540 200
886590 200
886600 200
886610 200
886620 200
886630 200
886650 200
886670 200
886710 200
886730 200
886780 200
886820 200
886830 200
886840 200
886860 200
886890 200
886900 200
886950 200
886960 200
886970 200
887040 200
887060 200
887090 200
887160 200
887170 200
887280 200
887300 200
887330 200
887340 200
887370 200
887400 200
887420 200
887440 200
887450 200
887490 200
887510 200
887520 200
887530 200
887550 200
887570 200
887590 200
887630 200
887660 200
887680 200
887710 200
887720 200
887730 200
887740 200
887750 200
887800 200
887820 200
887850 200
887870 200
887880 200
887890 200
887900 200
887910 200
887920 200
887930 200
887940 200
887950 200
887960 200
887970 200
888010 200
888020 200
888040 200
888070 200
888090 200
888130 200
888140 200
888150 200
888200 200
888220 200
888250 200
888310 200
888380 200
888400 200
888420 200
888480 200
888530 200
888540 200
888560 200
888570 200
888610 200
888620 200
888630 200
888640 200
888670 200
888690 200
888710 200
888740 200
888760 200
888780 200
888790 200
888800 200
888810 200
888880 200
888900 200
888910 200
888970 200
888990 200
889060 200
889080 200
889090 200
889100 200
889130 200
889150 200
889160 200
889170 200
889220 200
889240 200
889260 200
889280 200
889290 200
889320 200
889400 200
889450 200
889470 200
889480 200
889500 200
889510 200
889520 200
889530 200
889600 200
889670 200
889700 200
889710 200
889720 200
889730 200
889740 200
889770 200
889790 200
889850 200
889910 200
889970 200
889990 200
890010 200
890070 200
890130 200
890180 200
890200 200
890210 200
890220 200
890280 200
890300 200
890310 200
890400 200
890470 200
890480 200
890500 200
890520 200
890550 200
890570 200
890590 200
890600 200
890630 200
890640 200
890680 200
890690 200
890700 200
890710 200
890720 200
890740 200
890750 200
890800 200
890820 200
890880 200
890890 200
890900 200
890910 200
890920 200
890930 200
890970 200
891020 200
891040 200
891100 200
891110 200
891120 200
891130 200
891170 200
891180 200
891190 200
891200 200
891220 200
891240 200
891270 200
891290 200
891310 200
891320 200
891330 200
891340 200
891350 200
891360 200
891370 200
891380 200
891430 200
891460 200
891470 200
891480 200
891490 200
891510 200
891700 200
891710 200
891720 200
891790 200
891850 200
891870 200
891950 200
891960 200
891970 200
891990 200
892020 200
892130 200
892150 200
892160 200
892180 200
892200 200
892210 200
892310 200
892380 200
892420 200
892460 200
892470 200
892490 200
892500 200
892550 200
892560 200
892570 200
892630 200
892640 200
892740 200
892760 200
892780 200
892830 200
892840 200
892860 200
892880 200
892910 200
892930 200
892960 200
892970 200
892980 200
892990 200
893010 200
893020 200
893030 200
893050 200
893060 200
893070 200
893090 200
893120 200
893150 200
893170 200
893180 200
893330 200
893350 200
893370 200
893390 200
893420 200
893450 200
893460 200
893470 200
893480 200
893490 200
893500 200
893560 200
893570 200
893590 200
893610 200
893620 200
893640 200
893650 200
893670 200
893680 200
893690 200
893710 200
893720 200
893790 200
893810 200
893840 200
893850 200
893870 200
893900 200
893910 200
893940 200
893950 200
893960 200
894000 200
894010 200
894020 200
894060 200
894070 200
894090 200
894120 200
894160 200
894200 200
894270 200
894330 200
894340 200
894350 200
894360 200
894380 200
894390 200
894420 200
894430 200
894460 200
894540 200
894570 200
894610 200
894620 200
894630 200
894730 200
894740 200
894750 200
894820 200
894830 200
894890 200
894940 200
894960 200
895000 200
895060 200
895110 200
895120 200
895140 200
895160 200
895170 200
895180 200
895200 200
895210 200
895220 200
895370 200
895400 200
895420 200
895430 200
895470 200
895480 200
895510 200
895520 200
895550 200
895580 200
895600 200
895610 200
895620 200
895650 200
895670 200
895710 200
895740 200
895750 200
895760 200
895820 200
895850 200
895860 200
895870 200
895890 200
895900 200
895930 200
895940 200
895950 200
895960 200
895970 200
895980 200
895990 200
896010 200
896030 200
896040 200
896110 200
896160 200
896170 200
896180 200
896220 200
896230 200
896240 200
896250 200
896340 200
896350 200
896370 200
896380 200
896400 200
896410 200
896440 200
896460 200
896500 200
896520 200
896550 200
896570 200
896590 200
896650 200
896750 200
896820 200
896850 200
896870 200
896880 200
896890 200
896940 200
896950 200
896960 200
896970 200
896980 200
896990 200
897000 200
897010 200
897020 200
897030 200
897040 200
897100 200
897110 200
897120 200
897160 200
897210 200
897220 200
897270 200
897300 200
897330 200
897340 200
897360 200
897380 200
897410 200
897420 200
897440 200
897450 200
897530 200
897550 200
897560 200
897580 200
897610 200
897630 200
897640 200
897650 200
897700 200
897730 200
897740 200
897760 200
897770 200
897800 200
897820 200
897830 200
897880 200
897890 200
897900 200
897910 200
897930 200
897940 200
897970 200
897980 200
898000 200
898040 200
898050 200
898070 200
898080 200
898090 200
898120 200
898160 200
898170 200
898200 200
898220 200
898240 200
898250 200
898260 200
898290 200
898310 200
898320 200
898340 200
898380 200
898400 200
898430 200
898440 200
898450 200
898460 200
898490 200
898500 200
898580 200
898650 200
898660 200
898680 200
898690 200
898720 200
898750 200
898780 200
898790 200
898800 200
898810 200
898830 200
898890 200
898910 200
898920 200
898930 200
898950 200
898980 200
899000 200
899020 200
899090 200
899100 200
899160 200
899180 200
899190 200
899200 200
899220 200
899230 200
899270 200
899290 200
899310 200
899340 200
899390 200
899440 200
899460 200
899470 200
899480 200
899530 200
899540 200
899570 200
899590 200
899610 200
899630 200
899760 200
899770 200
899930 200
899940 200
899960 200
899970 200
899990 200
900010 200
900040 200
900050 200
900060 200
900270 200
900290 200
900330 200
900340 200
900370 200
900380 200
900390 200
900400 200
900490 200
900790 200
900883 200
901000 200
901020 200
901553 200
901638 200
901667 200
901735 200
901776 200
903040 200
903150 200
903160 200
903180 200
903280 200
903310 200
903450 200
903490 200
903560 200
903570 200
903580 200
903620 200
903630 200
903640 200
903680 200
903700 200
903710 200
903730 200
903740 200
903760 200
903780 200
903790 200
903830 200
903850 200
903880 200
903910 200
903930 200
903950 200
904050 200
904130 200
904140 200
904160 200
904230 200
904310 200
904320 200
904340 200
904360 200
904380 200
904400 200
904410 200
904430 200
904440 200
904450 200
904500 200
904510 200
904520 200
904530 200
904540 200
904570 200
904600 200
904640 200
904680 200
904700 200
904740 200
904750 200
904770 200
904780 200
904800 200
904810 200
904820 200
904840 200
904850 200
904860 200
904890 200
904900 200
904950 200
904960 200
904970 200
904990 200
905010 200
905020 200
905060 200
905070 200
905090 200
905120 200
905130 200
905150 200
905180 200
905240 200
905260 200
905280 200
905330 200
905340 200
905350 200
905360 200
905380 200
905390 200
905400 200
905410 200
905440 200
905460 200
905490 200
905510 200
905530 200
905540 200
905560 200
905570 200
905590 200
905630 200
905640 200
905650 200
905660 200
905670 200
905690 200
905760 200
905790 200
905800 200
905860 200
905870 200
905880 200
905890 200
905960 200
905970 200
905980 200
906010 200
906030 200
906050 200
906100 200
906110 200
906120 200
906160 200
906190 200
906240 200
906250 200
906280 200
906300 200
906310 200
906360 200
906370 200
906390 200
906430 200
906460 200
906470 200
906480 200
906510 200
906560 200
906600 200
906650 200
906660 200
906680 200
906730 200
906740 200
906770 200
906790 200
906820 200
906850 200
906870 200
906880 200
906920 200
906930 200
907000 200
907020 200
907030 200
907040 200
907050 200
907090 200
907160 200
907190 200
907210 200
907220 200
907240 200
907250 200
907270 200
907310 200
907330 200
907350 200
907380 200
907390 200
907410 200
907460 200
907470 200
907500 200
907520 200
907560 200
907590 200
907620 200
907630 200
907650 200
907670 200
907710 200
907760 200
907770 200
907780 200
907820 200
907870 200
907900 200
907920 200
907940 200
907950 200
907970 200
907980 200
908000 200
908010 200
908020 200
908050 200
908060 200
908070 200
908090 200
908100 200
908120 200
908150 200
908180 200
908200 200
908230 200
908260 200
908270 200
908310 200
908320 200
908330 200
908350 200
908360 200
908390 200
908400 200
908420 200
908480 200
908500 200
908510 200
908560 200
908590 200
908620 200
908660 200
908690 200
908710 200
908730 200
908740 200
908750 200
908770 200
908790 200
908820 200
908830 200
908840 200
908920 200
908940 200
908950 200
908960 200
908990 200
909010 200
909020 200
909080 200
909100 200
909110 200
909170 200
909190 200
909200 200
909220 200
909270 200
909320 200
909360 200
909370 200
909380 200
909430 200
909470 200
909480 200
909500 200
909570 200
909580 200
909630 200
909660 200
909670 200
909710 200
909750 200
909820 200
909830 200
909900 200
909970 200
910150 200
910180 200
910190 200
910200 200
910210 200
910220 200
910230 200
910250 200
910260 200
910280 200
910290 200
910320 200
910380 200
910390 200
910400 200
910420 200
910430 200
910450 200
910460 200
910470 200
910490 200
910500 200
910530 200
910540 200
910590 200
910630 200
910650 200
910660 200
910700 200
910730 200
910750 200
910770 200
910800 200
910830 200
910850 200
910860 200
910880 200
910980 200
910990 200
911010 200
911040 200
911050 200
911100 200
911120 200
911130 200
911170 200
911180 200
911200 200
911210 200
911220 200
911230 200
911240 200
911270 200
911280 200
911290 200
911320 200
911380 200
911400 200
911420 200
911430 200
911480 200
911500 200
911510 200
911520 200
911550 200
911580 200
911630 200
911640 200
911660 200
911680 200
911690 200
911760 200
911850 200
911880 200
911950 200
912000 200
912010 200
912070 200
912110 200
912120 200
912140 200
912190 200
912210 200
912250 200
912260 200
912310 200
912360 200
912370 200
912380 200
912390 200
912410 200
912420 200
912450 200
912500 200
912510 200
912520 200
912550 200
912560 200
912570 200
912580 200
912590 200
912650 200
912660 200
912690 200
912720 200
912730 200
912770 200
912790 200
912810 200
912820 200
912840 200
912900 200
912920 200
912990 200
913000 200
913010 200
913060 200
913090 200
913100 200
913110 200
913120 200
913130 200
913160 200
913170 200
913180 200
913210 200
913250 200
913260 200
913270 200
913280 200
913320 200
913350 200
913370 200
913420 200
913440 200
913500 200
913550 200
913570 200
913590 200
913600 200
913650 200
913660 200
913670 200
913690 200
913710 200
913720 200
913730 200
913740 200
913780 200
913800 200
913830 200
913850 200
913890 200
913910 200
914000 200
914010 200
914020 200
914050 200
914070 200
914090 200
914130 200
914140 200
914170 200
914180 200
914190 200
914200 200
914210 200
914220 200
914260 200
914270 200
914290 200
914320 200
914350 200
914400 200
914420 200
914430 200
914440 200
914450 200
914480 200
914500 200
914600 200
914620 200
914630 200
914640 200
914680 200
914690 200
914710 200
914720 200
914740 200
914750 200
914800 200
914850 200
914890 200
914900 200
914930 200
914950 200
915020 200
915060 200
915080 200
915120 200
915130 200
915160 200
915190 200
915200 200
915230 200
915270 200
915300 200
915310 200
915320 200
915330 200
915360 200
915380 200
915420 200
915430 200
915440 200
915460 200
915480 200
915490 200
915540 200
915560 200
915570 200
915600 200
915610 200
915640 200
915670 200
915680 200
915710 200
915720 200
915730 200
915760 200
915770 200
915810 200
915820 200
915850 200
915860 200
915930 200
915960 200
916010 200
916030 200
916040 200
916050 200
916060 200
916100 200
916120 200
916130 200
916140 200
916150 200
916160 200
916180 200
916240 200
916260 200
916290 200
916320 200
916330 200
916340 200
916350 200
916370 200
916380 200
916390 200
916440 200
916470 200
916480 200
916510 200
916540 200
916580 200
916630 200
916640 200
916730 200
916780 200
916790 200
916840 200
916860 200
916880 200
916900 200
916910 200
916930 200
916950 200
916960 200
916970 200
917000 200
917020 200
917050 200
917130 200
917140 200
917150 200
917200 200
917220 200
917240 200
917280 200
917290 200
917380 200
917550 200
917600 200
917640 200
917680 200
917690 200
917710 200
917720 200
917740 200
917760 200
917770 200
917800 200
917810 200
917820 200
917830 200
917840 200
917850 200
917870 200
917880 200
917900 200
917910 200
917920 200
917940 200
917950 200
917990 200
918000 200
918060 200
918070 200
918080 200
918100 200
918110 200
918170 200
918180 200
918190 200
918200 200
918260 200
918300 200
918320 200
918380 200
918430 200
918440 200
918450 200
918480 200
918500 200
918520 200
918530 200
918550 200
918570 200
918600 200
918610 200
918620 200
918670 200
918680 200
918690 200
918700 200
918720 200
918740 200
918780 200
918820 200
918850 200
918900 200
918950 200
918980 200
918990 200
919010 200
919040 200
919150 200
919160 200
919170 200
919190 200
919200 200
919220 200
919240 200
919250 200
919260 200
919290 200
919320 200
919330 200
919360 200
919370 200
919400 200
919410 200
919440 200
919610 200
919640 200
919690 200
919730 200
919890 200
920190 200
920200 200
920210 200
920280 200
920320 200
920450 200
920460 200
920500 200
920510 200
920520 200
920580 200
920620 200
920640 200
920680 200
920710 200
920720 200
920770 200
920780 200
920800 200
920820 200
921050 200
921070 200
921090 200
921390 200
921420 200
921430 200
921450 200
921490 200
921500 200
921520 200
921530 200
921570 200
921590 200
921660 200
921690 200
921700 200
921710 200
921720 200
921730 200
921740 200
921760 200
921770 200
921780 200
921790 200
921800 200
921840 200
921850 200
921890 200
921900 200
921960 200
921970 200
922020 200
922040 200
922050 200
922060 200
922090 200
922100 200
922130 200
922140 200
922150 200
922170 200
922220 200
922290 200
922320 200
922400 200
922410 200
922450 200
922460 200
922470 200
922480 200
922490 200
922500 200
922510 200
922520 200
922530 200
922550 200
922590 200
922610 200
922620 200
922630 200
922640 200
922650 200
922690 200
922700 200
922710 200
922800 200
922810 200
922820 200
922880 200
922920 200
923000 200
923010 200
923020 200
923030 200
923050 200
923080 200
923100 200
923110 200
923120 200
923130 200
923140 200
923230 200
923240 200
923260 200
923340 200
923350 200
923360 200
923370 200
923390 200
923400 200
923420 200
923430 200
923460 200
923470 200
923480 200
923500 200
923510 200
923530 200
923540 200
923550 200
923570 200
923590 200
923630 200
923670 200
923690 200
923710 200
923730 200
923750 200
923760 200
923780 200
923790 200
923810 200
923830 200
923840 200
923880 200
923890 200
923900 200
923910 200
923970 200
924020 200
924070 200
924090 200
924100 200
924120 200
924130 200
924140 200
924200 200
924250 200
924280 200
924310 200
924360 200
924370 200
924380 200
924390 200
924420 200
924430 200
924460 200
924500 200
924520 200
924530 200
924650 200
924740 200
924750 200
924780 200
924790 200
924800 200
924870 200
924900 200
924940 200
924960 200
924970 200
924980 200
925010 200
925040 200
925050 200
925060 200
925070 200
925090 200
925120 200
925170 200
925280 200
925290 200
925300 200
925330 200
925340 200
925360 200
925370 200
925440 200
925460 200
925470 200
925490 200
925500 200
925520 200
925540 200
925550 200
925560 200
925570 200
925600 200
925640 200
925670 200
925690 200
925700 200
925810 200
925900 200
925910 200
925930 200
925940 200
925950 200
926010 200
926070 200
926090 200
926100 200
926110 200
926120 200
926130 200
926140 200
926170 200
926180 200
926200 200
926210 200
926240 200
926250 200
926290 200
926310 200
926330 200
926340 200
926350 200
926370 200
926390 200
926400 200
926420 200
926440 200
926450 200
926470 200
926490 200
926520 200
926540 200
926580 200
926600 200
926610 200
926720 200
926810 200
926820 200
926860 200
926870 200
926990 200
927050 200
927080 200
927120 200
927150 200
927190 200
927250 200
927270 200
927310 200
927370 200
927580 200
927670 200
927740 200
927760 200
927840 200
927850 200
927860 200
927890 200
927930 200
927970 200
927990 200
928000 200
928070 200
928130 200
928140 200
928160 200
928180 200
928210 200
928230 200
928300 200
928350 200
928370 200
928390 200
928410 200
928440 200
928480 200
928520 200
928610 200
928660 200
928670 200
928680 200
928690 200
928830 200
928840 200
928880 200
928890 200
928940 200
928950 200
928960 200
928970 200
928990 200
929010 200
929020 200
929030 200
929060 200
929120 200
929140 200
929150 200
929170 200
929180 200
929200 200
929210 200
929230 200
929280 200
929290 200
929300 200
929310 200
929320 200
929340 200
929400 200
929410 200
929420 200
929430 200
929440 200
929450 200
929460 200
929470 200
929510 200
929530 200
929540 200
929570 200
929600 200
929610 200
929630 200
929640 200
929670 200
929740 200
929800 200
929850 200
929910 200
930030 200
930110 200
930150 200
930210 200
930220 200
930280 200
930290 200
930300 200
930310 200
930320 200
930360 200
930410 200
930430 200
930470 200
930480 200
930500 200
930600 200
930620 200
930630 200
930640 200
930650 200
930690 200
930710 200
930730 200
930780 200
930840 200
930850 200
930860 200
930880 200
930910 200
930970 200
931000 200
931040 200
931060 200
931090 200
931120 200
931140 200
931150 200
931200 200
931210 200
931220 200
931250 200
931260 200
931270 200
931280 200
931310 200
931360 200
931430 200
931450 200
931470 200
931480 200
931500 200
931540 200
931560 200
931570 200
931590 200
931610 200
931620 200
931650 200
931680 200
931690 200
931700 200
931760 200
931780 200
931810 200
931820 200
931830 200
931840 200
931860 200
931870 200
931880 200
931930 200
931940 200
931950 200
932050 200
932070 200
932090 200
932120 200
932150 200
932160 200
932170 200
932190 200
932210 200
932220 200
932240 200
932270 200
932290 200
932300 200
932310 200
932330 200
932350 200
932370 200
932420 200
932450 200
932500 200
932530 200
932560 200
932570 200
932670 200
932790 200
932800 200
932810 200
932820 200
932850 200
932870 200
932920 200
932930 200
932940 200
932950 200
932970 200
932980 200
933000 200
933030 200
933060 200
933080 200
933110 200
933140 200
933160 200
933200 200
933210 200
933230 200
933250 200
933290 200
933300 200
933360 200
933380 200
933390 200
933430 200
933440 200
933450 200
933540 200
933590 200
933660 200
933740 200
933770 200
933820 200
933840 200
933860 200
933900 200
933920 200
933930 200
933940 200
933970 200
934060 200
934070 200
934120 200
934180 200
934220 200
934250 200
934260 200
934410 200
934430 200
934470 200
934480 200
934500 200
934510 200
934520 200
934540 200
934550 200
934580 200
934590 200
934600 200
934630 200
934670 200
934700 200
934780 200
934790 200
934800 200
934810 200
934830 200
934840 200
934850 200
934860 200
934920 200
934930 200
934950 200
934990 200
935020 200
935070 200
935110 200
935140 200
935180 200
935190 200
935240 200
935250 200
935320 200
935340 200
935350 200
935360 200
935380 200
935400 200
935490 200
935550 200
935560 200
935570 200
935580 200
935610 200
935630 200
935640 200
935660 200
935680 200
935700 200
935720 200
935750 200
935790 200
935840 200
935860 200
935880 200
935910 200
935920 200
935930 200
935940 200
935950 200
935960 200
935970 200
935980 200
936000 200
936010 200
936020 200
936060 200
936070 200
936140 200
936150 200
936160 200
936170 200
936180 200
936190 200
936210 200
936270 200
936470 200
936490 200
936500 200
936510 200
936530 200
936580 200
936590 200
936600 200
936610 200
936630 200
936650 200
936700 200
936720 200
936740 200
936770 200
936780 200
936790 200
936800 200
936810 200
936820 200
936870 200
936890 200
936900 200
936930 200
936950 200
936970 200
936980 200
937020 200
937050 200
937070 200
937090 200
937120 200
937130 200
937140 200
937160 200
937170 200
937180 200
937230 200
937280 200
937310 200
937320 200
937350 200
937380 200
937390 200
937420 200
937450 200
937460 200
937490 200
937520 200
937530 200
937570 200
937580 200
937620 200
937690 200
937740 200
937770 200
937780 200
937820 200
937850 200
937860 200
937870 200
937910 200
937930 200
937940 200
937950 200
937960 200
937970 200
937980 200
938000 200
938020 200
938040 200
938050 200
938070 200
938100 200
938170 200
938200 200
938220 200
938240 200
938250 200
938260 200
938270 200
938280 200
938300 200
938310 200
938320 200
938340 200
938350 200
938360 200
938380 200
938390 200
938480 200
938510 200
938520 200
938560 200
938600 200
938630 200
938640 200
938660 200
938680 200
938710 200
938740 200
938810 200
938820 200
938840 200
938860 200
938870 200
938940 200
938960 200
938980 200
939000 200
939100 200
939120 200
939150 200
939200 200
939210 200
939230 200
939240 200
939250 200
939330 200
939350 200
939380 200
939390 200
939400 200
939410 200
939450 200
939470 200
939510 200
939520 200
939530 200
939560 200
939580 200
939600 200
939610 200
939620 200
939670 200
939700 200
939740 200
939750 200
939790 200
939850 200
939870 200
939960 200
939970 200
939990 200
940020 200
940140 200
940180 200
940190 200
940240 200
940280 200
940300 200
940310 200
940320 200
940330 200
940350 200
940380 200
940520 200
940580 200
940590 200
940600 200
940630 200
940640 200
940650 200
940680 200
940700 200
940710 200
940780 200
940790 200
940800 200
940810 200
940850 200
940870 200
940910 200
940980 200
940990 200
941000 200
941020 200
941030 200
941040 200
941050 200
941120 200
941130 200
941140 200
941160 200
941200 200
941300 200
941310 200
941320 200
941330 200
941350 200
941390 200
941410 200
941460 200
941480 200
941530 200
941540 200
941570 200
941580 200
941600 200
941620 200
941630 200
941640 200
941650 200
941710 200
941730 200
941790 200
941800 200
941850 200
941890 200
941920 200
941980 200
942010 200
942020 200
942050 200
942060 200
942140 200
942200 200
942220 200
942250 200
942270 200
942300 200
942330 200
942340 200
942370 200
942390 200
942440 200
942480 200
942490 200
942510 200
942520 200
942530 200
942600 200
942760 200
942800 200
942840 200
942850 200
942870 200
942900 200
942930 200
942970 200
942990 200
943010 200
943030 200
943040 200
943080 200
943140 200
943170 200
943190 200
943210 200
943230 200
943260 200
943270 200
943290 200
943310 200
943370 200
943380 200
943390 200
943410 200
943440 200
943510 200
943520 200
943590 200
943640 200
943680 200
943700 200
943710 200
943810 200
943900 200
943920 200
943950 200
943960 200
943970 200
943980 200
944010 200
944020 200
944030 200
944050 200
944080 200
944110 200
944120 200
944180 200
944200 200
944220 200
944250 200
944260 200
944300 200
944330 200
944340 200
944380 200
944420 200
944430 200
944440 200
944450 200
944500 200
944510 200
944530 200
944590 200
944610 200
944630 200
944640 200
944650 200
944690 200
944710 200
944720 200
944730 200
944740 200
944750 200
944810 200
944830 200
944840 200
944860 200
944910 200
944920 200
944960 200
945100 200
945140 200
945160 200
945240 200
945280 200
945340 200
945360 200
945390 200
945440 200
945460 200
945490 200
945500 200
945520 200
945530 200
945540 200
945550 200
945580 200
945590 200
945610 200
945620 200
945630 200
945680 200
945710 200
945740 200
945770 200
945810 200
945820 200
945850 200
945860 200
945870 200
945880 200
945890 200
945910 200
945920 200
945950 200
946000 200
946010 200
946030 200
946040 200
946050 200
946060 200
946070 200
946080 200
946090 200
946110 200
946160 200
946170 200
946210 200
946240 200
946300 200
946330 200
946340 200
946360 200
946370 200
946380 200
946400 200
946460 200
946500 200
946550 200
946560 200
946570 200
946600 200
946610 200
946650 200
946660 200
946670 200
946680 200
946690 200
946700 200
946720 200
946770 200
946780 200
946790 200
946800 200
946810 200
946860 200
946880 200
946920 200
946950 200
946980 200
946990 200
947060 200
947070 200
947080 200
947110 200
947120 200
947230 200
947250 200
947260 200
947270 200
947290 200
947300 200
947390 200
947400 200
947430 200
947450 200
947470 200
947520 200
947530 200
947540 200
947560 200
947580 200
947600 200
947830 200
947880 200
947890 200
947940 200
947960 200
947970 200
948000 200
948020 200
948070 200
948080 200
948100 200
948120 200
948200 200
948240 200
948270 200
948320 200
948330 200
948340 200
948350 200
948370 200
948420 200
948460 200
948470 200
948490 200
948510 200
948630 200
948640 200
948650 200
948660 200
948690 200
948740 200
948770 200
948790 200
948820 200
948830 200
948840 200
948880 200
948900 200
948960 200
948990 200
949000 200
949030 200
949050 200
949060 200
949070 200
949090 200
949130 200
949150 200
949170 200
949200 200
949230 200
949290 200
949370 200
949380 200
949390 200
949420 200
949450 200
949480 200
949520 200
949530 200
949570 200
949600 200
949630 200
949650 200
949670 200
949720 200
949740 200
949770 200
949790 200
949800 200
949820 200
949830 200
949840 200
949860 200
949880 200
949890 200
949910 200
949960 200
949970 200
949990 200
950050 200
950130 200
950140 200
950160 200
950210 200
950230 200
950240 200
950250 200
950260 200
950300 200
950310 200
950330 200
950360 200
950370 200
950380 200
950400 200
950460 200
950510 200
950530 200
950570 200
950620 200
950660 200
950670 200
950700 200
950730 200
950740 200
950750 200
950780 200
950810 200
950850 200
950860 200
950880 200
950890 200
950900 200
950950 200
950990 200
951000 200
951010 200
951030 200
951040 200
951050 200
951100 200
951110 200
951130 200
951160 200
951190 200
951220 200
951240 200
951250 200
951260 200
951310 200
951320 200
951330 200
951360 200
951370 200
951400 200
951410 200
951420 200
951430 200
951440 200
951450 200
951470 200
951480 200
951490 200
951530 200
951570 200
951620 200
951640 200
951670 200
951690 200
951700 200
951740 200
951750 200
951760 200
951770 200
951780 200
951820 200
951830 200
951840 200
951860 200
951910 200
951920 200
951930 200
951940 200
951990 200
952000 200
952010 200
952020 200
952030 200
952040 200
952050 200
952060 200
952100 200
952120 200
952140 200
952150 200
952200 200
952230 200
952240 200
952250 200
952270 200
952290 200
952330 200
952340 200
952370 200
952400 200
952420 200
952460 200
952510 200
952540 200
952560 200
952680 200
952700 200
952710 200
952730 200
952850 200
952860 200
952910 200
952920 200
952940 200
952950 200
952970 200
952980 200
953000 200
953050 200
953060 200
953120 200
953150 200
953170 200
953190 200
953220 200
953230 200
953240 200
953270 200
953280 200
953290 200
953310 200
953330 200
953340 200
953380 200
953490 200
953550 200
953560 200
953580 200
953610 200
953690 200
953700 200
953740 200
953750 200
953760 200
953790 200
953810 200
953820 200
953840 200
953870 200
953880 200
953900 200
953920 200
953950 200
954000 200
954010 200
954070 200
954080 200
954150 200
954160 200
954170 200
954210 200
954240 200
954270 200
954280 200
954300 200
954320 200
954360 200
954400 200
954410 200
954420 200
954530 200
954590 200
954610 200
954620 200
954650 200
954710 200
954720 200
954740 200
954760 200
954780 200
954850 200
954860 200
954870 200
954920 200
954970 200
955010 200
955020 200
955030 200
955050 200
955060 200
955070 200
955090 200
955120 200
955170 200
955190 200
955200 200
955220 200
955290 200
955300 200
955320 200
955360 200
955370 200
955380 200
955400 200
955410 200
955490 200
955500 200
955530 200
955540 200
955550 200
955560 200
955570 200
955580 200
955600 200
955620 200
955640 200
955670 200
955700 200
955740 200
955840 200
955860 200
955870 200
955890 200
955900 200
955940 200
955980 200
956000 200
956010 200
956030 200
956060 200
956090 200
956140 200
956150 200
956200 200
956210 200
956240 200
956270 200
956280 200
956310 200
956350 200
956360 200
956380 200
956390 200
956400 200
956430 200
956450 200
956470 200
956480 200
956500 200
956540 200
956550 200
956560 200
956590 200
956600 200
956620 200
956680 200
956710 200
956820 200
956880 200
956990 200
957050 200
957060 200
957070 200
957080 200
957140 200
957150 200
957220 200
957270 200
957280 200
957370 200
957390 200
957410 200
957430 200
957440 200
957490 200
957510 200
957570 200
957660 200
957680 200
957710 200
957720 200
957770 200
957790 200
957800 200
957810 200
957820 200
957850 200
957890 200
957930 200
957950 200
957960 200
958050 200
958090 200
958110 200
958130 200
958190 200
958200 200
958220 200
958230 200
958260 200
958280 200
958290 200
958300 200
958310 200
958320 200
958360 200
958440 200
958480 200
958490 200
958510 200
958520 200
958530 200
958640 200
958650 200
958670 200
958680 200
958690 200
958720 200
958740 200
958750 200
958800 200
958840 200
958850 200
958880 200
958900 200
958910 200
958930 200
958960 200
958980 200
958990 200
959000 200
959020 200
959030 200
959050 200
959080 200
959090 200
959150 200
959170 200
959200 200
959210 200
959220 200
959240 200
959260 200
959280 200
959340 200
959350 200
959380 200
959400 200
959410 200
959500 200
959510 200
959520 200
959540 200
959590 200
959700 200
959710 200
959730 200
959750 200
959760 200
959770 200
959800 200
959850 200
959860 200
959880 200
959890 200
959920 200
959930 200
960030 200
960040 200
960070 200
960090 200
960100 200
960140 200
960150 200
960170 200
960190 200
960200 200
960220 200
960240 200
960270 200
960320 200
960340 200
960360 200
960420 200
960550 200
960590 200
960600 200
960610 200
960630 200
960650 200
960660 200
960680 200
960690 200
960700 200
960710 200
960730 200
960740 200
960800 200
960820 200
960900 200
960910 200
960940 200
960980 200
960990 200
961000 200
961010 200
961030 200
961040 200
961060 200
961110 200
961190 200
961200 200
961210 200
961220 200
961230 200
961240 200
961260 200
961280 200
961410 200
961420 200
961450 200
961490 200
961510 200
961540 200
961560 200
961620 200
961640 200
961660 200
961680 200
961700 200
961710 200
961750 200
961850 200
961860 200
961870 200
961910 200
961920 200
962050 200
962060 200
962090 200
962130 200
962150 200
962170 200
962220 200
962240 200
962250 200
962270 200
962280 200
962290 200
962310 200
962340 200
962360 200
962370 200
962380 200
962400 200
962490 200
962510 200
962580 200
962610 200
962630 200
962650 200
962700 200
962710 200
962730 200
962810 200
962860 200
962950 200
962970 200
963000 200
963020 200
963150 200
963170 200
963180 200
963190 200
963210 200
963220 200
963230 200
963280 200
963290 200
963300 200
963330 200
963370 200
963400 200
963450 200
963470 200
963490 200
963510 200
963570 200
963590 200
963660 200
963670 200
963680 200
963690 200
963710 200
963720 200
963730 200
963770 200
963830 200
963860 200
963870 200
963880 200
963890 200
963900 200
963910 200
963930 200
963950 200
963960 200
963980 200
964020 200
964040 200
964050 200
964060 200
964070 200
964090 200
964100 200
964110 200
964130 200
964150 200
964170 200
964180 200
964210 200
964220 200
964230 200
964240 200
964320 200
964340 200
964350 200
964390 200
964420 200
964440 200
964450 200
964460 200
964490 200
964570 200
964620 200
964650 200
964700 200
964750 200
964760 200
964770 200
964800 200
964810 200
964910 200
964920 200
964960 200
964990 200
965000 200
965010 200
965030 200
965080 200
965110 200
965120 200
965140 200
965150 200
965180 200
965200 200
965230 200
965240 200
965250 200
965300 200
965310 200
965320 200
965340 200
965360 200
965390 200
965410 200
965470 200
965490 200
965510 200
965540 200
965580 200
965590 200
965600 200
965610 200
965620 200
965630 200
965640 200
965650 200
965670 200
965680 200
965710 200
965730 200
965760 200
965810 200
965820 200
965830 200
965860 200
965880 200
965890 200
965900 200
965910 200
965920 200
965940 200
965960 200
965970 200
965990 200
966000 200
966010 200
966020 200
966070 200
966090 200
966100 200
966140 200
966160 200
966180 200
966190 200
966210 200
966240 200
966250 200
966260 200
966320 200
966330 200
966370 200
966400 200
966420 200
966430 200
966450 200
966460 200
966470 200
966500 200
966530 200
966540 200
966560 200
966580 200
966590 200
966630 200
966650 200
966660 200
966670 200
966680 200
966720 200
966730 200
966870 200
967050 200
967070 200
967100 200
967120 200
967210 200
967240 200
967250 200
967290 200
967330 200
967370 200
967390 200
967410 200
967430 200
967440 200
967450 200
967460 200
967490 200
967750 200
967910 200
967940 200
967950 200
967960 200
967970 200
968170 200
968190 200
968200 200
968210 200
968250 200
968290 200
968310 200
968320 200
968350 200
968370 200
968380 200
968410 200
968420 200
968430 200
968440 200
968450 200
968460 200
968470 200
968480 200
968500 200
968530 200
968540 200
968550 200
968570 200
968580 200
968590 200
968600 200
968620 200
968640 200
968690 200
968700 200
968710 200
968730 200
968760 200
968770 200
968790 200
968800 200
968820 200
968860 200
968870 200
968920 200
968930 200
968940 200
968950 200
968970 200
969060 200
969130 200
969180 200
969190 200
969200 200
969220 200
969230 200
969240 200
969250 200
969330 200
969340 200
969350 200
969420 200
969450 200
969480 200
969530 200
969540 200
969690 200
969700 200
969740 200
969760 200
969940 200
969950 200
969970 200
969990 200
970000 200
970030 200
970040 200
970090 200
970130 200
970140 200
970150 200
970180 200
970190 200
970200 200
970220 200
970260 200
970300 200
970400 200
970450 200
970460 200
970470 200
970500 200
970510 200
970530 200
970560 200
970570 200
970580 200
970600 200
970710 200
970720 200
970730 200
970760 200
970800 200
970810 200
970820 200
970830 200
970840 200
970850 200
970870 200
970880 200
970890 200
970900 200
970910 200
970940 200
970960 200
970970 200
970980 200
971030 200
971040 200
971060 200
971070 200
971080 200
971090 200
971120 200
971150 200
971160 200
971180 200
971190 200
971210 200
971220 200
971230 200
971280 200
971340 200
971350 200
971390 200
971430 200
971460 200
971470 200
971480 200
971500 200
971530 200
971540 200
971610 200
971620 200
971640 200
971650 200
971680 200
971690 200
971700 200
971710 200
971740 200
971780 200
971850 200
971880 200
971900 200
972010 200
972050 200
972080 200
972160 200
972180 200
972200 200
972230 200
972280 200
972290 200
972420 200
972450 200
972480 200
972500 200
972510 200
972520 200
972560 200
972600 200
972620 200
972650 200
972660 200
972740 200
972760 200
972770 200
972810 200
972850 200
972890 200
972910 200
972940 200
972950 200
972960 200
972990 200
973000 200
973040 200
973050 200
973060 200
973070 200
973090 200
973110 200
973170 200
973200 200
973220 200
973230 200
973240 200
973250 200
973310 200
973320 200
973350 200
973390 200
973400 200
973410 200
973440 200
973450 200
973550 200
973560 200
973580 200
973640 200
973690 200
973700 200
973720 200
973760 200
973800 200
973810 200
973850 200
973860 200
974010 200
974040 200
974060 200
974070 200
974090 200
974110 200
974140 200
974150 200
974160 200
974180 200
974200 200
974220 200
974240 200
974310 200
974320 200
974370 200
974390 200
974420 200
974430 200
974450 200
974480 200
974530 200
974600 200
974620 200
974670 200
974680 200
974750 200
974830 200
974840 200
974850 200
974860 200
974870 200
974910 200
974920 200
974930 200
974950 200
974970 200
975000 200
975020 200
975050 200
975100 200
975110 200
975120 200
975150 200
975160 200
975200 200
975220 200
975230 200
975240 200
975270 200
975290 200
975350 200
975370 200
975390 200
975410 200
975430 200
975470 200
975500 200
975510 200
975520 200
975620 200
975630 200
975640 200
975660 200
975670 200
975680 200
975690 200
975700 200
975710 200
975750 200
975760 200
975770 200
975800 200
975860 200
975910 200
975950 200
975980 200
976010 200
976020 200
976030 200
976060 200
976070 200
976090 200
976120 200
976160 200
976230 200
976240 200
976260 200
976290 200
976310 200
976320 200
976340 200
976360 200
976390 200
976410 200
976420 200
976500 200
976570 200
976590 200
976630 200
976680 200
976700 200
976720 200
976730 200
976780 200
976800 200
976830 200
976870 200
976890 200
976900 200
976920 200
976930 200
976940 200
976960 200
976970 200
976980 200
977050 200
977080 200
977100 200
977110 200
977160 200
977210 200
977230 200
977270 200
977290 200
977300 200
977310 200
977340 200
977380 200
977390 200
977400 200
977430 200
977460 200
977490 200
977500 200
977510 200
977540 200
977560 200
977570 200
977580 200
977590 200
977630 200
977640 200
977670 200
977720 200
977780 200
977790 200
977810 200
977830 200
977840 200
977880 200
977900 200
977950 200
977980 200
978010 200
978040 200
978110 200
978120 200
978190 200
978200 200
978210 200
978250 200
978270 200
978280 200
978300 200
978340 200
978380 200
978440 200
978450 200
978460 200
978470 200
978510 200
978520 200
978580 200
978610 200
978630 200
978640 200
978650 200
978660 200
978670 200
978700 200
978710 200
978720 200
978780 200
978790 200
978800 200
978870 200
978910 200
978920 200
978960 200
978970 200
978980 200
979000 200
979060 200
979070 200
979080 200
979090 200
979100 200
979110 200
979120 200
979160 200
979220 200
979260 200
979290 200
979300 200
979310 200
979330 200
979350 200
979360 200
979390 200
979400 200
979410 200
979450 200
979480 200
979500 200
979530 200
979550 200
979580 200
979620 200
979640 200
979680 200
979690 200
979720 200
979740 200
979760 200
979790 200
979800 200
979810 200
979830 200
979880 200
979890 200
979900 200
979910 200
979920 200
979970 200
980000 200
980090 200
980160 200
980170 200
980190 200
980210 200
980300 200
980320 200
980360 200
980380 200
980440 200
980470 200
980480 200
980490 200
980520 200
980560 200
980600 200
980610 200
980630 200
980640 200
980690 200
980700 200
980730 200
980770 200
980800 200
980830 200
980850 200
980880 200
980940 200
980950 200
981010 200
981020 200
981040 200
981050 200
981060 200
981080 200
981090 200
981120 200
981130 200
981160 200
981180 200
981260 200
981270 200
981280 200
981290 200
981300 200
981310 200
981420 200
981430 200
981440 200
981450 200
981470 200
981500 200
981540 200
981550 200
981600 200
981620 200
981630 200
981660 200
981690 200
981710 200
981720 200
981750 200
981770 200
981790 200
981830 200
981870 200
981880 200
981900 200
981960 200
981980 200
981990 200
982020 200
982040 200
982050 200
982060 200
982090 200
982100 200
982120 200
982180 200
982210 200
982220 200
982250 200
982270 200
982290 200
982300 200
982320 200
982350 200
982370 200
982380 200
982390 200
982400 200
982410 200
982420 200
982450 200
982480 200
982540 200
982580 200
982670 200
982690 200
982700 200
982710 200
982720 200
982750 200
982800 200
982840 200
982850 200
982920 200
982980 200
982990 200
983030 200
983040 200
983070 200
983100 200
983120 200
983140 200
983150 200
983160 200
983170 200
983190 200
983240 200
983260 200
983280 200
983290 200
983320 200
983330 200
983340 200
983350 200
983360 200
983380 200
983450 200
983520 200
983590 200
983610 200
983640 200
983650 200
983670 200
983680 200
983760 200
983790 200
983830 200
983840 200
983870 200
983900 200
983920 200
983970 200
983980 200
983990 200
984020 200
984030 200
984070 200
984080 200
984110 200
984150 200
984170 200
984230 200
984240 200
984250 200
984260 200
984300 200
984360 200
984450 200
984470 200
984510 200
984520 200
984540 200
984560 200
984570 200
984600 200
984610 200
984660 200
984680 200
984720 200
984730 200
984780 200
984790 200
984800 200
984810 200
984830 200
984870 200
984880 200
984910 200
984930 200
984980 200
984990 200
985000 200
985020 200
985070 200
985080 200
985090 200
985150 200
985240 200
985260 200
985280 200
985340 200
985400 200
985420 200
985430 200
985500 200
985510 200
985530 200
985560 200
985580 200
985590 200
985600 200
985620 200
985640 200
985650 200
985660 200
985680 200
985690 200
985710 200
985720 200
985740 200
985760 200
985780 200
985800 200
985810 200
985830 200
985840 200
985870 200
985890 200
985900 200
985930 200
985940 200
985950 200
986010 200
986020 200
986040 200
986070 200
986080 200
986130 200
986220 200
986280 200
986310 200
986340 200
986350 200
986370 200
986480 200
986490 200
986500 200
986520 200
986630 200
986660 200
986670 200
986680 200
986700 200
986710 200
986760 200
986770 200
986780 200
986790 200
986800 200
986810 200
986820 200
986830 200
986860 200
986920 200
986930 200
986990 200
987000 200
987060 200
987140 200
987150 200
987180 200
987190 200
987200 200
987210 200
987230 200
987240 200
987250 200
987290 200
987310 200
987330 200
987370 200
987410 200
987480 200
987490 200
987570 200
987580 200
987590 200
987660 200
987670 200
987710 200
987720 200
987740 200
987770 200
987780 200
987790 200
987810 200
987820 200
987840 200
987850 200
987880 200
987900 200
987910 200
987950 200
987980 200
987990 200
988000 200
988070 200
988080 200
988090 200
988100 200
988110 200
988240 200
988250 200
988310 200
988330 200
988340 200
988430 200
988490 200
988530 200
988590 200
988640 200
988650 200
988890 200
988910 200
988930 200
988940 200
988960 200
988980 200
989010 200
989030 200
989040 200
989080 200
989110 200
989120 200
989140 200
989150 200
989160 200
989190 200
989230 200
989240 200
989250 200
989260 200
989270 200
989350 200
989370 200
989380 200
989390 200
989400 200
989430 200
989440 200
989450 200
989490 200
989550 200
989580 200
989640 200
989650 200
989690 200
989710 200
989720 200
989750 200
989770 200
989780 200
989790 200
989860 200
990020 200
990030 200
990050 200
990060 200
990080 200
990090 200
990110 200
990160 200
990180 200
990240 200
990250 200
990260 200
990280 200
990360 200
990380 200
990390 200
990400 200
990410 200
990500 200
990630 200
990640 200
990720 200
990750 200
990770 200
990840 200
990850 200
990890 200
990900 200
990920 200
990940 200
990950 200
990960 200
990970 200
991070 200
991130 200
991170 200
991230 200
991240 200
991250 200
991260 200
991270 200
991280 200
991290 200
991430 200
991450 200
991480 200
991490 200
991500 200
991510 200
991530 200
991560 200
991600 200
991620 200
991630 200
991660 200
991680 200
991700 200
991710 200
991720 200
991750 200
991760 200
991780 200
991790 200
991800 200
991810 200
991860 200
991930 200
991960 200
992000 200
992040 200
992050 200
992070 200
992080 200
992120 200
992200 200
992210 200
992240 200
992250 200
992300 200
992310 200
992330 200
992360 200
992420 200
992480 200
992520 200
992560 200
992600 200
992610 200
992620 200
992640 200
992680 200
992690 200
992700 200
992720 200
992730 200
992740 200
992750 200
992790 200
992840 200
992860 200
992870 200
992880 200
992890 200
992910 200
992930 200
992950 200
992960 200
992970 200
992990 200
993030 200
993110 200
993170 200
993200 200
993210 200
993220 200
993250 200
993290 200
993330 200
993340 200
993370 200
993390 200
993400 200
993490 200
993500 200
993520 200
993530 200
993580 200
993600 200
993630 200
993640 200
993650 200
993680 200
993690 200
993740 200
993750 200
993770 200
993780 200
993790 200
993810 200
993860 200
993890 200
993960 200
993990 200
994020 200
994030 200
994040 200
994140 200
994160 200
994170 200
994180 200
994220 200
994230 200
994250 200
994260 200
994270 200
994280 200
994290 200
994310 200
994320 200
994340 200
994350 200
994360 200
994450 200
994500 200
994520 200
994560 200
994650 200
994670 200
994680 200
994700 200
994730 200
994750 200
994810 200
994860 200
994870 200
994900 200
994910 200
995000 200
995050 200
995060 200
995070 200
995140 200
995160 200
995170 200
995210 200
995230 200
995240 200
995270 200
995280 200
995310 200
995330 200
995340 200
995450 200
995460 200
995470 200
995480 200
995490 200
995580 200
995680 200
995700 200
995720 200
995760 200
995790 200
995850 200
995890 200
995900 200
995910 200
995920 200
995930 200
995980 200
995990 200
996000 200
996050 200
996080 200
996140 200
996160 200
996180 200
996370 200
996380 200
996430 200
996450 200
996550 200
996580 200
996620 200
996650 200
996690 200
996710 200
996730 200
996770 200
996860 200
996920 200
996980 200
997000 200
997010 200
997020 200
997030 200
997050 200
997060 200
997090 200
997170 200
997180 200
997240 200
997260 200
997270 200
997280 200
997290 200
997310 200
997370 200
997380 200
997430 200
997480 200
997500 200
997530 200
997560 200
997640 200
997650 200
997670 200
997700 200
997710 200
997720 200
997730 200
997760 200
997770 200
997810 200
997820 200
997870 200
997900 200
997950 200
998010 200
998020 200
998150 200
998220 200
998270 200
998300 200
998400 200
998480 200
998530 200
998570 200
998590 200
998630 200
998660 200
998690 200
998730 200
998740 200
998760 200
998780 200
998790 200
998820 200
998830 200
998850 200
998890 200
998930 200
998940 200
998950 200
998990 200
999020 200
999030 200
999040 200
999180 200
999190 200
999200 200
999220 200
999250 200
999270 200
999280 200
999330 200
999340 200
999350 200
999360 200
999410 200
999430 200
999450 200
999480 200
999560 200
999570 200
999640 200
999660 200
999760 200
999830 200
999860 200
999890 200
999930 200
999990 200
1000000 200
1000010 200
1000020 200
1000030 200
1000050 200
1000080 200
1000100 200
1000110 200
1000130 200
1000280 200
1000310 200
1000360 200
1000380 200
1000410 200
1000440 200
1000460 200
1000470 200
1000480 200
1000500 200
1000540 200
1000550 200
1000600 200
1000640 200
1000650 200
1000700 200
1000750 200
1000760 200
1000770 200
1000790 200
1000810 200
1000830 200
1000860 200
1000880 200
1000900 200
1000980 200
1000990 200
1001010 200
1001040 200
1001070 200
1001100 200
1001120 200
1001140 200
1001180 200
1001200 200
1001220 200
1001230 200
1001240 200
1001270 200
1001390 200
1001430 200
1001450 200
1001490 200
1001500 200
1001520 200
1001530 200
1001550 200
1001570 200
1001590 200
1001600 200
1001640 200
1001660 200
1001690 200
1001730 200
1001740 200
1001800 200
1001860 200
1001870 200
1001880 200
1001910 200
1001930 200
1001960 200
1001970 200
1001980 200
1001990 200
1002000 200
1002010 200
1002030 200
1002040 200
1002100 200
1002180 200
1002200 200
1002210 200
1002230 200
1002260 200
1002270 200
1002280 200
1002290 200
1002300 200
1002310 200
1002360 200
1002410 200
1002420 200
1002430 200
1002440 200
1002450 200
1002470 200
1002480 200
1002490 200
1002500 200
1002510 200
1002520 200
1002540 200
1002560 200
1002580 200
1002590 200
1002600 200
1002630 200
1002650 200
1002670 200
1002690 200
1002750 200
1002800 200
1002820 200
1002830 200
1002850 200
1002860 200
1002890 200
1002910 200
1002920 200
1002930 200
1002950 200
1002960 200
1002970 200
1002980 200
1003010 200
1003020 200
1003070 200
1003090 200
1003120 200
1003150 200
1003190 200
1003230 200
1003260 200
1003320 200
1003360 200
1003370 200
1003400 200
1003450 200
1003460 200
1003480 200
1003490 200
1003520 200
1003530 200
1003560 200
1003590 200
1003600 200
1003650 200
1003670 200
1003690 200
1003700 200
1003730 200
1003750 200
1003760 200
1003830 200
1003850 200
1003860 200
1003880 200
1003890 200
1003900 200
1003940 200
1003950 200
1003960 200
1004000 200
1004030 200
1004040 200
1004050 200
1004090 200
1004100 200
1004150 200
1004160 200
1004170 200
1004180 200
1004200 200
1004210 200
1004230 200
1004240 200
1004270 200
1004310 200
1004330 200
1004350 200
1004370 200
1004490 200
1004500 200
1004510 200
1004550 200
1004560 200
1004570 200
1004580 200
1004600 200
1004610 200
1004620 200
1004640 200
1004650 200
1004710 200
1004750 200
1004770 200
1004780 200
1004790 200
1004800 200
1004860 200
1005000 200
1005050 200
1005060 200
1005080 200
1005090 200
1005120 200
1005130 200
1005180 200
1005210 200
1005220 200
1005230 200
1005240 200
1005250 200
1005300 200
1005310 200
1005320 200
1005330 200
1005340 200
1005390 200
1005400 200
1005410 200
1005420 200
1005450 200
1005460 200
1005470 200
1005480 200
1005490 200
1005520 200
1005530 200
1005560 200
1005630 200
1005730 200
1005780 200
1005820 200
1005870 200
1005890 200
1005900 200
1005910 200
1005920 200
1005930 200
1005940 200
1005950 200
1005990 200
1006000 200
1006090 200
1006120 200
1006140 200
1006150 200
1006160 200
1006170 200
1006190 200
1006220 200
1006250 200
1006270 200
1006400 200
1006410 200
1006440 200
1006450 200
1006460 200
1006470 200
1006600 200
1006620 200
1006680 200
1006720 200
1006730 200
1006760 200
1006770 200
1006830 200
1006880 200
1006900 200
1006920 200
1006930 200
1006950 200
1007040 200
1007050 200
1007070 200
1007080 200
1007140 200
1007180 200
1007200 200
1007210 200
1007230 200
1007240 200
1007260 200
1007280 200
1007350 200
1007360 200
1007380 200
1007400 200
1007430 200
1007440 200
1007470 200
1007490 200
1007540 200
1007560 200
1007630 200
1007650 200
1007730 200
1007740 200
1007760 200
1007800 200
1007810 200
1007820 200
1007830 200
1007840 200
1007870 200
1007880 200
1007890 200
1007940 200
1007950 200
1007970 200
1007980 200
1007990 200
1008010 200
1008020 200
1008030 200
1008060 200
1008070 200
1008140 200
1008180 200
1008210 200
1008230 200
1008240 200
1008260 200
1008280 200
1008320 200
1008340 200
1008370 200
1008390 200
1008430 200
1008450 200
1008510 200
1008520 200
1008580 200
1008590 200
1008600 200
1008610 200
1008680 200
1008690 200
1008700 200
1008710 200
1008740 200
1008800 200
1008820 200
1008830 200
1008850 200
1008860 200
1008870 200
1008890 200
1008910 200
1008920 200
1008950 200
1008970 200
1008990 200
1009030 200
1009040 200
1009100 200
1009150 200
1009180 200
1009190 200
1009200 200
1009220 200
1009230 200
1009240 200
1009260 200
1009290 200
1009300 200
1009350 200
1009360 200
1009370 200
1009390 200
1009410 200
1009450 200
1009460 200
1009560 200
1009570 200
1009580 200
1009590 200
1009640 200
1009690 200
1009700 200
1009750 200
1009770 200
1009780 200
1009870 200
1009890 200
1009900 200
1009910 200
1009920 200
1009940 200
1009950 200
1009960 200
1009990 200
1010000 200
1010040 200
1010070 200
1010100 200
1010120 200
1010150 200
1010230 200
1010240 200
1010260 200
1010270 200
1010290 200
1010330 200
1010380 200
1010410 200
1010420 200
1010430 200
1010450 200
1010480 200
1010490 200
1010520 200
1010540 200
1010560 200
1010590 200
1010600 200
1010650 200
1010660 200
1010670 200
1010710 200
1010730 200
1010740 200
1010780 200
1010830 200
1010840 200
1010850 200
1010860 200
1010870 200
1010890 200
1010910 200
1010920 200
1010930 200
1010950 200
1010970 200
1010990 200
1011000 200
1011030 200
1011070 200
1011090 200
1011120 200
1011130 200
1011140 200
1011190 200
1011200 200
1011240 200
1011260 200
1011270 200
1011290 200
1011300 200
1011310 200
1011320 200
1011370 200
1011390 200
1011420 200
1011440 200
1011460 200
1011470 200
1011510 200
1011530 200
1011550 200
1011590 200
1011600 200
1011610 200
1011620 200
1011630 200
1011670 200
1011700 200
1011720 200
1011740 200
1011760 200
1011810 200
1011820 200
1011830 200
1011850 200
1011860 200
1011870 200
1011940 200
1011960 200
1011970 200
1011990 200
1012030 200
1012070 200
1012110 200
1012120 200
1012130 200
1012160 200
1012180 200
1012190 200
1012210 200
1012240 200
1012280 200
1012290 200
1012330 200
1012360 200
1012370 200
1012390 200
1012410 200
1012430 200
1012450 200
1012460 200
1012470 200
1012490 200
1012530 200
1012560 200
1012570 200
1012580 200
1012600 200
1012610 200
1012630 200
1012640 200
1012650 200
1012670 200
1012720 200
1012730 200
1012790 200
1012800 200
1012830 200
1012840 200
1012850 200
1012860 200
1012870 200
1012880 200
1012900 200
1012970 200
1012990 200
1013000 200
1013040 200
1013070 200
1013100 200
1013120 200
1013130 200
1013140 200
1013150 200
1013180 200
1013190 200
1013200 200
1013220 200
1013280 200
1013290 200
1013320 200
1013340 200
1013350 200
1013400 200
1013410 200
1013450 200
1013540 200
1013560 200
1013570 200
1013580 200
1013600 200
1013630 200
1013650 200
1013660 200
1013670 200
1013680 200
1013700 200
1013710 200
1013750 200
1013810 200
1013820 200
1013830 200
1013870 200
1013890 200
1013910 200
1013940 200
1013950 200
1013960 200
1013970 200
1013980 200
1014010 200
1014030 200
1014040 200
1014050 200
1014100 200
1014110 200
1014140 200
1014180 200
1014200 200
1014240 200
1014260 200
1014270 200
1014280 200
1014310 200
1014350 200
1014360 200
1014370 200
1014400 200
1014420 200
1014450 200
1014460 200
1014470 200
1014540 200
1014550 200
1014560 200
1014570 200
1014580 200
1014590 200
1014600 200
1014610 200
1014620 200
1014660 200
1014710 200
1014720 200
1014730 200
1014750 200
1014790 200
1014810 200
1014820 200
1014840 200
1014850 200
1014880 200
1014890 200
1014900 200
1014920 200
1014960 200
1014970 200
1014980 200
1014990 200
1015020 200
1015080 200
1015090 200
1015100 200
1015120 200
1015130 200
1015140 200
1015150 200
1015180 200
1015190 200
1015240 200
1015250 200
1015290 200
1015350 200
1015370 200
1015430 200
1015470 200
1015480 200
1015530 200
1015540 200
1015550 200
1015580 200
1015650 200
1015660 200
1015700 200
1015710 200
1015720 200
1015730 200
1015750 200
1015770 200
1015790 200
1015800 200
1015890 200
1015920 200
1015930 200
1015940 200
1016000 200
1016010 200
1016030 200
1016100 200
1016110 200
1016180 200
1016250 200
1016260 200
1016330 200
1016360 200
1016390 200
1016420 200
1016430 200
1016440 200
1016600 200
1016610 200
1016630 200
1016650 200
1016660 200
1016690 200
1016700 200
1016720 200
1016730 200
1016740 200
1016750 200
1016770 200
1016780 200
1016790 200
1016800 200
1016820 200
1016830 200
1016850 200
1016860 200
1016890 200
1016900 200
1016920 200
1016930 200
1016940 200
1016950 200
1016960 200
1016970 200
1016980 200
1016990 200
1017100 200
1017130 200
1017160 200
1017180 200
1017240 200
1017270 200
1017340 200
1017350 200
1017360 200
1017370 200
1017380 200
1017410 200
1017440 200
1017480 200
1017490 200
1017520 200
1017540 200
1017560 200
1017580 200
1017600 200
1017610 200
1017630 200
1017650 200
1017660 200
1017670 200
1017690 200
1017750 200
1017780 200
1017800 200
1017820 200
1017880 200
1017900 200
1017940 200
1017990 200
1018000 200
1018010 200
1018020 200
1018040 200
1018060 200
1018080 200
1018090 200
1018110 200
1018130 200
1018160 200
1018170 200
1018220 200
1018240 200
1018270 200
1018380 200
1018420 200
1018560 200
1018610 200
1018640 200
1018700 200
1018720 200
1018730 200
1018740 200
1018750 200
1018770 200
1018800 200
1018810 200
1018820 200
1018830 200
1018850 200
1018860 200
1018900 200
1018930 200
1018960 200
1018990 200
1019020 200
1019030 200
1019040 200
1019050 200
1019060 200
1019070 200
1019080 200
1019090 200
1019150 200
1019170 200
1019180 200
1019190 200
1019230 200
1019240 200
1019260 200
1019270 200
1019310 200
1019340 200
1019370 200
1019400 200
1019450 200
1019500 200
1019550 200
1019580 200
1019590 200
1019630 200
1019670 200
1019690 200
1019700 200
1019710 200
1019720 200
1019730 200
1019740 200
1019790 200
1019820 200
1019880 200
1019910 200
1019920 200
1019940 200
1020010 200
1020030 200
1020050 200
1020080 200
1020090 200
1020120 200
1020210 200
1020250 200
1020270 200
1020310 200
1020330 200
1020340 200
1020360 200
1020390 200
1020410 200
1020420 200
1020440 200
1020450 200
1020470 200
1020480 200
1020490 200
1020510 200
1020520 200
1020540 200
1020550 200
1020560 200
1020590 200
1020600 200
1020610 200
1020640 200
1020650 200
1020660 200
1020670 200
1020730 200
1020780 200
1020790 200
1020800 200
1020830 200
1020840 200
1020910 200
1020930 200
1020940 200
1020980 200
1021060 200
1021070 200
1021100 200
1021120 200
1021130 200
1021200 200
1021210 200
1021220 200
1021230 200
1021240 200
1021260 200
1021290 200
1021370 200
1021640 200
1021650 200
1021670 200
1021680 200
1021690 200
1021770 200
1021780 200
1021800 200
1021820 200
1021840 200
1021850 200
1021860 200
1021880 200
1021890 200
1021940 200
1021950 200
1022000 200
1022010 200
1022040 200
1022130 200
1022150 200
1022160 200
1022170 200
1022180 200
1022270 200
1022280 200
1022310 200
1022320 200
1022380 200
1022450 200
1022480 200
1022530 200
1022550 200
1022600 200
1022610 200
1022630 200
1022640 200
1022650 200
1022710 200
1022770 200
1022780 200
1022820 200
1022840 200
1022860 200
1022920 200
1022980 200
1022990 200
1023010 200
1023030 200
1023040 200
1023060 200
1023090 200
1023100 200
1023110 200
1023130 200
1023140 200
1023150 200
1023180 200
1023250 200
1023260 200
1023310 200
1023320 200
1023350 200
1023370 200
1023390 200
1023410 200
1023420 200
1023510 200
1023550 200
1023560 200
1023570 200
1023610 200
1023640 200
1023650 200
1023680 200
1023690 200
1023700 200
1023720 200
1023740 200
1023750 200
1023760 200
1023790 200
1023840 200
1023860 200
1023870 200
1023960 200
1023970 200
1023980 200
1024070 200
1024080 200
1024100 200
1024120 200
1024150 200
1024160 200
1024210 200
1024220 200
1024250 200
1024330 200
1024400 200
1024430 200
1024450 200
1024460 200
1024470 200
1024480 200
1024490 200
1024520 200
1024530 200
1024540 200
1024600 200
1024630 200
1024650 200
1024670 200
1024690 200
1024720 200
1024730 200
1024780 200
1024790 200
1024800 200
1024820 200
1024840 200
1024850 200
1024860 200
1024950 200
1024960 200
1024970 200
1024980 200
1024990 200
1025000 200
1025010 200
1025070 200
1025130 200
1025140 200
1025160 200
1025200 200
1025230 200
1025240 200
1025250 200
1025270 200
1025330 200
1025360 200
1025390 200
1025410 200
1025420 200
1025430 200
1025440 200
1025460 200
1025480 200
1025500 200
1025510 200
1025520 200
1025530 200
1025540 200
1025550 200
1025600 200
1025620 200
1025650 200
1025690 200
1025710 200
1025740 200
1025780 200
1025870 200
1025890 200
1025900 200
1025960 200
1026070 200
1026080 200
1026100 200
1026110 200
1026130 200
1026160 200
1026180 200
1026210 200
1026220 200
1026370 200
1026380 200
1026390 200
1026400 200
1026420 200
1026430 200
1026560 200
1026610 200
1026670 200
1026680 200
1026760 200
1026770 200
1026810 200
1026820 200
1026840 200
1026880 200
1026890 200
1026910 200
1026940 200
1026960 200
1027060 200
1027120 200
1027130 200
1027190 200
1027230 200
1027250 200
1027480 200
1027520 200
1027530 200
1027550 200
1027570 200
1027600 200
1027610 200
1027620 200
1027650 200
1027660 200
1027690 200
1027700 200
1027710 200
1027720 200
1027780 200
1027790 200
1027800 200
1027810 200
1027820 200
1027830 200
1027860 200
1027900 200
1027910 200
1027930 200
1027960 200
1027970 200
1027990 200
1028010 200
1028030 200
1028090 200
1028110 200
1028130 200
1028170 200
1028250 200
1028280 200
1028300 200
1028310 200
1028320 200
1028330 200
1028340 200
1028350 200
1028360 200
1028380 200
1028410 200
1028440 200
1028460 200
1028470 200
1028480 200
1028490 200
1028500 200
1028510 200
1028520 200
1028540 200
1028550 200
1028570 200
1028590 200
1028610 200
1028630 200
1028660 200
1028680 200
1028730 200
1028740 200
1028750 200
1028760 200
1028770 200
1028800 200
1028820 200
1028830 200
1028840 200
1028850 200
1028860 200
1028880 200
1028900 200
1028910 200
1028930 200
1028990 200
1029020 200
1029030 200
1029040 200
1029050 200
1029070 200
1029080 200
1029100 200
1029110 200
1029120 200
1029130 200
1029150 200
1029160 200
1029170 200
1029190 200
1029210 200
1029220 200
1029230 200
1029240 200
1029260 200
1029340 200
1029380 200
1029470 200
1029500 200
1029530 200
1029540 200
1029550 200
1029560 200
1029570 200
1029630 200
1029640 200
1029650 200
1029660 200
1029690 200
1029730 200
1029750 200
1029760 200
1029780 200
1029790 200
1029830 200
1029840 200
1029860 200
1029870 200
1029890 200
1029900 200
1029920 200
1029930 200
1029950 200
1029970 200
1029980 200
1029990 200
1030000 200
1030060 200
1030100 200
1030170 200
1030180 200
1030190 200
1030210 200
1030240 200
1030300 200
1030310 200
1030330 200
1030360 200
1030380 200
1030430 200
1030460 200
1030470 200
1030490 200
1030520 200
1030530 200
1030580 200
1030730 200
1030740 200
1030770 200
1030780 200
1030810 200
1030830 200
1030840 200
1030950 200
1030960 200
1030970 200
1031000 200
1031020 200
1031080 200
1031090 200
1031110 200
1031120 200
1031130 200
1031140 200
1031160 200
1031170 200
1031200 200
1031210 200
1031220 200
1031230 200
1031260 200
1031270 200
1031290 200
1031320 200
1031330 200
1031370 200
1031440 200
1031460 200
1031470 200
1031480 200
1031500 200
1031510 200
1031540 200
1031560 200
1031570 200
1031580 200
1031590 200
1031610 200
1031630 200
1031640 200
1031650 200
1031660 200
1031670 200
1031700 200
1031730 200
1031770 200
1031790 200
1031800 200
1031830 200
1031850 200
1031860 200
1031900 200
1031910 200
1031920 200
1031970 200
1032040 200
1032060 200
1032070 200
1032080 200
1032090 200
1032120 200
1032140 200
1032170 200
1032210 200
1032220 200
1032230 200
1032240 200
1032260 200
1032270 200
1032280 200
1032340 200
1032360 200
1032420 200
1032430 200
1032440 200
1032450 200
1032510 200
1032520 200
1032530 200
1032560 200
1032570 200
1032580 200
1032590 200
1032650 200
1032660 200
1032670 200
1032690 200
1032700 200
1032730 200
1032740 200
1032750 200
1032770 200
1032790 200
1032830 200
1032980 200
1033000 200
1033030 200
1033080 200
1033090 200
1033100 200
1033110 200
1033120 200
1033130 200
1033140 200
1033170 200
1033190 200
1033210 200
1033220 200
1033230 200
1033240 200
1033250 200
1033330 200
1033340 200
1033360 200
1033370 200
1033380 200
1033410 200
1033420 200
1033450 200
1033510 200
1033540 200
1033580 200
1033590 200
1033600 200
1033630 200
1033640 200
1033660 200
1033670 200
1033700 200
1033710 200
1033720 200
1033780 200
1033810 200
1033860 200
1033880 200
1033910 200
1033930 200
1033950 200
1033960 200
1034020 200
1034030 200
1034040 200
1034060 200
1034120 200
1034130 200
1034140 200
1034150 200
1034160 200
1034170 200
1034200 200
1034230 200
1034240 200
1034250 200
1034260 200
1034270 200
1034280 200
1034370 200
1034380 200
1034390 200
1034400 200
1034410 200
1034430 200
1034440 200
1034540 200
1034560 200
1034590 200
1034610 200
1034700 200
1034740 200
1034750 200
1034810 200
1034820 200
1034850 200
1034860 200
1034870 200
1034880 200
1034900 200
1034910 200
1034920 200
1034940 200
1034950 200
1035010 200
1035030 200
1035110 200
1035120 200
1035190 200
1035220 200
1035240 200
1035260 200
1035270 200
1035280 200
1035300 200
1035310 200
1035320 200
1035410 200
1035430 200
1035470 200
1035490 200
1035500 200
1035510 200
1035530 200
1035550 200
1035560 200
1035570 200
1035600 200
1035610 200
1035660 200
1035690 200
1035700 200
1035730 200
1035750 200
1035760 200
1035770 200
1035780 200
1035790 200
1035800 200
1035830 200
1035840 200
1035850 200
1035860 200
1035880 200
1035890 200
1035900 200
1035920 200
1035930 200
1035950 200
1035960 200
1035990 200
1036000 200
1036030 200
1036080 200
1036120 200
1036190 200
1036200 200
1036210 200
1036240 200
1036260 200
1036270 200
1036310 200
1036330 200
1036370 200
1036400 200
1036430 200
1036440 200
1036460 200
1036490 200
1036530 200
1036550 200
1036570 200
1036580 200
1036600 200
1036620 200
1036660 200
1036700 200
1036740 200
1036750 200
1036780 200
1036800 200
1036820 200
1036840 200
1036850 200
1036870 200
1036890 200
1036900 200
1036910 200
1036920 200
1036930 200
1036950 200
1036960 200
1036980 200
1036990 200
1037000 200
1037010 200
1037020 200
1037080 200
1037090 200
1037100 200
1037120 200
1037130 200
1037140 200
1037150 200
1037190 200
1037240 200
1037250 200
1037260 200
1037270 200
1037330 200
1037340 200
1037350 200
1037380 200
1037410 200
1037420 200
1037430 200
1037460 200
1037470 200
1037560 200
1037590 200
1037600 200
1037690 200
1037750 200
1037760 200
1037810 200
1037820 200
1037830 200
1037840 200
1037850 200
1037900 200
1037910 200
1037930 200
1037940 200
1037950 200
1037960 200
1037970 200
1037980 200
1037990 200
1038070 200
1038080 200
1038100 200
1038110 200
1038120 200
1038250 200
1038280 200
1038300 200
1038370 200
1038380 200
1038430 200
1038440 200
1038450 200
1038620 200
1038630 200
1038640 200
1038650 200
1038670 200
1038680 200
1038690 200
1038740 200
1038810 200
1038820 200
1038830 200
1038850 200
1039040 200
1039060 200
1039080 200
1039100 200
1039180 200
1039200 200
1039220 200
1039280 200
1039290 200
1039310 200
1039320 200
1039330 200
1039350 200
1039360 200
1039370 200
1039380 200
1039400 200
1039430 200
1039440 200
1039470 200
1039550 200
1039560 200
1039570 200
1039590 200
1039650 200
1039800 200
1039830 200
1039860 200
1039880 200
1039890 200
1039910 200
1039940 200
1039960 200
1039970 200
1040000 200
1040070 200
1040080 200
1040190 200
1040200 200
1040230 200
1040240 200
1040250 200
1040260 200
1040310 200
1040370 200
1040390 200
1040420 200
1040430 200
1040460 200
1040480 200
1040490 200
1040510 200
1040550 200
1040590 200
1040610 200
1040630 200
1040720 200
1040730 200
1040740 200
1040750 200
1040810 200
1040820 200
1040860 200
1040890 200
1040900 200
1040910 200
1041020 200
1041050 200
1041060 200
1041100 200
1041120 200
1041130 200
1041160 200
1041210 200
1041270 200
1041320 200
1041330 200
1041390 200
1041450 200
1041470 200
1041500 200
1041520 200
1041560 200
1041630 200
1041650 200
1041660 200
1041670 200
1041690 200
1041710 200
1041720 200
1041760 200
1041780 200
1041840 200
1041910 200
1041920 200
1041940 200
1042000 200
1042010 200
1042020 200
1042030 200
1042080 200
1042090 200
1042100 200
1042110 200
1042130 200
1042150 200
1042160 200
1042170 200
1042210 200
1042230 200
1042290 200
1042310 200
1042320 200
1042330 200
1042350 200
1042380 200
1042460 200
1042490 200
1042500 200
1042530 200
1042550 200
1042560 200
1042570 200
1042590 200
1042600 200
1042620 200
1042670 200
1042750 200
1042780 200
1042800 200
1042820 200
1042860 200
1042910 200
1042920 200
1042930 200
1042960 200
1042980 200
1042990 200
1043000 200
1043020 200
1043030 200
1043040 200
1043060 200
1043110 200
1043120 200
1043140 200
1043150 200
1043160 200
1043180 200
1043200 200
1043230 200
1043240 200
1043260 200
1043340 200
1043350 200
1043360 200
1043370 200
1043380 200
1043390 200
1043430 200
1043440 200
1043450 200
1043460 200
1043470 200
1043480 200
1043500 200
1043510 200
1043520 200
1043560 200
1043580 200
1043590 200
1043610 200
1043690 200
1043710 200
1043760 200
1043780 200
1043790 200
1043800 200
1043810 200
1043850 200
1043860 200
1043870 200
1044010 200
1044020 200
1044040 200
1044060 200
1044070 200
1044080 200
1044090 200
1044110 200
1044120 200
1044130 200
1044170 200
1044180 200
1044210 200
1044220 200
1044300 200
1044330 200
1044340 200
1044350 200
1044410 200
1044450 200
1044460 200
1044470 200
1044480 200
1044490 200
1044520 200
1044620 200
1044630 200
1044640 200
1044690 200
1044700 200
1044720 200
1044730 200
1044740 200
1044750 200
1044760 200
1044770 200
1044790 200
1044800 200
1044820 200
1044840 200
1044870 200
1044900 200
1044920 200
1044930 200
1044950 200
1044980 200
1045010 200
1045020 200
1045060 200
1045070 200
1045080 200
1045110 200
1045120 200
1045130 200
1045140 200
1045150 200
1045180 200
1045220 200
1045270 200
1045280 200
1045300 200
1045340 200
1045350 200
1045390 200
1045430 200
1045510 200
1045520 200
1045580 200
1045590 200
1045610 200
1045620 200
1045650 200
1045670 200
1045720 200
1045730 200
1045740 200
1045750 200
1045840 200
1045850 200
1045900 200
1045920 200
1045930 200
1046030 200
1046040 200
1046060 200
1046070 200
1046110 200
1046150 200
1046210 200
1046230 200
1046240 200
1046300 200
1046350 200
1046370 200
1046400 200
1046410 200
1046470 200
1046480 200
1046530 200
1046560 200
1046570 200
1046590 200
1046600 200
1046630 200
1046650 200
1046660 200
1046670 200
1046700 200
1046740 200
1046750 200
1046760 200
1046790 200
1046820 200
1046830 200
1046920 200
1046930 200
1046970 200
1046980 200
1047010 200
1047020 200
1047090 200
1047110 200
1047120 200
1047140 200
1047160 200
1047170 200
1047190 200
1047220 200
1047240 200
1047320 200
1047340 200
1047350 200
1047380 200
1047430 200
1047440 200
1047470 200
1047480 200
1047490 200
1047560 200
1047580 200
1047600 200
1047610 200
1047620 200
1047660 200
1047680 200
1047720 200
1047730 200
1047780 200
1047800 200
1047810 200
1047830 200
1047840 200
1047850 200
1047860 200
1047870 200
1047910 200
1047920 200
1047930 200
1047950 200
1047960 200
1048000 200
1048020 200
1048040 200
1048080 200
1048090 200
1048100 200
1048120 200
1048160 200
1048250 200
1048260 200
1048270 200
1048280 200
1048300 200
1048350 200
1048370 200
1048410 200
1048420 200
1048450 200
1048470 200
1048480 200
1048530 200
1048540 200
1048560 200
1048570 200
1048580 200
1048610 200
1048640 200
1048660 200
1048670 200
1048690 200
1048710 200
1048740 200
1048780 200
1048790 200
1048830 200
1048840 200
1048850 200
1048860 200
1048880 200
1048890 200
1048900 200
1048920 200
1048950 200
1048960 200
1049000 200
1049010 200
1049030 200
1049070 200
1049080 200
1049090 200
1049100 200
1049130 200
1049140 200
1049220 200
1049270 200
1049280 200
1049310 200
1049320 200
1049360 200
1049370 200
1049380 200
1049400 200
1049410 200
1049420 200
1049510 200
1049530 200
1049560 200
1049570 200
1049590 200
1049630 200
1049640 200
1049660 200
1049670 200
1049680 200
1049690 200
1049710 200
1049720 200
1049730 200
1049740 200
1049800 200
1049820 200
1049840 200
1049850 200
1049870 200
1049880 200
1049890 200
1049910 200
1049920 200
1049930 200
1050000 200
1050010 200
1050080 200
1050130 200
1050150 200
1050160 200
1050170 200
1050180 200
1050190 200
1050210 200
1050230 200
1050240 200
1050260 200
1050270 200
1050280 200
1050290 200
1050350 200
1050370 200
1050430 200
1050500 200
1050510 200
1050520 200
1050540 200
1050560 200
1050580 200
1050620 200
1050660 200
1050670 200
1050680 200
1050690 200
1050700 200
1050720 200
1050730 200
1050810 200
1050850 200
1050880 200
1050900 200
1050910 200
1051060 200
1051070 200
1051130 200
1051160 200
1051190 200
1051200 200
1051210 200
1051220 200
1051250 200
1051260 200
1051270 200
1051280 200
1051290 200
1051300 200
1051310 200
1051320 200
1051330 200
1051350 200
1051410 200
1051420 200
1051440 200
1051470 200
1051500 200
1051560 200
1051570 200
1051580 200
1051590 200
1051600 200
1051630 200
1051670 200
1051690 200
1051710 200
1051830 200
1051840 200
1051850 200
1051870 200
1051890 200
1051900 200
1051920 200
1051940 200
1051950 200
1051960 200
1051990 200
1052010 200
1052030 200
1052040 200
1052070 200
1052080 200
1052090 200
1052100 200
1052140 200
1052150 200
1052180 200
1052210 200
1052220 200
1052230 200
1052250 200
1052310 200
1052360 200
1052370 200
1052380 200
1052390 200
1052420 200
1052440 200
1052450 200
1052470 200
1052480 200
1052500 200
1052510 200
1052540 200
1052550 200
1052560 200
1052580 200
1052600 200
1052640 200
1052650 200
1052660 200
1052670 200
1052750 200
1052760 200
1052850 200
1052870 200
1052890 200
1052900 200
1052920 200
1052970 200
1052990 200
1053000 200
1053020 200
1053040 200
1053090 200
1053160 200
1053170 200
1053190 200
1053250 200
1053270 200
1053300 200
1053330 200
1053390 200
1053510 200
1053540 200
1053560 200
1053620 200
1053640 200
1053650 200
1053660 200
1053680 200
1053700 200
1053710 200
1053720 200
1053730 200
1053750 200
1053780 200
1053820 200
1053830 200
1053850 200
1053870 200
1053880 200
1053900 200
1053920 200
1053960 200
1053970 200
1054050 200
1054080 200
1054090 200
1054110 200
1054120 200
1054150 200
1054180 200
1054190 200
1054240 200
1054250 200
1054270 200
1054290 200
1054300 200
1054320 200
1054340 200
1054350 200
1054370 200
1054430 200
1054450 200
1054460 200
1054470 200
1054490 200
1054500 200
1054510 200
1054520 200
1054550 200
1054560 200
1054570 200
1054590 200
1054610 200
1054620 200
1054630 200
1054640 200
1054650 200
1054660 200
1054690 200
1054700 200
1054710 200
1054720 200
1054750 200
1054770 200
1054800 200
1054820 200
1054860 200
1054900 200
1054930 200
1054950 200
1054980 200
1054990 200
1055000 200
1055020 200
1055030 200
1055040 200
1055090 200
1055120 200
1055140 200
1055150 200
1055160 200
1055170 200
1055180 200
1055210 200
1055240 200
1055280 200
1055310 200
1055340 200
1055360 200
1055380 200
1055420 200
1055430 200
1055460 200
1055490 200
1055540 200
1055590 200
1055610 200
1055620 200
1055640 200
1055660 200
1055690 200
1055760 200
1055770 200
1055780 200
1055850 200
1055870 200
1055890 200
1055930 200
1055940 200
1055950 200
1055960 200
1055970 200
1055990 200
1056010 200
1056040 200
1056060 200
1056070 200
1056080 200
1056140 200
1056170 200
1056180 200
1056230 200
1056280 200
1056310 200
1056320 200
1056330 200
1056350 200
1056370 200
1056420 200
1056480 200
1056490 200
1056510 200
1056520 200
1056570 200
1056580 200
1056590 200
1056610 200
1056640 200
1056650 200
1056660 200
1056680 200
1056690 200
1056710 200
1056720 200
1056750 200
1056840 200
1056860 200
1056960 200
1056970 200
1057030 200
1057090 200
1057130 200
1057150 200
1057180 200
1057390 200
1057420 200
1057430 200
1057460 200
1057540 200
1057560 200
1057570 200
1057580 200
1057590 200
1057600 200
1057610 200
1057630 200
1057640 200
1057680 200
1057700 200
1057710 200
1057720 200
1057730 200
1057740 200
1057750 200
1057770 200
1057780 200
1057790 200
1057800 200
1057810 200
1057820 200
1057850 200
1057980 200
1057990 200
1058000 200
1058020 200
1058030 200
1058060 200
1058110 200
1058130 200
1058140 200
1058200 200
1058210 200
1058220 200
1058230 200
1058270 200
1058280 200
1058290 200
1058320 200
1058330 200
1058340 200
1058350 200
1058370 200
1058380 200
1058400 200
1058410 200
1058430 200
1058450 200
1058470 200
1058490 200
1058500 200
1058510 200
1058530 200
1058550 200
1058560 200
1058570 200
1058590 200
1058600 200
1058630 200
1058640 200
1058650 200
1058660 200
1058680 200
1058690 200
1058710 200
1058720 200
1058730 200
1058740 200
1058750 200
1058760 200
1058770 200
1058800 200
1058830 200
1058840 200
1058860 200
1058930 200
1058940 200
1058980 200
1059000 200
1059010 200
1059040 200
1059080 200
1059090 200
1059110 200
1059120 200
1059150 200
1059160 200
1059190 200
1059220 200
1059230 200
1059240 200
1059260 200
1059280 200
1059300 200
1059310 200
1059320 200
1059370 200
1059390 200
1059420 200
1059430 200
1059460 200
1059470 200
1059500 200
1059520 200
1059620 200
1059640 200
1059660 200
1059690 200
1059710 200
1059740 200
1059830 200
1059840 200
1059850 200
1059860 200
1059880 200
1059890 200
1059900 200
1059980 200
1059990 200
1060000 200
1060020 200
1060060 200
1060100 200
1060110 200
1060160 200
1060170 200
1060180 200
1060210 200
1060220 200
1060230 200
1060240 200
1060300 200
1060310 200
1060320 200
1060350 200
1060360 200
1060370 200
1060380 200
1060400 200
1060450 200
1060460 200
1060470 200
1060490 200
1060510 200
1060550 200
1060560 200
1060600 200
1060620 200
1060630 200
1060670 200
1060690 200
1060770 200
1060810 200
1060820 200
1060840 200
1060850 200
1060870 200
1060880 200
1060890 200
1060900 200
1060980 200
1061010 200
1061090 200
1061120 200
1061130 200
1061150 200
1061160 200
1061180 200
1061200 200
1061210 200
1061220 200
1061240 200
1061250 200
1061260 200
1061270 200
1061280 200
1061300 200
1061360 200
1061390 200
1061400 200
1061420 200
1061430 200
1061460 200
1061470 200
1061490 200
1061530 200
1061540 200
1061550 200
1061600 200
1061610 200
1061620 200
1061640 200
1061650 200
1061670 200
1061680 200
1061730 200
1061790 200
1061800 200
1061850 200
1061880 200
1061900 200
1061910 200
1061920 200
1061930 200
1061970 200
1061980 200
1061990 200
1062000 200
1062020 200
1062040 200
1062050 200
1062060 200
1062070 200
1062080 200
1062090 200
1062100 200
1062110 200
1062120 200
1062130 200
1062140 200
1062160 200
1062200 200
1062210 200
1062220 200
1062260 200
1062330 200
1062340 200
1062390 200
1062430 200
1062470 200
1062480 200
1062520 200
1062530 200
1062540 200
1062550 200
1062640 200
1062660 200
1062670 200
1062680 200
1062690 200
1062810 200
1062830 200
1062850 200
1062860 200
1062960 200
1063020 200
1063030 200
1063040 200
1063050 200
1063060 200
1063070 200
1063080 200
1063100 200
1063110 200
1063120 200
1063130 200
1063140 200
1063160 200
1063170 200
1063180 200
1063190 200
1063210 200
1063230 200
1063280 200
1063300 200
1063310 200
1063330 200
1063340 200
1063350 200
1063380 200
1063420 200
1063440 200
1063470 200
1063490 200
1063500 200
1063510 200
1063530 200
1063540 200
1063560 200
1063570 200
1063580 200
1063590 200
1063660 200
1063700 200
1063710 200
1063730 200
1063740 200
1063760 200
1063770 200
1063790 200
1063800 200
1063820 200
1063830 200
1063850 200
1063860 200
1063870 200
1063890 200
1063910 200
1063930 200
1063940 200
1063950 200
1063960 200
1063970 200
1063980 200
1063990 200
1064010 200
1064020 200
1064030 200
1064050 200
1064060 200
1064070 200
1064080 200
1064090 200
1064100 200
1064110 200
1064130 200
1064140 200
1064150 200
1064160 200
1064170 200
1064200 200
1064250 200
1064260 200
1064310 200
1064320 200
1064340 200
1064360 200
1064420 200
1064440 200
1064450 200
1064460 200
1064480 200
1064490 200
1064520 200
1064540 200
1064580 200
1064600 200
1064610 200
1064620 200
1064650 200
1064660 200
1064670 200
1064690 200
1064710 200
1064730 200
1064750 200
1064840 200
1064860 200
1064900 200
1064910 200
1064950 200
1064960 200
1064990 200
1065010 200
1065020 200
1065030 200
1065050 200
1065070 200
1065100 200
1065110 200
1065180 200
1065200 200
1065210 200
1065230 200
1065250 200
1065260 200
1065270 200
1065310 200
1065320 200
1065350 200
1065390 200
1065410 200
1065460 200
1065520 200
1065550 200
1065570 200
1065580 200
1065630 200
1065650 200
1065670 200
1065680 200
1065690 200
1065740 200
1065750 200
1065770 200
1065780 200
1065830 200
1065850 200
1065860 200
1065870 200
1065880 200
1065890 200
1065900 200
1065910 200
1065920 200
1065930 200
1065940 200
1065950 200
1065970 200
1065990 200
1066010 200
1066030 200
1066040 200
1066090 200
1066130 200
1066140 200
1066160 200
1066180 200
1066210 200
1066230 200
1066240 200
1066260 200
1066290 200
1066310 200
1066380 200
1066390 200
1066400 200
1066420 200
1066430 200
1066440 200
1066460 200
1066470 200
1066490 200
1066520 200
1066530 200
1066580 200
1066630 200
1066660 200
1066670 200
1066680 200
1066700 200
1066730 200
1066740 200
1066760 200
1066780 200
1066840 200
1066890 200
1066900 200
1066930 200
1066940 200
1066950 200
1067020 200
1067030 200
1067040 200
1067050 200
1067060 200
1067080 200
1067100 200
1067110 200
1067200 200
1067220 200
1067250 200
1067270 200
1067280 200
1067310 200
1067320 200
1067350 200
1067360 200
1067380 200
1067390 200
1067400 200
1067410 200
1067430 200
1067440 200
1067450 200
1067520 200
1067540 200
1067560 200
1067580 200
1067600 200
1067650 200
1067700 200
1067720 200
1067730 200
1067760 200
1067780 200
1067810 200
1067850 200
1067860 200
1067900 200
1067930 200
1068020 200
1068050 200
1068070 200
1068100 200
1068110 200
1068120 200
1068150 200
1068190 200
1068210 200
1068220 200
1068320 200
1068350 200
1068360 200
1068410 200
1068420 200
1068460 200
1068480 200
1068490 200
1068500 200
1068510 200
1068520 200
1068540 200
1068580 200
1068600 200
1068640 200
1068680 200
1068700 200
1068720 200
1068800 200
1068830 200
1068840 200
1068860 200
1068900 200
1068910 200
1068980 200
1068990 200
1069000 200
1069030 200
1069050 200
1069080 200
1069120 200
1069130 200
1069140 200
1069150 200
1069160 200
1069180 200
1069190 200
1069210 200
1069230 200
1069250 200
1069270 200
1069290 200
1069360 200
1069380 200
1069390 200
1069460 200
1069480 200
1069500 200
1069520 200
1069530 200
1069540 200
1069610 200
1069640 200
1069650 200
1069660 200
1069670 200
1069690 200
1069710 200
1069720 200
1069740 200
1069750 200
1069810 200
1069820 200
1069840 200
1069850 200
1069900 200
1069910 200
1069920 200
1069940 200
1069960 200
1069970 200
1070020 200
1070030 200
1070100 200
1070110 200
1070150 200
1070160 200
1070180 200
1070190 200
1070220 200
1070230 200
1070240 200
1070250 200
1070280 200
1070300 200
1070320 200
1070330 200
1070350 200
1070390 200
1070400 200
1070410 200
1070430 200
1070440 200
1070450 200
1070460 200
1070500 200
1070510 200
1070550 200
1070580 200
1070590 200
1070690 200
1070710 200
1070770 200
1070780 200
1070790 200
1070800 200
1070840 200
1070850 200
1070860 200
1070890 200
1070940 200
1070980 200
1070990 200
1071030 200
1071060 200
1071070 200
1071080 200
1071090 200
1071120 200
1071130 200
1071140 200
1071170 200
1071180 200
1071190 200
1071220 200
1071240 200
1071260 200
1071280 200
1071290 200
1071310 200
1071320 200
1071330 200
1071350 200
1071440 200
1071490 200
1071500 200
1071510 200
1071550 200
1071580 200
1071600 200
1071610 200
1071620 200
1071640 200
1071660 200
1071680 200
1071700 200
1071740 200
1071760 200
1071770 200
1071800 200
1071870 200
1071880 200
1071890 200
1071900 200
1071920 200
1071940 200
1071950 200
1071970 200
1072000 200
1072030 200
1072040 200
1072050 200
1072070 200
1072090 200
1072100 200
1072110 200
1072120 200
1072140 200
1072150 200
1072170 200
1072180 200
1072210 200
1072250 200
1072270 200
1072280 200
1072290 200
1072300 200
1072340 200
1072350 200
1072390 200
1072400 200
1072420 200
1072480 200
1072500 200
1072530 200
1072550 200
1072590 200
1072600 200
1072610 200
1072620 200
1072640 200
1072720 200
1072750 200
1072760 200
1072780 200
1072790 200
1072840 200
1072850 200
1072860 200
1072870 200
1072890 200
1072910 200
1072920 200
1072930 200
1073020 200
1073040 200
1073050 200
1073060 200
1073080 200
1073100 200
1073120 200
1073130 200
1073140 200
1073210 200
1073220 200
1073280 200
1073310 200
1073320 200
1073350 200
1073370 200
1073380 200
1073390 200
1073400 200
1073410 200
1073440 200
1073450 200
1073490 200
1073600 200
1073610 200
1073620 200
1073640 200
1073710 200
1073740 200
1073770 200
1073790 200
1073810 200
1073820 200
1073840 200
1073860 200
1073870 200
1073890 200
1073900 200
1073910 200
1073960 200
1073970 200
1073990 200
1074030 200
1074040 200
1074060 200
1074070 200
1074080 200
1074150 200
1074170 200
1074180 200
1074190 200
1074220 200
1074250 200
1074280 200
1074300 200
1074310 200
1074330 200
1074340 200
1074350 200
1074370 200
1074390 200
1074400 200
1074440 200
1074490 200
1074500 200
1074510 200
1074520 200
1074530 200
1074550 200
1074610 200
1074620 200
1074630 200
1074640 200
1074670 200
1074690 200
1074700 200
1074740 200
1074770 200
1074830 200
1074860 200
1074960 200
1074990 200
1075000 200
1075080 200
1075140 200
1075170 200
1075190 200
1075200 200
1075350 200
1075370 200
1075390 200
1075400 200
1075430 200
1075480 200
1075550 200
1075570 200
1075580 200
1075740 200
1075750 200
1075790 200
1075830 200
1075880 200
1075900 200
1075910 200
1075950 200
1075960 200
1075980 200
1076020 200
1076040 200
1076050 200
1076060 200
1076070 200
1076100 200
1076110 200
1076120 200
1076130 200
1076140 200
1076160 200
1076200 200
1076210 200
1076230 200
1076300 200
1076350 200
1076360 200
1076410 200
1076450 200
1076480 200
1076500 200
1076530 200
1076550 200
1076600 200
1076610 200
1076620 200
1076640 200
1076720 200
1076730 200
1076750 200
1076770 200
1076790 200
1076830 200
1076880 200
1076920 200
1076940 200
1076950 200
1076970 200
1077010 200
1077030 200
1077080 200
1077090 200
1077110 200
1077130 200
1077150 200
1077160 200
1077200 200
1077210 200
1077230 200
1077250 200
1077270 200
1077290 200
1077300 200
1077320 200
1077340 200
1077360 200
1077390 200
1077410 200
1077420 200
1077430 200
1077450 200
1077470 200
1077490 200
1077510 200
1077520 200
1077530 200
1077540 200
1077550 200
1077560 200
1077590 200
1077600 200
1077630 200
1077680 200
1077730 200
1077740 200
1077760 200
1077850 200
1077860 200
1077880 200
1077890 200
1077970 200
1078040 200
1078060 200
1078080 200
1078130 200
1078140 200
1078200 200
1078210 200
1078240 200
1078270 200
1078280 200
1078320 200
1078330 200
1078340 200
1078350 200
1078360 200
1078370 200
1078380 200
1078390 200
1078420 200
1078450 200
1078460 200
1078490 200
1078500 200
1078510 200
1078520 200
1078570 200
1078590 200
1078610 200
1078640 200
1078670 200
1078750 200
1078760 200
1078770 200
1078780 200
1078800 200
1078820 200
1078870 200
1078920 200
1078950 200
1078960 200
1078970 200
1079000 200
1079050 200
1079130 200
1079160 200
1079200 200
1079210 200
1079230 200
1079260 200
1079290 200
1079300 200
1079310 200
1079320 200
1079330 200
1079340 200
1079430 200
1079440 200
1079450 200
1079470 200
1079480 200
1079500 200
1079510 200
1079550 200
1079560 200
1079570 200
1079600 200
1079610 200
1079620 200
1079630 200
1079720 200
1079730 200
1079740 200
1079790 200
1079800 200
1079810 200
1079830 200
1079860 200
1079870 200
1079890 200
1079910 200
1079940 200
1079970 200
1080010 200
1080020 200
1080040 200
1080060 200
1080090 200
1080120 200
1080130 200
1080150 200
1080180 200
1080200 200
1080240 200
1080250 200
1080290 200
1080330 200
1080360 200
1080370 200
1080410 200
1080440 200
1080450 200
1080630 200
1080680 200
1080690 200
1080700 200
1080750 200
1080780 200
1080930 200
1080950 200
1080960 200
1080990 200
1081020 200
1081030 200
1081040 200
1081070 200
1081090 200
1081110 200
1081120 200
1081140 200
1081160 200
1081170 200
1081190 200
1081200 200
1081240 200
1081250 200
1081260 200
1081300 200
1081320 200
1081340 200
1081350 200
1081410 200
1081420 200
1081430 200
1081450 200
1081460 200
1081470 200
1081490 200
1081500 200
1081510 200
1081540 200
1081550 200
1081560 200
1081590 200
1081600 200
1081630 200
1081650 200
1081670 200
1081710 200
1081720 200
1081740 200
1081760 200
1081780 200
1081800 200
1081810 200
1081820 200
1081830 200
1081840 200
1081850 200
1081870 200
1081880 200
1081890 200
1081910 200
1081960 200
1081990 200
1082000 200
1082110 200
1082180 200
1082190 200
1082200 200
1082220 200
1082340 200
1082410 200
1082430 200
1082440 200
1082450 200
1082460 200
1082470 200
1082480 200
1082490 200
1082500 200
1082520 200
1082620 200
1082650 200
1082680 200
1082690 200
1082700 200
1082710 200
1082720 200
1082730 200
1082750 200
1082760 200
1082770 200
1082780 200
1082860 200
1082890 200
1082930 200
1082940 200
1082970 200
1082990 200
1083000 200
1083070 200
1083190 200
1083210 200
1083230 200
1083240 200
1083260 200
1083270 200
1083290 200
1083300 200
1083310 200
1083350 200
1083380 200
1083410 200
1083420 200
1083430 200
1083450 200
1083460 200
1083480 200
1083490 200
1083500 200
1083580 200
1083600 200
1083610 200
1083650 200
1083700 200
1083750 200
1083760 200
1083790 200
1083800 200
1083810 200
1083820 200
1083850 200
1083870 200
1083880 200
1083990 200
1084010 200
1084020 200
1084080 200
1084090 200
1084120 200
1084130 200
1084160 200
1084220 200
1084350 200
1084360 200
1084380 200
1084420 200
1084440 200
1084480 200
1084520 200
1084530 200
1084560 200
1084570 200
1084600 200
1084640 200
1084710 200
1084730 200
1084770 200
1084790 200
1084810 200
1084830 200
1084840 200
1084870 200
1084910 200
1084920 200
1084930 200
1084970 200
1084980 200
1084990 200
1085040 200
1085070 200
1085080 200
1085090 200
1085110 200
1085150 200
1085160 200
1085180 200
1085190 200
1085210 200
1085220 200
1085230 200
1085240 200
1085260 200
1085270 200
1085280 200
1085310 200
1085340 200
1085390 200
1085510 200
1085520 200
1085540 200
1085560 200
1085570 200
1085590 200
1085610 200
1085630 200
1085640 200
1085660 200
1085680 200
1085730 200
1085750 200
1085790 200
1085800 200
1085820 200
1085830 200
1085840 200
1085860 200
1085880 200
1085900 200
1085930 200
1085940 200
1085950 200
1085970 200
1085990 200
1086010 200
1086030 200
1086050 200
1086060 200
1086070 200
1086140 200
1086150 200
1086160 200
1086250 200
1086260 200
1086270 200
1086310 200
1086410 200
1086450 200
1086460 200
1086470 200
1086490 200
1086620 200
1086630 200
1086640 200
1086670 200
1086680 200
1086690 200
1086710 200
1086750 200
1086810 200
1086840 200
1086850 200
1086860 200
1086900 200
1086940 200
1086970 200
1086980 200
1086990 200
1087020 200
1087030 200
1087040 200
1087050 200
1087060 200
1087070 200
1087100 200
1087110 200
1087190 200
1087270 200
1087310 200
1087330 200
1087440 200
1087460 200
1087480 200
1087500 200
1087530 200
1087540 200
1087600 200
1087610 200
1087620 200
1087640 200
1087700 200
1087720 200
1087760 200
1087770 200
1087780 200
1087790 200
1087800 200
1087810 200
1087820 200
1087910 200
1087940 200
1087950 200
1087960 200
1087970 200
1088010 200
1088030 200
1088040 200
1088060 200
1088070 200
1088090 200
1088110 200
1088150 200
1088160 200
1088190 200
1088420 200
1088440 200
1088540 200
1088570 200
1088600 200
1088610 200
1088630 200
1088710 200
1088720 200
1088750 200
1088770 200
1088790 200
1088800 200
1088830 200
1088850 200
1088870 200
1088880 200
1088900 200
1088910 200
1088950 200
1088960 200
1088980 200
1089030 200
1089050 200
1089080 200
1089090 200
1089100 200
1089110 200
1089130 200
1089140 200
1089250 200
1089290 200
1089310 200
1089330 200
1089430 200
1089520 200
1089540 200
1089570 200
1089590 200
1089600 200
1089630 200
1089650 200
1089660 200
1089690 200
1089710 200
1089760 200
1089770 200
1089780 200
1089790 200
1089800 200
1089810 200
1089820 200
1089830 200
1089840 200
1089860 200
1089880 200
1089890 200
1089920 200
1089930 200
1089980 200
1090020 200
1090030 200
1090060 200
1090100 200
1090120 200
1090210 200
1090250 200
1090300 200
1090340 200
1090380 200
1090390 200
1090440 200
1090470 200
1090480 200
1090490 200
1090520 200
1090530 200
1090540 200
1090560 200
1090580 200
1090590 200
1090630 200
1090650 200
1090660 200
1090670 200
1090680 200
1090690 200
1090700 200
1090750 200
1090760 200
1090790 200
1090800 200
1090900 200
1090910 200
1090920 200
1090930 200
1090940 200
1090960 200
1091010 200
1091020 200
1091030 200
1091070 200
1091090 200
1091110 200
1091140 200
1091170 200
1091180 200
1091190 200
1091200 200
1091210 200
1091240 200
1091250 200
1091260 200
1091270 200
1091320 200
1091330 200
1091350 200
1091370 200
1091380 200
1091390 200
1091400 200
1091460 200
1091470 200
1091500 200
1091510 200
1091520 200
1091540 200
1091550 200
1091570 200
1091580 200
1091590 200
1091640 200
1091670 200
1091690 200
1091720 200
1091740 200
1091840 200
1091860 200
1091870 200
1091890 200
1091910 200
1091920 200
1091940 200
1091950 200
1091960 200
1091980 200
1092000 200
1092040 200
1092050 200
1092060 200
1092070 200
1092080 200
1092140 200
1092150 200
1092160 200
1092170 200
1092180 200
1092190 200
1092210 200
1092260 200
1092270 200
1092300 200
1092400 200
1092430 200
1092510 200
1092530 200
1092560 200
1092580 200
1092590 200
1092610 200
1092630 200
1092650 200
1092660 200
1092680 200
1092700 200
1092710 200
1092720 200
1092730 200
1092750 200
1092770 200
1092780 200
1092790 200
1092800 200
1092830 200
1092850 200
1092900 200
1092950 200
1092980 200
1093020 200
1093120 200
1093130 200
1093150 200
1093180 200
1093220 200
1093280 200
1093290 200
1093300 200
1093320 200
1093330 200
1093360 200
1093370 200
1093500 200
1093520 200
1093670 200
1093690 200
1093720 200
1093750 200
1093760 200
1093770 200
1093790 200
1093800 200
1093810 200
1093830 200
1093840 200
1093850 200
1093870 200
1093900 200
1093910 200
1093920 200
1093950 200
1094000 200
1094010 200
1094020 200
1094030 200
1094050 200
1094060 200
1094070 200
1094080 200
1094110 200
1094120 200
1094130 200
1094170 200
1094190 200
1094250 200
1094290 200
1094320 200
1094340 200
1094390 200
1094400 200
1094410 200
1094420 200
1094440 200
1094450 200
1094460 200
1094520 200
1094530 200
1094540 200
1094580 200
1094590 200
1094600 200
1094630 200
1094640 200
1094660 200
1094680 200
1094690 200
1094720 200
1094730 200
1094760 200
1094780 200
1094820 200
1094870 200
1094880 200
1094920 200
1094930 200
1094960 200
1095040 200
1095060 200
1095070 200
1095080 200
1095090 200
1095120 200
1095140 200
1095200 200
1095260 200
1095280 200
1095290 200
1095300 200
1095320 200
1095360 200
1095370 200
1095380 200
1095400 200
1095450 200
1095460 200
1095480 200
1095520 200
1095540 200
1095550 200
1095560 200
1095590 200
1095610 200
1095650 200
1095680 200
1095700 200
1095750 200
1095760 200
1095790 200
1095800 200
1095810 200
1095820 200
1095840 200
1095850 200
1095860 200
1095870 200
1095880 200
1095980 200
1096000 200
1096010 200
1096060 200
1096090 200
1096100 200
1096120 200
1096130 200
1096140 200
1096180 200
1096200 200
1096210 200
1096230 200
1096240 200
1096290 200
1096310 200
1096330 200
1096340 200
1096360 200
1096410 200
1096420 200
1096430 200
1096510 200
1096520 200
1096530 200
1096560 200
1096570 200
1096590 200
1096600 200
1096610 200
1096630 200
1096640 200
1096650 200
1096690 200
1096710 200
1096720 200
1096730 200
1096750 200
1096760 200
1096930 200
1096950 200
1096960 200
1096980 200
1096990 200
1097000 200
1097050 200
1097090 200
1097100 200
1097110 200
1097120 200
1097130 200
1097160 200
1097170 200
1097180 200
1097200 200
1097240 200
1097260 200
1097270 200
1097280 200
1097300 200
1097330 200
1097340 200
1097350 200
1097370 200
1097410 200
1097420 200
1097430 200
1097470 200
1097480 200
1097500 200
1097520 200
1097530 200
1097550 200
1097560 200
1097570 200
1097580 200
1097600 200
1097620 200
1097630 200
1097650 200
1097670 200
1097690 200
1097710 200
1097750 200
1097760 200
1097770 200
1097780 200
1097790 200
1097810 200
1097820 200
1097830 200
1097840 200
1097860 200
1097870 200
1097880 200
1097900 200
1097960 200
1098000 200
1098040 200
1098080 200
1098090 200
1098100 200
1098130 200
1098140 200
1098150 200
1098170 200
1098180 200
1098190 200
1098200 200
1098210 200
1098220 200
1098230 200
1098250 200
1098270 200
1098280 200
1098292 200
1098293 200
1098320 200
1098340 200
1098370 200
1098390 200
1098430 200
1098440 200
1098470 200
1098480 200
1098500 200
1098510 200
1098530 200
1098540 200
1098560 200
1098570 200
1098610 200
1098620 200
1098640 200
1098650 200
1098660 200
1098670 200
1098680 200
1098700 200
1098720 200
1098730 200
1098750 200
1098760 200
1098770 200
1098790 200
1098840 200
1098870 200
1098910 200
1098940 200
1098980 200
1099010 200
1099070 200
1099090 200
1099110 200
1099140 200
1099170 200
1099220 200
1099410 200
1099440 200
1099450 200
1099460 200
1099470 200
1099500 200
1099510 200
1099530 200
1099630 200
1099640 200
1099660 200
1099790 200
1099830 200
1099840 200
1099860 200
1099900 200
1099910 200
1099920 200
1099960 200
1100030 200
1100050 200
1100070 200
1100140 200
1100150 200
1100160 200
1100170 200
1100180 200
1100210 200
1100260 200
1100270 200
1100290 200
1100300 200
1100320 200
1100340 200
1100350 200
1100360 200
1100410 200
1100420 200
1100430 200
1100500 200
1100510 200
1100560 200
1100800 200
1100830 200
1100840 200
1100860 200
1100880 200
1100900 200
1100910 200
1100920 200
1100930 200
1100980 200
1100990 200
1101000 200
1101030 200
1101050 200
1101060 200
1101080 200
1101100 200
1101120 200
1101130 200
1101140 200
1101170 200
1101180 200
1101190 200
1101200 200
1101220 200
1101260 200
1101270 200
1101290 200
1101310 200
1101330 200
1101340 200
1101360 200
1101370 200
1101400 200
1101420 200
1101450 200
1101480 200
1101530 200
1101580 200
1101620 200
1101630 200
1101650 200
1101660 200
1101670 200
1101760 200
1101770 200
1101780 200
1101790 200
1101800 200
1101850 200
1101930 200
1101940 200
1101960 200
1101980 200
1102000 200
1102030 200
1102040 200
1102060 200
1102080 200
1102100 200
1102110 200
1102130 200
1102140 200
1102150 200
1102190 200
1102200 200
1102210 200
1102250 200
1102260 200
1102340 200
1102370 200
1102390 200
1102410 200
1102490 200
1102500 200
1102510 200
1102580 200
1102650 200
1102680 200
1102700 200
1102720 200
1102740 200
1102750 200
1102780 200
1102880 200
1102890 200
1102930 200
1102940 200
1102980 200
1103000 200
1103010 200
1103040 200
1103050 200
1103060 200
1103070 200
1103080 200
1103100 200
1103120 200
1103130 200
1103160 200
1103210 200
1103250 200
1103290 200
1103300 200
1103310 200
1103320 200
1103330 200
1103340 200
1103390 200
1103400 200
1103410 200
1103460 200
1103490 200
1103510 200
1103520 200
1103530 200
1103540 200
1103550 200
1103560 200
1103570 200
1103590 200
1103610 200
1103620 200
1103630 200
1103640 200
1103650 200
1103660 200
1103690 200
1103730 200
1103770 200
1103780 200
1103790 200
1103800 200
1103810 200
1103820 200
1103860 200
1103870 200
1103880 200
1103890 200
1103920 200
1103930 200
1103940 200
1103960 200
1103970 200
1103980 200
1104010 200
1104030 200
1104050 200
1104100 200
1104150 200
1104170 200
1104200 200
1104210 200
1104220 200
1104230 200
1104250 200
1104280 200
1104320 200
1104330 200
1104340 200
1104380 200
1104400 200
1104450 200
1104460 200
1104470 200
1104480 200
1104490 200
1104510 200
1104570 200
1104600 200
1104610 200
1104620 200
1104630 200
1104660 200
1104670 200
1104690 200
1104710 200
1104790 200
1104800 200
1104830 200
1104840 200
1104870 200
1104890 200
1104910 200
1104920 200
1104930 200
1104960 200
1105040 200
1105110 200
1105130 200
1105140 200
1105160 200
1105210 200
1105220 200
1105240 200
1105300 200
1105330 200
1105410 200
1105420 200
1105430 200
1105460 200
1105470 200
1105480 200
1105490 200
1105500 200
1105510 200
1105530 200
1105550 200
1105560 200
1105570 200
1105590 200
1105600 200
1105620 200
1105660 200
1105670 200
1105710 200
1105730 200
1105740 200
1105770 200
1105810 200
1105870 200
1105960 200
1105970 200
1105990 200
1106030 200
1106060 200
1106140 200
1106150 200
1106200 200
1106340 200
1106350 200
1106530 200
1106660 200
1106670 200
1106680 200
1106690 200
1106700 200
1106710 200
1106720 200
1106730 200
1106740 200
1106770 200
1106790 200
1106830 200
1106840 200
1106860 200
1106910 200
1106920 200
1106930 200
1106940 200
1106950 200
1106980 200
1107040 200
1107050 200
1107060 200
1107100 200
1107130 200
1107160 200
1107190 200
1107210 200
1107230 200
1107300 200
1107320 200
1107340 200
1107350 200
1107370 200
1107390 200
1107440 200
1107450 200
1107470 200
1107490 200
1107510 200
1107520 200
1107580 200
1107620 200
1107640 200
1107660 200
1107720 200
1107730 200
1107750 200
1107790 200
1107820 200
1107860 200
1107920 200
1107940 200
1108000 200
1108020 200
1108030 200
1108040 200
1108090 200
1108110 200
1108120 200
1108130 200
1108170 200
1108190 200
1108240 200
1108250 200
1108270 200
1108310 200
1108320 200
1108350 200
1108370 200
1108380 200
1108390 200
1108540 200
1108550 200
1108560 200
1108590 200
1108600 200
1108620 200
1108630 200
1108640 200
1108680 200
1108740 200
1108780 200
1108800 200
1108820 200
1108940 200
1108950 200
1109040 200
1109070 200
1109080 200
1109100 200
1109110 200
1109130 200
1109160 200
1109170 200
1109220 200
1109280 200
1109300 200
1109310 200
1109340 200
1109350 200
1109360 200
1109400 200
1109410 200
1109420 200
1109460 200
1109470 200
1109490 200
1109550 200
1109570 200
1109650 200
1109660 200
1109680 200
1109690 200
1109700 200
1109720 200
1109740 200
1109750 200
1109800 200
1109820 200
1109840 200
1109880 200
1109890 200
1109940 200
1109960 200
1109980 200
1110010 200
1110020 200
1110030 200
1110050 200
1110090 200
1110100 200
1110200 200
1110210 200
1110220 200
1110280 200
1110340 200
1110350 200
1110380 200
1110390 200
1110430 200
1110460 200
1110470 200
1110490 200
1110560 200
1110600 200
1110620 200
1110640 200
1110650 200
1110670 200
1110690 200
1110720 200
1110770 200
1110780 200
1110840 200
1110870 200
1110890 200
1110910 200
1110980 200
1111030 200
1111040 200
1111080 200
1111090 200
1111100 200
1111110 200
1111120 200
1111130 200
1111150 200
1111200 200
1111210 200
1111220 200
1111250 200
1111270 200
1111280 200
1111290 200
1111300 200
1111310 200
1111340 200
1111370 200
1111380 200
1111390 200
1111410 200
1111420 200
1111450 200
1111460 200
1111540 200
1111590 200
1111600 200
1111620 200
1111650 200
1111660 200
1111730 200
1111740 200
1111760 200
1111770 200
1111810 200
1111830 200
1111840 200
1111870 200
1111880 200
1111910 200
1111920 200
1111930 200
1111940 200
1111960 200
1111970 200
1111990 200
1112010 200
1112050 200
1112110 200
1112120 200
1112130 200
1112150 200
1112200 200
1112230 200
1112240 200
1112250 200
1112330 200
1112340 200
1112350 200
1112360 200
1112370 200
1112380 200
1112390 200
1112400 200
1112430 200
1112450 200
1112570 200
1112580 200
1112620 200
1112630 200
1112650 200
1112670 200
1112680 200
1112690 200
1112700 200
1112710 200
1112760 200
1112790 200
1112830 200
1112840 200
1112870 200
1112880 200
1112890 200
1112910 200
1112930 200
1112940 200
1112950 200
1112960 200
1113000 200
1113010 200
1113030 200
1113060 200
1113070 200
1113080 200
1113090 200
1113110 200
1113120 200
1113210 200
1113220 200
1113230 200
1113240 200
1113270 200
1113290 200
1113300 200
1113310 200
1113340 200
1113360 200
1113370 200
1113380 200
1113390 200
1113400 200
1113490 200
1113530 200
1113560 200
1113570 200
1113580 200
1113630 200
1113640 200
1113650 200
1113670 200
1113680 200
1113690 200
1113730 200
1113750 200
1113760 200
1113770 200
1113780 200
1113840 200
1113850 200
1113860 200
1113870 200
1113880 200
1113930 200
1113940 200
1113950 200
1113960 200
1113970 200
1114000 200
1114020 200
1114030 200
1114080 200
1114090 200
1114110 200
1114130 200
1114140 200
1114150 200
1114170 200
1114210 200
1114220 200
1114230 200
1114260 200
1114270 200
1114290 200
1114340 200
1114360 200
1114370 200
1114380 200
1114390 200
1114430 200
1114460 200
1114480 200
1114520 200
1114530 200
1114610 200
1114620 200
1114630 200
1114640 200
1114650 200
1114660 200
1114690 200
1114700 200
1114710 200
1114730 200
1114740 200
1114760 200
1114830 200
1114860 200
1114870 200
1114880 200
1114900 200
1114910 200
1114940 200
1114950 200
1114990 200
1115020 200
1115030 200
1115040 200
1115050 200
1115060 200
1115090 200
1115110 200
1115380 200
1115400 200
1115420 200
1115450 200
1115470 200
1115540 200
1115570 200
1115580 200
1115610 200
1115620 200
1115630 200
1115640 200
1115650 200
1115660 200
1115670 200
1115690 200
1115780 200
1115830 200
1115860 200
1115870 200
1115960 200
1115970 200
1115980 200
1115990 200
1116010 200
1116020 200
1116030 200
1116050 200
1116080 200
1116100 200
1116110 200
1116170 200
1116180 200
1116190 200
1116200 200
1116210 200
1116230 200
1116240 200
1116260 200
1116280 200
1116290 200
1116300 200
1116340 200
1116350 200
1116360 200
1116390 200
1116430 200
1116460 200
1116470 200
1116480 200
1116490 200
1116500 200
1116520 200
1116530 200
1116540 200
1116550 200
1116560 200
1116570 200
1116580 200
1116590 200
1116600 200
1116650 200
1116660 200
1116670 200
1116700 200
1116750 200
1116770 200
1116780 200
1116790 200
1116800 200
1116810 200
1116860 200
1116870 200
1116880 200
1116890 200
1116910 200
1116960 200
1116990 200
1117000 200
1117020 200
1117040 200
1117090 200
1117120 200
1117150 200
1117160 200
1117210 200
1117220 200
1117310 200
1117330 200
1117340 200
1117360 200
1117370 200
1117380 200
1117420 200
1117480 200
1117490 200
1117500 200
1117560 200
1117590 200
1117600 200
1117630 200
1117660 200
1117670 200
1117710 200
1117730 200
1117760 200
1117810 200
1117820 200
1117840 200
1117880 200
1117890 200
1117900 200
1117920 200
1117930 200
1117970 200
1117980 200
1117990 200
1118000 200
1118040 200
1118050 200
1118070 200
1118100 200
1118110 200
1118200 200
1118220 200
1118240 200
1118310 200
1118320 200
1118350 200
1118390 200
1118410 200
1118440 200
1118470 200
1118500 200
1118520 200
1118550 200
1118570 200
1118580 200
1118590 200
1118600 200
1118630 200
1118640 200
1118670 200
1118680 200
1118690 200
1118700 200
1118730 200
1118740 200
1118790 200
1118820 200
1118830 200
1118840 200
1118850 200
1118870 200
1118880 200
1118910 200
1118920 200
1118930 200
1118940 200
1118950 200
1119010 200
1119060 200
1119070 200
1119090 200
1119100 200
1119110 200
1119380 200
1119500 200
1119530 200
1119590 200
1119600 200
1119620 200
1119630 200
1119640 200
1119670 200
1119680 200
1119700 200
1119710 200
1119730 200
1119740 200
1119760 200
1119770 200
1119780 200
1119790 200
1119800 200
1119820 200
1119840 200
1119890 200
1119940 200
1119970 200
1119980 200
1120050 200
1120090 200
1120160 200
1120210 200
1120220 200
1120240 200
1120270 200
1120280 200
1120320 200
1120330 200
1120340 200
1120360 200
1120370 200
1120390 200
1120400 200
1120410 200
1120420 200
1120480 200
1120560 200
1120580 200
1120600 200
1120640 200
1120680 200
1120690 200
1120700 200
1120750 200
1120770 200
1120790 200
1120800 200
1120810 200
1120820 200
1120850 200
1120880 200
1120900 200
1120920 200
1120940 200
1120950 200
1120960 200
1120970 200
1120980 200
1121000 200
1121010 200
1121100 200
1121120 200
1121140 200
1121160 200
1121170 200
1121190 200
1121200 200
1121220 200
1121230 200
1121260 200
1121270 200
1121290 200
1121300 200
1121310 200
1121320 200
1121340 200
1121400 200
1121420 200
1121460 200
1121490 200
1121510 200
1121530 200
1121550 200
1121570 200
1121590 200
1121630 200
1121640 200
1121650 200
1121670 200
1121680 200
1121710 200
1121720 200
1121760 200
1121770 200
1121780 200
1121820 200
1121860 200
1121910 200
1121980 200
1122040 200
1122050 200
1122090 200
1122100 200
1122110 200
1122120 200
1122150 200
1122160 200
1122170 200
1122180 200
1122210 200
1122230 200
1122240 200
1122250 200
1122270 200
1122280 200
1122290 200
1122310 200
1122330 200
1122340 200
1122360 200
1122440 200
1122460 200
1122490 200
1122680 200
1122690 200
1122700 200
1122710 200
1122720 200
1122730 200
1122740 200
1122750 200
1122760 200
1122770 200
1122780 200
1122810 200
1122820 200
1122830 200
1122860 200
1122870 200
1122880 200
1122900 200
1122930 200
1122960 200
1122970 200
1122980 200
1123020 200
1123030 200
1123050 200
1123060 200
1123070 200
1123080 200
1123090 200
1123100 200
1123140 200
1123150 200
1123160 200
1123180 200
1123190 200
1123210 200
1123230 200
1123240 200
1123300 200
1123310 200
1123340 200
1123360 200
1123400 200
1123410 200
1123450 200
1123460 200
1123500 200
1123510 200
1123520 200
1123550 200
1123570 200
1123590 200
1123600 200
1123610 200
1123620 200
1123640 200
1123730 200
1123770 200
1123790 200
1123820 200
1123830 200
1123850 200
1123870 200
1123900 200
1123910 200
1123970 200
1124000 200
1124050 200
1124060 200
1124070 200
1124080 200
1124090 200
1124120 200
1124130 200
1124160 200
1124170 200
1124180 200
1124190 200
1124210 200
1124260 200
1124270 200
1124280 200
1124300 200
1124310 200
1124370 200
1124380 200
1124390 200
1124400 200
1124410 200
1124420 200
1124430 200
1124510 200
1124520 200
1124530 200
1124550 200
1124560 200
1124600 200
1124630 200
1124640 200
1124660 200
1124680 200
1124710 200
1124740 200
1124790 200
1124800 200
1124810 200
1124830 200
1124850 200
1124860 200
1124940 200
1124950 200
1124960 200
1124970 200
1124990 200
1125000 200
1125030 200
1125110 200
1125130 200
1125240 200
1125250 200
1125290 200
1125330 200
1125340 200
1125350 200
1125360 200
1125370 200
1125390 200
1125420 200
1125450 200
1125480 200
1125490 200
1125510 200
1125590 200
1125600 200
1125620 200
1125650 200
1125670 200
1125690 200
1125700 200
1125710 200
1125730 200
1125770 200
1125780 200
1125800 200
1125820 200
1125830 200
1125860 200
1125870 200
1125880 200
1125890 200
1125910 200
1125920 200
1125930 200
1126020 200
1126040 200
1126060 200
1126070 200
1126090 200
1126100 200
1126110 200
1126130 200
1126190 200
1126210 200
1126220 200
1126230 200
1126240 200
1126260 200
1126270 200
1126290 200
1126300 200
1126310 200
1126320 200
1126340 200
1126420 200
1126430 200
1126440 200
1126450 200
1126470 200
1126510 200
1126520 200
1126550 200
1126580 200
1126590 200
1126600 200
1126640 200
1126680 200
1126700 200
1126710 200
1126750 200
1126760 200
1126770 200
1126820 200
1126840 200
1126850 200
1126860 200
1126870 200
1126880 200
1126890 200
1126950 200
1126970 200
1126990 200
1127030 200
1127070 200
1127100 200
1127110 200
1127120 200
1127130 200
1127140 200
1127170 200
1127180 200
1127200 200
1127210 200
1127230 200
1127250 200
1127290 200
1127330 200
1127350 200
1127360 200
1127370 200
1127390 200
1127400 200
1127460 200
1127470 200
1127480 200
1127500 200
1127520 200
1127530 200
1127540 200
1127560 200
1127580 200
1127610 200
1127620 200
1127640 200
1127660 200
1127680 200
1127690 200
1127700 200
1127730 200
1127760 200
1127820 200
1127840 200
1127850 200
1127900 200
1127920 200
1127930 200
1127940 200
1127950 200
1127970 200
1127990 200
1128000 200
1128010 200
1128100 200
1128140 200
1128150 200
1128160 200
1128170 200
1128180 200
1128190 200
1128210 200
1128220 200
1128260 200
1128270 200
1128280 200
1128310 200
1128330 200
1128360 200
1128370 200
1128420 200
1128430 200
1128440 200
1128450 200
1128480 200
1128490 200
1128520 200
1128570 200
1128610 200
1128650 200
1128660 200
1128670 200
1128680 200
1128690 200
1128740 200
1128750 200
1128770 200
1128800 200
1128810 200
1128830 200
1128840 200
1128860 200
1128900 200
1128920 200
1128950 200
1128960 200
1128970 200
1128980 200
1128990 200
1129010 200
1129030 200
1129080 200
1129090 200
1129110 200
1129180 200
1129190 200
1129200 200
1129210 200
1129220 200
1129230 200
1129240 200
1129250 200
1129260 200
1129310 200
1129330 200
1129340 200
1129350 200
1129360 200
1129410 200
1129480 200
1129520 200
1129540 200
1129550 200
1129570 200
1129580 200
1129610 200
1129650 200
1129660 200
1129670 200
1129680 200
1129690 200
1129700 200
1129710 200
1129720 200
1129730 200
1129760 200
1129810 200
1129830 200
1129920 200
1130380 200
1130400 200
1130410 200
1130430 200
1130440 200
1130510 200
1130560 200
1130570 200
1130590 200
1130620 200
1130660 200
1130700 200
1130710 200
1130760 200
1130820 200
1130880 200
1130900 200
1130970 200
1130990 200
1131000 200
1131060 200
1131070 200
1131080 200
1131110 200
1131140 200
1131190 200
1131210 200
1131230 200
1131240 200
1131270 200
1131280 200
1131360 200
1131400 200
1131410 200
1131420 200
1131430 200
1131450 200
1131460 200
1131470 200
1131490 200
1131520 200
1131530 200
1131540 200
1131550 200
1131570 200
1131580 200
1131590 200
1131620 200
1131640 200
1131650 200
1131660 200
1131670 200
1131680 200
1131690 200
1131740 200
1131750 200
1131780 200
1131790 200
1131800 200
1131810 200
1131820 200
1131830 200
1131840 200
1131870 200
1131880 200
1131900 200
1131920 200
1131930 200
1131940 200
1131990 200
1132010 200
1132020 200
1132030 200
1132050 200
1132070 200
1132080 200
1132090 200
1132100 200
1132110 200
1132120 200
1132180 200
1132190 200
1132220 200
1132230 200
1132290 200
1132300 200
1132410 200
1132450 200
1132460 200
1132480 200
1132490 200
1132530 200
1132540 200
1132600 200
1132620 200
1132630 200
1132640 200
1132670 200
1132690 200
1132710 200
1132720 200
1132730 200
1132750 200
1132760 200
1132770 200
1132830 200
1132840 200
1132850 200
1132860 200
1132880 200
1132890 200
1132900 200
1132910 200
1132930 200
1132970 200
1132980 200
1133040 200
1133050 200
1133060 200
1133070 200
1133080 200
1133120 200
1133200 200
1133210 200
1133230 200
1133250 200
1133260 200
1133300 200
1133310 200
1133320 200
1133330 200
1133340 200
1133350 200
1133360 200
1133420 200
1133450 200
1133500 200
1133510 200
1133520 200
1133530 200
1133540 200
1133570 200
1133580 200
1133590 200
1133610 200
1133700 200
1133730 200
1133760 200
1133770 200
1133780 200
1133790 200
1133870 200
1133890 200
1133910 200
1133930 200
1133950 200
1133970 200
1133980 200
1133990 200
1134020 200
1134030 200
1134040 200
1134070 200
1134100 200
1134120 200
1134130 200
1134140 200
1134150 200
1134180 200
1134190 200
1134200 200
1134250 200
1134260 200
1134320 200
1134370 200
1134390 200
1134440 200
1134450 200
1134470 200
1134480 200
1134500 200
1134520 200
1134550 200
1134600 200
1134610 200
1134630 200
1134640 200
1134650 200
1134700 200
1134710 200
1134730 200
1135030 200
1135040 200
1135050 200
1135060 200
1135070 200
1135090 200
1135100 200
1135110 200
1135120 200
1135130 200
1135140 200
1135150 200
1135160 200
1135170 200
1135180 200
1135190 200
1135200 200
1135210 200
1135220 200
1135230 200
1135240 200
1135260 200
1135300 200
1135310 200
1135320 200
1135370 200
1135380 200
1135400 200
1135440 200
1135450 200
1135480 200
1135560 200
1135570 200
1135680 200
1135690 200
1135700 200
1135730 200
1135740 200
1135750 200
1135760 200
1135800 200
1135810 200
1135830 200
1135850 200
1135860 200
1135890 200
1135900 200
1135910 200
1136010 200
1136020 200
1136040 200
1136070 200
1136080 200
1136090 200
1136100 200
1136110 200
1136160 200
1136240 200
1136250 200
1136290 200
1136330 200
1136370 200
1136380 200
1136420 200
1136440 200
1136470 200
1136680 200
1136690 200
1136730 200
1136770 200
1136790 200
1136820 200
1136830 200
1136870 200
1136880 200
1136900 200
1136910 200
1136930 200
1136960 200
1137020 200
1137040 200
1137050 200
1137070 200
1137100 200
1137110 200
1137160 200
1137170 200
1137190 200
1137210 200
1137220 200
1137230 200
1137250 200
1137260 200
1137270 200
1137300 200
1137320 200
1137330 200
1137350 200
1137360 200
1137390 200
1137400 200
1137410 200
1137420 200
1137450 200
1137460 200
1137480 200
1137490 200
1137550 200
1137620 200
1137650 200
1137660 200
1137670 200
1137680 200
1137690 200
1137700 200
1137730 200
1137750 200
1137810 200
1137820 200
1137860 200
1137870 200
1137880 200
1137900 200
1137910 200
1137930 200
1137970 200
1137980 200
1138010 200
1138020 200
1138030 200
1138070 200
1138100 200
1138130 200
1138150 200
1138190 200
1138210 200
1138220 200
1138250 200
1138260 200
1138280 200
1138290 200
1138300 200
1138310 200
1138320 200
1138360 200
1138370 200
1138380 200
1138410 200
1138440 200
1138530 200
1138580 200
1138630 200
1138640 200
1138650 200
1138660 200
1138780 200
1138800 200
1138810 200
1138850 200
1138900 200
1138960 200
1138970 200
1138980 200
1138990 200
1139000 200
1139020 200
1139060 200
1139070 200
1139090 200
1139100 200
1139130 200
1139140 200
1139160 200
1139190 200
1139200 200
1139210 200
1139230 200
1139240 200
1139280 200
1139310 200
1139470 200
1139480 200
1139490 200
1139660 200
1139720 200
1139740 200
1139760 200
1139770 200
1139780 200
1139790 200
1139800 200
1139830 200
1139840 200
1139860 200
1139870 200
1139880 200
1139890 200
1139900 200
1139910 200
1139920 200
1139940 200
1139950 200
1139980 200
1140020 200
1140030 200
1140050 200
1140060 200
1140070 200
1140100 200
1140110 200
1140130 200
1140140 200
1140150 200
1140160 200
1140170 200
1140180 200
1140260 200
1140270 200
1140290 200
1140350 200
1140390 200
1140400 200
1140410 200
1140440 200
1140460 200
1140490 200
1140500 200
1140510 200
1140520 200
1140530 200
1140540 200
1140570 200
1140610 200
1140620 200
1140630 200
1140700 200
1140720 200
1140730 200
1140740 200
1140750 200
1140790 200
1140870 200
1140880 200
1140890 200
1140900 200
1140930 200
1140940 200
1140950 200
1140970 200
1141020 200
1141030 200
1141050 200
1141060 200
1141070 200
1141100 200
1141120 200
1141130 200
1141150 200
1141160 200
1141170 200
1141180 200
1141220 200
1141250 200
1141260 200
1141270 200
1141280 200
1141290 200
1141300 200
1141320 200
1141330 200
1141340 200
1141360 200
1141380 200
1141390 200
1141410 200
1141450 200
1141510 200
1141540 200
1141550 200
1141570 200
1141580 200
1141600 200
1141640 200
1141650 200
1141660 200
1141690 200
1141700 200
1141740 200
1141750 200
1141760 200
1141840 200
1141850 200
1141860 200
1141880 200
1141920 200
1141930 200
1141950 200
1141970 200
1141990 200
1142000 200
1142020 200
1142030 200
1142040 200
1142050 200
1142070 200
1142080 200
1142090 200
1142130 200
1142180 200
1142200 200
1142220 200
1142230 200
1142240 200
1142270 200
1142280 200
1142290 200
1142300 200
1142320 200
1142360 200
1142390 200
1142410 200
1142440 200
1142450 200
1142460 200
1142480 200
1142500 200
1142510 200
1142530 200
1142560 200
1142570 200
1142710 200
1142730 200
1142740 200
1142750 200
1142760 200
1142810 200
1142820 200
1142830 200
1142850 200
1142860 200
1142870 200
1142890 200
1143070 200
1143140 200
1143170 200
1143310 200
1143320 200
1143330 200
1143340 200
1143350 200
1143390 200
1143420 200
1143430 200
1143440 200
1143450 200
1143540 200
1143550 200
1143570 200
1143610 200
1143680 200
1143710 200
1143720 200
1143740 200
1143770 200
1143780 200
1143800 200
1143810 200
1143860 200
1143870 200
1143900 200
1143910 200
1144000 200
1144020 200
1144030 200
1144060 200
1144070 200
1144080 200
1144090 200
1144100 200
1144110 200
1144130 200
1144140 200
1144150 200
1144170 200
1144200 200
1144240 200
1144250 200
1144260 200
1144270 200
1144280 200
1144290 200
1144300 200
1144330 200
1144350 200
1144370 200
1144380 200
1144400 200
1144440 200
1144450 200
1144460 200
1144470 200
1144510 200
1144520 200
1144550 200
1144560 200
1144590 200
1144620 200
1144630 200
1144670 200
1144690 200
1144730 200
1144760 200
1144770 200
1144800 200
1144810 200
1144820 200
1144850 200
1144860 200
1144900 200
1144910 200
1144970 200
1145000 200
1145020 200
1145030 200
1145040 200
1145050 200
1145060 200
1145120 200
1145130 200
1145180 200
1145200 200
1145210 200
1145220 200
1145240 200
1145270 200
1145280 200
1145290 200
1145300 200
1145330 200
1145340 200
1145350 200
1145360 200
1145380 200
1145400 200
1145410 200
1145430 200
1145440 200
1145450 200
1145460 200
1145490 200
1145520 200
1145530 200
1145550 200
1145560 200
1145570 200
1145580 200
1145590 200
1145600 200
1145630 200
1145660 200
1145670 200
1145740 200
1145770 200
1145780 200
1145800 200
1145810 200
1145820 200
1145830 200
1145860 200
1145910 200
1145950 200
1145960 200
1145970 200
1146000 200
1146010 200
1146070 200
1146090 200
1146100 200
1146120 200
1146160 200
1146170 200
1146210 200
1146230 200
1146240 200
1146250 200
1146280 200
1146300 200
1146310 200
1146330 200
1146350 200
1146360 200
1146370 200
1146390 200
1146420 200
1146430 200
1146450 200
1146500 200
1146510 200
1146560 200
1146570 200
1146590 200
1146600 200
1146630 200
1146660 200
1146670 200
1146700 200
1146710 200
1146730 200
1146780 200
1146810 200
1146880 200
1146890 200
1146910 200
1146920 200
1146940 200
1146950 200
1146970 200
1147000 200
1147020 200
1147030 200
1147080 200
1147090 200
1147110 200
1147130 200
1147140 200
1147170 200
1147200 200
1147220 200
1147240 200
1147270 200
1147280 200
1147330 200
1147360 200
1147370 200
1147390 200
1147450 200
1147460 200
1147490 200
1147500 200
1147510 200
1147520 200
1147550 200
1147560 200
1147600 200
1147620 200
1147640 200
1147690 200
1147700 200
1147710 200
1147750 200
1147760 200
1147840 200
1147850 200
1147860 200
1147870 200
1147880 200
1147890 200
1147910 200
1147940 200
1147950 200
1147960 200
1147970 200
1147980 200
1148000 200
1148010 200
1148030 200
1148080 200
1148090 200
1148100 200
1148120 200
1148130 200
1148150 200
1148160 200
1148200 200
1148230 200
1148260 200
1148270 200
1148290 200
1148300 200
1148310 200
1148320 200
1148330 200
1148350 200
1148360 200
1148390 200
1148400 200
1148410 200
1148420 200
1148430 200
1148450 200
1148460 200
1148470 200
1148480 200
1148490 200
1148500 200
1148510 200
1148530 200
1148540 200
1148550 200
1148560 200
1148570 200
1148590 200
1148620 200
1148650 200
1148670 200
1148680 200
1148700 200
1148710 200
1148730 200
1148740 200
1148750 200
1148760 200
1148770 200
1148880 200
1148890 200
1148920 200
1148930 200
1148940 200
1148980 200
1149000 200
1149010 200
1149070 200
1149080 200
1149090 200
1149120 200
1149180 200
1149190 200
1149200 200
1149210 200
1149220 200
1149280 200
1149290 200
1149340 200
1149370 200
1149400 200
1149440 200
1149450 200
1149460 200
1149490 200
1149500 200
1149510 200
1149550 200
1149570 200
1149580 200
1149590 200
1149620 200
1149630 200
1149660 200
1149690 200
1149700 200
1149710 200
1149770 200
1149800 200
1149830 200
1149860 200
1149900 200
1149910 200
1149930 200
1149940 200
1150010 200
1150040 200
1150070 200
1150080 200
1150090 200
1150130 200
1150140 200
1150160 200
1150260 200
1150270 200
1150290 200
1150300 200
1150310 200
1150390 200
1150400 200
1150420 200
1150440 200
1150460 200
1150480 200
1150500 200
1150530 200
1150540 200
1150550 200
1150580 200
1150610 200
1150620 200
1150640 200
1150650 200
1150670 200
1150690 200
1150700 200
1150720 200
1150730 200
1150760 200
1150790 200
1150800 200
1150810 200
1150820 200
1150890 200
1150900 200
1150910 200
1150950 200
1150990 200
1151050 200
1151060 200
1151080 200
1151090 200
1151100 200
1151120 200
1151130 200
1151160 200
1151180 200
1151200 200
1151250 200
1151300 200
1151310 200
1151320 200
1151330 200
1151340 200
1151370 200
1151380 200
1151390 200
1151400 200
1151410 200
1151430 200
1151440 200
1151450 200
1151460 200
1151500 200
1151530 200
1151550 200
1151570 200
1151580 200
1151600 200
1151610 200
1151620 200
1151630 200
1151640 200
1151650 200
1151670 200
1151680 200
1151720 200
1151740 200
1151750 200
1151770 200
1151840 200
1151860 200
1151870 200
1151880 200
1151920 200
1151930 200
1151940 200
1151960 200
1151980 200
1151990 200
1152000 200
1152020 200
1152040 200
1152050 200
1152090 200
1152100 200
1152120 200
1152130 200
1152160 200
1152200 200
1152210 200
1152230 200
1152260 200
1152280 200
1152300 200
1152310 200
1152320 200
1152330 200
1152340 200
1152360 200
1152380 200
1152410 200
1152440 200
1152450 200
1152480 200
1152540 200
1152550 200
1152570 200
1152580 200
1152620 200
1152640 200
1152660 200
1152670 200
1152680 200
1152690 200
1152710 200
1152740 200
1152760 200
1152800 200
1152810 200
1152820 200
1152830 200
1152870 200
1152890 200
1152910 200
1152920 200
1152940 200
1152950 200
1152990 200
1153030 200
1153040 200
1153060 200
1153070 200
1153100 200
1153110 200
1153120 200
1153130 200
1153150 200
1153170 200
1153200 200
1153210 200
1153220 200
1153250 200
1153260 200
1153300 200
1153320 200
1153330 200
1153370 200
1153410 200
1153430 200
1153470 200
1153520 200
1153530 200
1153540 200
1153550 200
1153570 200
1153580 200
1153640 200
1153650 200
1153670 200
1153690 200
1153710 200
1153720 200
1153730 200
1153750 200
1153800 200
1153830 200
1153840 200
1153850 200
1153860 200
1153880 200
1153920 200
1153930 200
1153950 200
1153980 200
1153990 200
1154010 200
1154030 200
1154040 200
1154080 200
1154090 200
1154110 200
1154120 200
1154140 200
1154150 200
1154160 200
1154170 200
1154210 200
1154290 200
1154300 200
1154340 200
1154350 200
1154360 200
1154420 200
1154450 200
1154470 200
1154480 200
1154490 200
1154540 200
1154560 200
1154640 200
1154650 200
1154670 200
1154680 200
1154690 200
1154720 200
1154730 200
1154790 200
1154800 200
1154810 200
1154830 200
1154840 200
1154850 200
1154860 200
1154940 200
1154960 200
1155090 200
1155100 200
1155120 200
1155130 200
1155220 200
1155290 200
1155300 200
1155330 200
1155340 200
1155390 200
1155410 200
1155420 200
1155460 200
1155470 200
1155480 200
1155490 200
1155500 200
1155510 200
1155540 200
1155560 200
1155580 200
1155590 200
1155600 200
1155620 200
1155650 200
1155660 200
1155680 200
1155720 200
1155730 200
1155790 200
1155800 200
1155810 200
1155830 200
1155840 200
1155850 200
1155860 200
1155870 200
1155880 200
1155900 200
1155910 200
1155920 200
1155930 200
1155940 200
1155950 200
1155960 200
1155970 200
1155980 200
1155990 200
1156000 200
1156030 200
1156050 200
1156060 200
1156120 200
1156130 200
1156200 200
1156250 200
1156290 200
1156320 200
1156330 200
1156350 200
1156360 200
1156380 200
1156420 200
1156470 200
1156480 200
1156490 200
1156500 200
1156510 200
1156550 200
1156570 200
1156590 200
1156610 200
1156630 200
1156640 200
1156650 200
1156670 200
1156680 200
1156700 200
1156730 200
1156760 200
1156770 200
1156780 200
1156790 200
1156820 200
1156900 200
1156910 200
1156950 200
1156970 200
1156980 200
1156990 200
1157010 200
1157020 200
1157040 200
1157050 200
1157070 200
1157080 200
1157090 200
1157100 200
1157120 200
1157190 200
1157200 200
1157220 200
1157250 200
1157260 200
1157300 200
1157320 200
1157340 200
1157390 200
1157600 200
1157620 200
1157640 200
1157650 200
1157670 200
1157700 200
1157740 200
1157750 200
1157760 200
1157790 200
1157800 200
1157810 200
1157820 200
1157830 200
1157840 200
1157850 200
1157860 200
1157870 200
1157880 200
1157900 200
1157910 200
1157920 200
1157940 200
1157960 200
1157980 200
1158000 200
1158010 200
1158040 200
1158150 200
1158160 200
1158190 200
1158220 200
1158230 200
1158260 200
1158280 200
1158290 200
1158310 200
1158320 200
1158370 200
1158390 200
1158410 200
1158420 200
1158430 200
1158450 200
1158460 200
1158470 200
1158480 200
1158500 200
1158600 200
1158650 200
1158660 200
1158680 200
1158690 200
1158720 200
1158740 200
1158750 200
1158770 200
1158820 200
1158830 200
1158850 200
1158860 200
1158880 200
1158890 200
1158900 200
1158910 200
1158940 200
1158970 200
1158990 200
1159000 200
1159020 200
1159070 200
1159090 200
1159150 200
1159160 200
1159240 200
1159260 200
1159280 200
1159290 200
1159340 200
1159350 200
1159390 200
1159420 200
1159430 200
1159440 200
1159450 200
1159490 200
1159500 200
1159510 200
1159520 200
1159540 200
1159550 200
1159560 200
1159590 200
1159610 200
1159640 200
1159660 200
1159680 200
1159690 200
1159700 200
1159740 200
1159770 200
1159830 200
1159860 200
1159870 200
1159880 200
1159890 200
1159940 200
1159960 200
1159970 200
1160020 200
1160040 200
1160050 200
1160060 200
1160100 200
1160190 200
1160220 200
1160330 200
1160360 200
1160410 200
1160440 200
1160460 200
1160490 200
1160500 200
1160510 200
1160550 200
1160560 200
1160580 200
1160610 200
1160620 200
1160670 200
1160690 200
1160700 200
1160730 200
1160750 200
1160770 200
1160780 200
1160790 200
1160800 200
1160820 200
1160870 200
1160880 200
1160920 200
1160950 200
1160980 200
1161000 200
1161020 200
1161110 200
1161120 200
1161140 200
1161160 200
1161170 200
1161180 200
1161190 200
1161200 200
1161210 200
1161220 200
1161270 200
1161300 200
1161320 200
1161330 200
1161360 200
1161430 200
1161440 200
1161490 200
1161510 200
1161550 200
1161570 200
1161580 200
1161590 200
1161640 200
1161650 200
1161660 200
1161670 200
1161680 200
1161770 200
1161780 200
1161790 200
1161800 200
1161810 200
1161820 200
1161830 200
1161840 200
1161870 200
1161880 200
1161900 200
1161910 200
1161930 200
1162010 200
1162050 200
1162070 200
1162080 200
1162100 200
1162130 200
1162140 200
1162170 200
1162180 200
1162280 200
1162290 200
1162310 200
1162320 200
1162330 200
1162370 200
1162390 200
1162400 200
1162430 200
1162440 200
1162470 200
1162480 200
1162520 200
1162560 200
1162570 200
1162580 200
1162590 200
1162630 200
1162640 200
1162650 200
1162660 200
1162670 200
1162680 200
1162690 200
1162700 200
1162730 200
1162750 200
1162760 200
1162820 200
1162860 200
1162880 200
1162900 200
1162920 200
1162930 200
1162940 200
1162950 200
1162960 200
1162990 200
1163020 200
1163060 200
1163070 200
1163080 200
1163090 200
1163100 200
1163130 200
1163150 200
1163160 200
1163290 200
1163300 200
1163320 200
1163340 200
1163350 200
1163460 200
1163470 200
1163490 200
1163500 200
1163550 200
1163560 200
1163570 200
1163590 200
1163600 200
1163610 200
1163620 200
1163660 200
1163690 200
1163730 200
1163740 200
1163830 200
1163870 200
1163910 200
1163920 200
1163930 200
1163960 200
1163990 200
1164000 200
1164020 200
1164040 200
1164050 200
1164060 200
1164100 200
1164250 200
1164290 200
1164300 200
1164310 200
1164330 200
1164350 200
1164390 200
1164410 200
1164440 200
1164460 200
1164470 200
1164480 200
1164520 200
1164550 200
1164570 200
1164660 200
1164690 200
1164740 200
1164750 200
1164760 200
1164830 200
1164850 200
1164860 200
1164910 200
1164920 200
1164930 200
1164940 200
1164970 200
1164990 200
1165010 200
1165020 200
1165090 200
1165100 200
1165140 200
1165150 200
1165170 200
1165230 200
1165270 200
1165280 200
1165380 200
1165390 200
1165400 200
1165420 200
1165430 200
1165450 200
1165460 200
1165470 200
1165490 200
1165500 200
1165520 200
1165530 200
1165540 200
1165560 200
1165570 200
1165590 200
1165600 200
1165610 200
1165620 200
1165640 200
1165660 200
1165740 200
1165750 200
1165790 200
1165800 200
1165820 200
1165830 200
1165840 200
1165850 200
1165860 200
1165870 200
1165910 200
1165920 200
1165930 200
1165960 200
1165990 200
1166000 200
1166040 200
1166070 200
1166090 200
1166100 200
1166110 200
1166120 200
1166130 200
1166140 200
1166230 200
1166240 200
1166250 200
1166290 200
1166310 200
1166320 200
1166350 200
1166400 200
1166430 200
1166480 200
1166510 200
1166540 200
1166550 200
1166580 200
1166600 200
1166660 200
1166680 200
1166710 200
1166730 200
1166740 200
1166760 200
1166780 200
1166790 200
1166800 200
1166830 200
1166840 200
1166860 200
1166890 200
1166910 200
1166940 200
1166980 200
1166990 200
1167090 200
1167100 200
1167110 200
1167140 200
1167150 200
1167170 200
1167180 200
1167190 200
1167270 200
1167300 200
1167320 200
1167350 200
1167370 200
1167380 200
1167430 200
1167450 200
1167460 200
1167470 200
1167490 200
1167530 200
1167540 200
1167570 200
1167590 200
1167610 200
1167630 200
1167640 200
1167650 200
1167670 200
1167680 200
1167700 200
1167710 200
1167730 200
1167750 200
1167770 200
1167790 200
1167800 200
1167820 200
1167850 200
1167900 200
1167930 200
1167940 200
1167950 200
1168050 200
1168060 200
1168070 200
1168160 200
1168170 200
1168190 200
1168210 200
1168250 200
1168320 200
1168360 200
1168400 200
1168420 200
1168430 200
1168470 200
1168490 200
1168530 200
1168540 200
1168550 200
1168600 200
1168610 200
1168630 200
1168640 200
1168650 200
1168660 200
1168690 200
1168740 200
1168790 200
1168800 200
1168820 200
1168830 200
1168840 200
1168850 200
1168870 200
1168880 200
1168960 200
1168970 200
1168980 200
1168990 200
1169000 200
1169020 200
1169030 200
1169040 200
1169050 200
1169060 200
1169070 200
1169100 200
1169110 200
1169140 200
1169160 200
1169170 200
1169200 200
1169230 200
1169310 200
1169380 200
1169420 200
1169430 200
1169460 200
1169490 200
1169500 200
1169510 200
1169520 200
1169540 200
1169630 200
1169640 200
1169740 200
1169760 200
1169770 200
1169780 200
1169870 200
1169880 200
1169920 200
1169940 200
1170030 200
1170050 200
1170060 200
1170080 200
1170110 200
1170120 200
1170160 200
1170170 200
1170180 200
1170190 200
1170200 200
1170210 200
1170230 200
1170250 200
1170290 200
1170300 200
1170310 200
1170320 200
1170330 200
1170340 200
1170350 200
1170370 200
1170390 200
1170400 200
1170420 200
1170440 200
1170500 200
1170570 200
1170580 200
1170640 200
1170660 200
1170670 200
1170720 200
1170760 200
1170820 200
1170830 200
1170840 200
1170870 200
1170880 200
1170900 200
1170910 200
1170920 200
1170940 200
1170950 200
1170960 200
1170970 200
1170980 200
1171030 200
1171040 200
1171070 200
1171080 200
1171110 200
1171120 200
1171130 200
1171160 200
1171180 200
1171230 200
1171240 200
1171250 200
1171260 200
1171270 200
1171310 200
1171320 200
1171330 200
1171340 200
1171350 200
1171370 200
1171410 200
1171440 200
1171520 200
1171560 200
1171570 200
1171600 200
1171610 200
1171620 200
1171640 200
1171660 200
1171690 200
1171700 200
1171710 200
1171770 200
1171800 200
1171810 200
1171820 200
1171840 200
1171870 200
1171880 200
1171950 200
1171970 200
1171980 200
1171990 200
1172000 200
1172050 200
1172060 200
1172070 200
1172080 200
1172090 200
1172100 200
1172150 200
1172170 200
1172180 200
1172190 200
1172220 200
1172280 200
1172340 200
1172350 200
1172370 200
1172380 200
1172390 200
1172400 200
1172410 200
1172430 200
1172450 200
1172470 200
1172480 200
1172500 200
1172510 200
1172520 200
1172530 200
1172620 200
1172640 200
1172650 200
1172660 200
1172680 200
1172710 200
1172720 200
1172730 200
1172750 200
1172760 200
1172790 200
1172800 200
1172820 200
1172830 200
1172900 200
1172920 200
1172930 200
1172940 200
1172980 200
1173010 200
1173070 200
1173100 200
1173110 200
1173120 200
1173130 200
1173150 200
1173170 200
1173200 200
1173220 200
1173230 200
1173240 200
1173250 200
1173260 200
1173270 200
1173280 200
1173310 200
1173330 200
1173340 200
1173350 200
1173370 200
1173380 200
1173400 200
1173410 200
1173420 200
1173500 200
1173550 200
1173590 200
1173610 200
1173640 200
1173650 200
1173700 200
1173730 200
1173740 200
1173770 200
1173780 200
1173790 200
1173800 200
1173810 200
1173820 200
1173830 200
1173850 200
1173870 200
1173910 200
1173940 200
1173960 200
1173980 200
1173990 200
1174030 200
1174050 200
1174090 200
1174100 200
1174120 200
1174170 200
1174180 200
1174200 200
1174230 200
1174260 200
1174270 200
1174300 200
1174320 200
1174380 200
1174390 200
1174400 200
1174420 200
1174430 200
1174440 200
1174450 200
1174460 200
1174490 200
1174500 200
1174510 200
1174550 200
1174560 200
1174570 200
1174640 200
1174670 200
1174680 200
1174720 200
1174770 200
1174780 200
1174810 200
1174820 200
1174830 200
1174890 200
1174900 200
1174920 200
1174940 200
1174970 200
1174990 200
1175030 200
1175040 200
1175050 200
1175060 200
1175070 200
1175100 200
1175120 200
1175140 200
1175150 200
1175160 200
1175170 200
1175180 200
1175190 200
1175200 200
1175210 200
1175240 200
1175250 200
1175320 200
1175330 200
1175350 200
1175360 200
1175370 200
1175400 200
1175420 200
1175430 200
1175450 200
1175460 200
1175470 200
1175480 200
1175490 200
1175500 200
1175510 200
1175540 200
1175550 200
1175570 200
1175590 200
1175600 200
1175640 200
1175650 200
1175660 200
1175690 200
1175700 200
1175720 200
1175730 200
1175770 200
1175800 200
1175830 200
1175840 200
1175870 200
1175880 200
1175890 200
1175900 200
1175930 200
1175950 200
1175960 200
1175970 200
1175980 200
1176000 200
1176020 200
1176040 200
1176050 200
1176060 200
1176090 200
1176160 200
1176170 200
1176190 200
1176330 200
1176360 200
1176460 200
1176470 200
1176480 200
1176540 200
1176560 200
1176570 200
1176580 200
1176590 200
1176710 200
1176780 200
1176800 200
1176840 200
1176850 200
1176860 200
1176890 200
1176970 200
1176990 200
1177020 200
1177030 200
1177070 200
1177080 200
1177100 200
1177110 200
1177130 200
1177170 200
1177190 200
1177250 200
1177270 200
1177300 200
1177310 200
1177320 200
1177330 200
1177340 200
1177350 200
1177370 200
1177380 200
1177390 200
1177400 200
1177420 200
1177430 200
1177460 200
1177480 200
1177490 200
1177510 200
1177540 200
1177550 200
1177580 200
1177610 200
1177640 200
1177650 200
1177660 200
1177690 200
1177720 200
1177730 200
1177820 200
1177840 200
1177850 200
1177890 200
1177910 200
1177940 200
1177950 200
1177960 200
1177970 200
1177980 200
1177990 200
1178000 200
1178010 200
1178020 200
1178030 200
1178050 200
1178060 200
1178130 200
1178140 200
1178150 200
1178160 200
1178180 200
1178200 200
1178210 200
1178220 200
1178230 200
1178260 200
1178290 200
1178300 200
1178310 200
1178380 200
1178390 200
1178400 200
1178430 200
1178480 200
1178490 200
1178500 200
1178510 200
1178520 200
1178530 200
1178590 200
1178680 200
1178690 200
1178710 200
1178770 200
1178780 200
1178790 200
1178820 200
1178830 200
1178880 200
1178890 200
1179010 200
1179020 200
1179060 200
1179080 200
1179100 200
1179110 200
1179150 200
1179170 200
1179190 200
1179210 200
1179280 200
1179310 200
1179320 200
1179340 200
1179350 200
1179390 200
1179400 200
1179410 200
1179420 200
1179430 200
1179460 200
1179500 200
1179530 200
1179540 200
1179560 200
1179570 200
1179580 200
1179620 200
1179640 200
1179660 200
1179680 200
1179690 200
1179750 200
1179810 200
1179880 200
1179890 200
1179910 200
1180000 200
1180020 200
1180030 200
1180070 200
1180110 200
1180130 200
1180190 200
1180200 200
1180210 200
1180250 200
1180270 200
1180320 200
1180330 200
1180360 200
1180370 200
1180380 200
1180420 200
1180450 200
1180520 200
1180530 200
1180540 200
1180550 200
1180610 200
1180620 200
1180650 200
1180660 200
1180670 200
1180690 200
1180700 200
1180790 200
1180800 200
1180820 200
1180840 200
1180900 200
1180940 200
1180960 200
1180970 200
1181000 200
1181010 200
1181030 200
1181040 200
1181070 200
1181120 200
1181130 200
1181140 200
1181160 200
1181220 200
1181270 200
1181280 200
1181290 200
1181300 200
1181330 200
1181360 200
1181390 200
1181400 200
1181430 200
1181440 200
1181470 200
1181490 200
1181510 200
1181520 200
1181550 200
1181570 200
1181600 200
1181610 200
1181640 200
1181650 200
1181690 200
1181750 200
1181780 200
1181790 200
1181800 200
1181820 200
1181830 200
1181840 200
1181880 200
1181900 200
1181910 200
1181940 200
1181970 200
1182020 200
1182040 200
1182070 200
1182090 200
1182110 200
1182200 200
1182210 200
1182260 200
1182280 200
1182310 200
1182370 200
1182410 200
1182420 200
1182470 200
1182530 200
1182590 200
1182620 200
1182670 200
1182690 200
1182720 200
1182760 200
1182770 200
1182790 200
1182820 200
1182830 200
1182860 200
1182890 200
1182900 200
1182970 200
1183010 200
1183030 200
1183140 200
1183160 200
1183170 200
1183200 200
1183210 200
1183220 200
1183230 200
1183260 200
1183270 200
1183280 200
1183300 200
1183320 200
1183350 200
1183410 200
1183420 200
1183470 200
1183480 200
1183500 200
1183510 200
1183530 200
1183560 200
1183580 200
1183600 200
1183650 200
1183670 200
1183700 200
1183740 200
1183750 200
1183800 200
1183840 200
1183850 200
1183980 200
1184010 200
1184040 200
1184050 200
1184070 200
1184090 200
1184110 200
1184150 200
1184160 200
1184190 200
1184210 200
1184230 200
1184250 200
1184260 200
1184310 200
1184320 200
1184360 200
1184370 200
1184400 200
1184420 200
1184450 200
1184470 200
1184480 200
1184500 200
1184530 200
1184550 200
1184560 200
1184570 200
1184590 200
1184640 200
1184680 200
1184700 200
1184710 200
1184720 200
1184750 200
1184760 200
1184770 200
1184780 200
1184790 200
1184810 200
1184820 200
1184840 200
1184850 200
1184860 200
1184880 200
1184890 200
1184900 200
1184960 200
1184990 200
1185000 200
1185140 200
1185160 200
1185190 200
1185230 200
1185270 200
1185280 200
1185290 200
1185330 200
1185340 200
1185360 200
1185370 200
1185380 200
1185390 200
1185400 200
1185410 200
1185470 200
1185480 200
1185490 200
1185500 200
1185520 200
1185530 200
1185570 200
1185580 200
1185600 200
1185620 200
1185630 200
1185660 200
1185680 200
1185700 200
1185730 200
1185740 200
1185750 200
1185780 200
1185810 200
1185820 200
1185870 200
1185940 200
1185950 200
1185960 200
1186030 200
1186040 200
1186050 200
1186080 200
1186100 200
1186160 200
1186200 200
1186220 200
1186260 200
1186270 200
1186280 200
1186290 200
1186300 200
1186340 200
1186350 200
1186390 200
1186400 200
1186430 200
1186460 200
1186470 200
1186510 200
1186530 200
1186570 200
1186580 200
1186590 200
1186600 200
1186630 200
1186640 200
1186650 200
1186660 200
1186670 200
1186680 200
1186690 200
1186720 200
1186730 200
1186740 200
1186760 200
1186770 200
1186860 200
1186880 200
1186940 200
1186950 200
1186960 200
1187030 200
1187110 200
1187130 200
1187190 200
1187250 200
1187270 200
1187330 200
1187410 200
1187420 200
1187430 200
1187490 200
1187510 200
1187520 200
1187560 200
1187600 200
1187620 200
1187640 200
1187650 200
1187740 200
1187780 200
1187790 200
1187830 200
1187840 200
1187850 200
1187870 200
1187900 200
1187910 200
1187920 200
1187940 200
1187950 200
1187990 200
1188000 200
1188020 200
1188060 200
1188070 200
1188080 200
1188100 200
1188140 200
1188160 200
1188250 200
1188260 200
1188270 200
1188280 200
1188290 200
1188310 200
1188320 200
1188330 200
1188400 200
1188410 200
1188420 200
1188430 200
1188460 200
1188490 200
1188520 200
1188540 200
1188580 200
1188590 200
1188630 200
1188660 200
1188670 200
1188690 200
1188710 200
1188720 200
1188760 200
1188800 200
1188850 200
1188860 200
1188870 200
1188900 200
1188930 200
1188950 200
1188970 200
1188990 200
1189020 200
1189030 200
1189040 200
1189060 200
1189070 200
1189080 200
1189090 200
1189100 200
1189120 200
1189130 200
1189160 200
1189190 200
1189200 200
1189210 200
1189220 200
1189230 200
1189250 200
1189290 200
1189320 200
1189350 200
1189360 200
1189380 200
1189440 200
1189460 200
1189470 200
1189490 200
1189520 200
1189590 200
1189600 200
1189630 200
1189650 200
1189660 200
1189680 200
1189730 200
1189740 200
1189780 200
1189800 200
1189820 200
1189850 200
1190000 200
1190060 200
1190110 200
1190120 200
1190130 200
1190150 200
1190160 200
1190170 200
1190180 200
1190190 200
1190230 200
1190270 200
1190310 200
1190320 200
1190340 200
1190370 200
1190380 200
1190400 200
1190410 200
1190480 200
1190540 200
1190560 200
1190590 200
1190600 200
1190630 200
1190640 200
1190690 200
1190710 200
1190720 200
1190740 200
1190760 200
1190780 200
1190810 200
1190820 200
1190840 200
1190900 200
1190910 200
1190930 200
1190970 200
1190980 200
1190990 200
1191000 200
1191050 200
1191070 200
1191080 200
1191100 200
1191120 200
1191210 200
1191250 200
1191260 200
1191270 200
1191280 200
1191330 200
1191420 200
1191430 200
1191440 200
1191450 200
1191510 200
1191540 200
1191550 200
1191570 200
1191580 200
1191590 200
1191610 200
1191620 200
1191630 200
1191650 200
1191660 200
1191680 200
1191690 200
1191700 200
1191730 200
1191770 200
1191800 200
1191820 200
1191830 200
1191840 200
1191860 200
1191870 200
1191900 200
1191930 200
1191940 200
1191960 200
1192010 200
1192020 200
1192060 200
1192070 200
1192160 200
1192170 200
1192230 200
1192260 200
1192270 200
1192310 200
1192380 200
1192410 200
1192420 200
1192440 200
1192490 200
1192500 200
1192540 200
1192550 200
1192580 200
1192610 200
1192630 200
1192640 200
1192700 200
1192730 200
1192740 200
1192810 200
1192830 200
1192840 200
1192860 200
1192880 200
1192890 200
1192900 200
1192910 200
1192940 200
1192950 200
1193040 200
1193070 200
1193080 200
1193090 200
1193120 200
1193160 200
1193170 200
1193200 200
1193210 200
1193290 200
1193300 200
1193330 200
1193340 200
1193350 200
1193380 200
1193430 200
1193450 200
1193460 200
1193510 200
1193520 200
1193530 200
1193550 200
1193560 200
1193590 200
1193600 200
1193620 200
1193630 200
1193660 200
1193680 200
1193730 200
1193760 200
1193780 200
1193790 200
1193830 200
1193900 200
1193930 200
1193950 200
1193990 200
1194040 200
1194050 200
1194100 200
1194130 200
1194140 200
1194160 200
1194170 200
1194190 200
1194200 200
1194220 200
1194230 200
1194330 200
1194380 200
1194390 200
1194480 200
1194490 200
1194520 200
1194560 200
1194590 200
1194600 200
1194610 200
1194620 200
1194630 200
1194650 200
1194670 200
1194680 200
1194700 200
1194710 200
1194720 200
1194730 200
1194740 200
1194750 200
1194790 200
1194800 200
1194810 200
1194830 200
1194840 200
1194870 200
1194890 200
1194910 200
1194930 200
1194940 200
1194970 200
1195020 200
1195070 200
1195080 200
1195090 200
1195140 200
1195170 200
1195220 200
1195230 200
1195250 200
1195290 200
1195340 200
1195350 200
1195360 200
1195380 200
1195410 200
1195420 200
1195430 200
1195450 200
1195460 200
1195530 200
1195550 200
1195560 200
1195570 200
1195610 200
1195620 200
1195710 200
1195820 200
1195830 200
1195870 200
1195910 200
1195920 200
1196030 200
1196080 200
1196090 200
1196130 200
1196160 200
1196170 200
1196190 200
1196230 200
1196240 200
1196260 200
1196280 200
1196300 200
1196310 200
1196320 200
1196350 200
1196390 200
1196400 200
1196440 200
1196450 200
1196470 200
1196500 200
1196520 200
1196550 200
1196570 200
1196580 200
1196590 200
1196600 200
1196620 200
1196630 200
1196660 200
1196690 200
1196750 200
1196800 200
1196880 200
1196890 200
1196920 200
1196940 200
1196970 200
1196990 200
1197010 200
1197020 200
1197030 200
1197060 200
1197100 200
1197110 200
1197150 200
1197160 200
1197180 200
1197210 200
1197220 200
1197230 200
1197240 200
1197260 200
1197280 200
1197320 200
1197340 200
1197350 200
1197360 200
1197370 200
1197380 200
1197390 200
1197440 200
1197480 200
1197490 200
1197500 200
1197520 200
1197530 200
1197570 200
1197590 200
1197620 200
1197670 200
1197690 200
1197700 200
1197710 200
1197730 200
1197750 200
1197770 200
1197790 200
1197820 200
1197840 200
1197870 200
1197960 200
1197990 200
1198020 200
1198040 200
1198050 200
1198060 200
1198070 200
1198080 200
1198090 200
1198110 200
1198210 200
1198240 200
1198250 200
1198260 200
1198270 200
1198290 200
1198310 200
1198320 200
1198340 200
1198370 200
1198380 200
1198390 200
1198400 200
1198440 200
1198450 200
1198490 200
1198510 200
1198520 200
1198570 200
1198590 200
1198600 200
1198630 200
1198690 200
1198700 200
1198710 200
1198730 200
1198740 200
1198760 200
1198770 200
1198810 200
1198820 200
1198850 200
1198860 200
1198900 200
1198920 200
1198970 200
1199010 200
1199030 200
1199050 200
1199060 200
1199110 200
1199140 200
1199150 200
1199170 200
1199180 200
1199200 200
1199220 200
1199240 200
1199360 200
1199370 200
1199420 200
1199450 200
1199520 200
1199540 200
1199560 200
1199610 200
1199650 200
1199660 200
1199690 200
1199740 200
1199760 200
1199770 200
1199780 200
1199790 200
1199800 200
1199830 200
1199900 200
1199910 200
1199930 200
1199940 200
1199980 200
1200060 200
1200090 200
1200110 200
1200120 200
1200140 200
1200150 200
1200160 200
1200180 200
1200200 200
1200220 200
1200230 200
1200250 200
1200290 200
1200300 200
1200330 200
1200350 200
1200400 200
1200420 200
1200430 200
1200450 200
1200520 200
1200570 200
1200580 200
1200600 200
1200630 200
1200650 200
1200660 200
1200700 200
1200710 200
1200720 200
1200730 200
1200740 200
1200770 200
1200780 200
1200800 200
1200860 200
1200870 200
1200910 200
1200930 200
1201000 200
1201090 200
1201200 200
1201220 200
1201230 200
1201240 200
1201250 200
1201260 200
1201270 200
1201280 200
1201310 200
1201350 200
1201370 200
1201380 200
1201390 200
1201400 200
1201450 200
1201470 200
1201500 200
1201520 200
1201530 200
1201540 200
1201550 200
1201620 200
1201630 200
1201650 200
1201700 200
1201730 200
1201750 200
1201760 200
1201770 200
1201790 200
1201800 200
1201810 200
1201830 200
1201840 200
1201850 200
1201870 200
1201880 200
1201890 200
1201910 200
1201930 200
1201950 200
1201960 200
1202070 200
1202090 200
1202100 200
1202120 200
1202130 200
1202140 200
1202150 200
1202160 200
1202170 200
1202200 200
1202220 200
1202240 200
1202250 200
1202280 200
1202300 200
1202310 200
1202330 200
1202340 200
1202390 200
1202400 200
1202410 200
1202420 200
1202430 200
1202440 200
1202480 200
1202510 200
1202540 200
1202550 200
1202560 200
1202570 200
1202580 200
1202610 200
1202630 200
1202640 200
1202650 200
1202660 200
1202690 200
1202710 200
1202730 200
1202770 200
1202780 200
1202790 200
1202810 200
1202820 200
1202830 200
1202870 200
1202880 200
1202900 200
1202920 200
1202930 200
1202970 200
1203050 200
1203140 200
1203160 200
1203170 200
1203180 200
1203190 200
1203220 200
1203240 200
1203280 200
1203310 200
1203320 200
1203330 200
1203360 200
1203370 200
1203390 200
1203400 200
1203420 200
1203430 200
1203450 200
1203460 200
1203470 200
1203490 200
1203500 200
1203560 200
1203570 200
1203580 200
1203600 200
1203620 200
1203630 200
1203650 200
1203670 200
1203680 200
1203710 200
1203750 200
1203760 200
1203770 200
1203780 200
1203810 200
1203840 200
1203850 200
1203890 200
1203900 200
1203910 200
1203930 200
1203940 200
1203950 200
1203960 200
1203970 200
1203990 200
1204010 200
1204030 200
1204040 200
1204080 200
1204110 200
1204210 200
1204220 200
1204230 200
1204250 200
1204270 200
1204280 200
1204320 200
1204330 200
1204360 200
1204370 200
1204380 200
1204410 200
1204440 200
1204470 200
1204480 200
1204490 200
1204520 200
1204530 200
1204540 200
1204550 200
1204580 200
1204630 200
1204650 200
1204660 200
1204670 200
1204690 200
1204700 200
1204710 200
1204720 200
1204740 200
1204750 200
1204760 200
1204780 200
1204790 200
1204800 200
1204830 200
1204840 200
1204860 200
1204880 200
1204900 200
1204930 200
1204940 200
1204950 200
1204970 200
1204990 200
1205010 200
1205020 200
1205030 200
1205040 200
1205060 200
1205130 200
1205140 200
1205150 200
1205160 200
1205170 200
1205240 200
1205250 200
1205260 200
1205270 200
1205390 200
1205420 200
1205450 200
1205480 200
1205520 200
1205540 200
1205560 200
1205570 200
1205590 200
1205610 200
1205640 200
1205650 200
1205660 200
1205680 200
1205690 200
1205800 200
1205900 200
1205950 200
1205960 200
1205970 200
1206000 200
1206010 200
1206020 200
1206040 200
1206050 200
1206060 200
1206070 200
1206080 200
1206090 200
1206110 200
1206140 200
1206180 200
1206230 200
1206240 200
1206260 200
1206270 200
1206280 200
1206290 200
1206310 200
1206320 200
1206350 200
1206380 200
1206410 200
1206430 200
1206470 200
1206480 200
1206490 200
1206510 200
1206550 200
1206560 200
1206570 200
1206590 200
1206600 200
1206610 200
1206620 200
1206660 200
1206670 200
1206700 200
1206710 200
1206720 200
1206770 200
1206810 200
1206840 200
1206850 200
1206870 200
1206900 200
1206910 200
1206920 200
1206930 200
1207010 200
1207020 200
1207090 200
1207130 200
1207210 200
1207230 200
1207260 200
1207310 200
1207320 200
1207360 200
1207370 200
1207380 200
1207390 200
1207400 200
1207420 200
1207480 200
1207500 200
1207520 200
1207540 200
1207650 200
1207690 200
1207710 200
1207770 200
1207780 200
1207800 200
1207820 200
1207850 200
1207860 200
1207880 200
1208030 200
1208040 200
1208050 200
1208090 200
1208110 200
1208120 200
1208170 200
1208220 200
1208240 200
1208260 200
1208270 200
1208330 200
1208370 200
1208380 200
1208390 200
1208400 200
1208410 200
1208420 200
1208460 200
1208470 200
1208490 200
1208500 200
1208510 200
1208520 200
1208550 200
1208560 200
1208580 200
1208590 200
1208600 200
1208620 200
1208630 200
1208690 200
1208760 200
1208770 200
1208810 200
1208830 200
1208840 200
1208850 200
1208860 200
1208870 200
1208890 200
1208900 200
1208950 200
1208980 200
1209000 200
1209060 200
1209080 200
1209140 200
1209160 200
1209170 200
1209190 200
1209200 200
1209330 200
1209360 200
1209410 200
1209420 200
1209430 200
1209440 200
1209450 200
1209490 200
1209510 200
1209520 200
1209570 200
1209610 200
1209650 200
1209720 200
1209740 200
1209750 200
1209760 200
1209770 200
1209790 200
1209820 200
1209860 200
1209870 200
1209910 200
1209950 200
1209960 200
1209970 200
1209990 200
1210010 200
1210030 200
1210060 200
1210110 200
1210150 200
1210220 200
1210230 200
1210250 200
1210260 200
1210320 200
1210330 200
1210340 200
1210380 200
1210470 200
1210490 200
1210530 200
1210540 200
1210550 200
1210570 200
1210590 200
1210610 200
1210620 200
1210640 200
1210650 200
1210660 200
1210670 200
1210680 200
1210700 200
1210740 200
1210780 200
1210790 200
1210800 200
1210830 200
1210850 200
1210880 200
1210910 200
1210920 200
1210930 200
1210960 200
1210970 200
1211020 200
1211050 200
1211070 200
1211100 200
1211110 200
1211120 200
1211160 200
1211180 200
1211220 200
1211230 200
1211240 200
1211250 200
1211270 200
1211320 200
1211340 200
1211350 200
1211360 200
1211370 200
1211390 200
1211420 200
1211490 200
1211540 200
1211600 200
1211610 200
1211630 200
1211640 200
1211650 200
1211700 200
1211710 200
1211720 200
1211730 200
1211740 200
1211780 200
1211790 200
1211800 200
1211830 200
1211930 200
1211950 200
1211960 200
1211970 200
1211980 200
1211990 200
1212020 200
1212030 200
1212040 200
1212100 200
1212110 200
1212120 200
1212150 200
1212170 200
1212180 200
1212190 200
1212250 200
1212290 200
1212300 200
1212320 200
1212350 200
1212370 200
1212400 200
1212410 200
1212430 200
1212440 200
1212450 200
1212460 200
1212470 200
1212480 200
1212500 200
1212510 200
1212530 200
1212550 200
1212580 200
1212600 200
1212610 200
1212620 200
1212640 200
1212710 200
1212720 200
1212730 200
1212740 200
1212750 200
1212760 200
1212780 200
1212830 200
1212840 200
1212850 200
1212860 200
1212870 200
1212930 200
1212940 200
1212960 200
1212970 200
1213000 200
1213050 200
1213070 200
1213080 200
1213100 200
1213110 200
1213140 200
1213150 200
1213210 200
1213220 200
1213230 200
1213250 200
1213300 200
1213370 200
1213390 200
1213400 200
1213420 200
1213450 200
1213460 200
1213530 200
1213550 200
1213570 200
1213600 200
1213640 200
1213650 200
1213660 200
1213670 200
1213680 200
1213700 200
1213740 200
1213750 200
1213760 200
1213770 200
1213780 200
1213810 200
1213840 200
1213860 200
1213870 200
1213890 200
1213910 200
1213920 200
1213980 200
1214000 200
1214050 200
1214060 200
1214130 200
1214150 200
1214180 200
1214200 200
1214210 200
1214280 200
1214330 200
1214360 200
1214380 200
1214400 200
1214410 200
1214450 200
1214460 200
1214470 200
1214490 200
1214500 200
1214520 200
1214530 200
1214540 200
1214570 200
1214590 200
1214600 200
1214630 200
1214650 200
1214670 200
1214680 200
1214690 200
1214710 200
1214720 200
1214740 200
1214760 200
1214850 200
1214870 200
1214920 200
1214980 200
1214990 200
1215000 200
1215020 200
1215030 200
1215060 200
1215090 200
1215120 200
1215170 200
1215180 200
1215200 200
1215260 200
1215270 200
1215280 200
1215310 200
1215320 200
1215340 200
1215350 200
1215380 200
1215390 200
1215400 200
1215410 200
1215430 200
1215500 200
1215520 200
1215540 200
1215550 200
1215580 200
1215600 200
1215650 200
1215660 200
1215690 200
1215700 200
1215710 200
1215720 200
1215740 200
1215750 200
1215770 200
1215830 200
1215860 200
1215870 200
1215900 200
1215930 200
1215940 200
1215950 200
1215960 200
1215970 200
1215990 200
1216030 200
1216050 200
1216060 200
1216080 200
1216150 200
1216190 200
1216200 200
1216220 200
1216230 200
1216270 200
1216300 200
1216310 200
1216320 200
1216340 200
1216350 200
1216370 200
1216470 200
1216480 200
1216490 200
1216530 200
1216540 200
1216550 200
1216560 200
1216580 200
1216590 200
1216600 200
1216610 200
1216660 200
1216700 200
1216710 200
1216720 200
1216740 200
1216870 200
1216880 200
1216930 200
1216940 200
1216980 200
1216990 200
1217050 200
1217060 200
1217070 200
1217100 200
1217110 200
1217160 200
1217170 200
1217180 200
1217190 200
1217200 200
1217220 200
1217230 200
1217260 200
1217270 200
1217280 200
1217310 200
1217330 200
1217340 200
1217350 200
1217370 200
1217380 200
1217390 200
1217410 200
1217440 200
1217480 200
1217490 200
1217510 200
1217520 200
1217530 200
1217550 200
1217560 200
1217570 200
1217580 200
1217610 200
1217630 200
1217640 200
1217660 200
1217710 200
1217720 200
1217750 200
1217820 200
1217830 200
1217850 200
1217860 200
1217870 200
1217880 200
1217900 200
1217930 200
1217950 200
1217990 200
1218020 200
1218030 200
1218090 200
1218130 200
1218140 200
1218150 200
1218170 200
1218200 200
1218210 200
1218220 200
1218230 200
1218250 200
1218260 200
1218280 200
1218300 200
1218320 200
1218360 200
1218400 200
1218420 200
1218440 200
1218460 200
1218470 200
1218480 200
1218500 200
1218510 200
1218520 200
1218530 200
1218540 200
1218550 200
1218560 200
1218570 200
1218580 200
1218590 200
1218620 200
1218640 200
1218670 200
1218680 200
1218710 200
1218740 200
1218750 200
1218760 200
1218770 200
1218780 200
1218790 200
1218830 200
1218850 200
1218890 200
1218900 200
1218920 200
1218930 200
1218940 200
1219000 200
1219010 200
1219020 200
1219030 200
1219060 200
1219070 200
1219080 200
1219110 200
1219120 200
1219170 200
1219180 200
1219220 200
1219240 200
1219280 200
1219300 200
1219310 200
1219320 200
1219340 200
1219370 200
1219420 200
1219450 200
1219480 200
1219500 200
1219520 200
1219530 200
1219540 200
1219550 200
1219570 200
1219580 200
1219590 200
1219600 200
1219610 200
1219620 200
1219650 200
1219690 200
1219700 200
1219730 200
1219740 200
1219770 200
1219790 200
1219800 200
1219810 200
1219820 200
1219860 200
1219890 200
1219910 200
1219940 200
1219950 200
1219980 200
1220010 200
1220040 200
1220070 200
1220080 200
1220100 200
1220110 200
1220120 200
1220140 200
1220150 200
1220160 200
1220170 200
1220190 200
1220200 200
1220300 200
1220330 200
1220340 200
1220370 200
1220390 200
1220410 200
1220440 200
1220460 200
1220510 200
1220520 200
1220550 200
1220560 200
1220580 200
1220600 200
1220650 200
1220670 200
1220680 200
1220690 200
1220710 200
1220760 200
1220800 200
1220840 200
1220850 200
1220880 200
1220890 200
1220900 200
1220910 200
1220920 200
1220930 200
1220980 200
1220990 200
1221030 200
1221070 200
1221080 200
1221230 200
1221240 200
1221250 200
1221260 200
1221280 200
1221300 200
1221310 200
1221320 200
1221330 200
1221390 200
1221400 200
1221420 200
1221430 200
1221440 200
1221460 200
1221480 200
1221510 200
1221520 200
1221540 200
1221560 200
1221590 200
1221600 200
1221620 200
1221630 200
1221640 200
1221650 200
1221660 200
1221670 200
1221730 200
1221800 200
1221810 200
1221830 200
1221860 200
1221880 200
1221890 200
1221950 200
1221990 200
1222000 200
1222020 200
1222040 200
1222050 200
1222060 200
1222080 200
1222090 200
1222120 200
1222140 200
1222150 200
1222160 200
1222170 200
1222180 200
1222200 200
1222210 200
1222220 200
1222230 200
1222240 200
1222250 200
1222260 200
1222270 200
1222290 200
1222300 200
1222330 200
1222340 200
1222370 200
1222380 200
1222390 200
1222400 200
1222420 200
1222470 200
1222480 200
1222490 200
1222540 200
1222550 200
1222560 200
1222570 200
1222600 200
1222610 200
1222620 200
1222640 200
1222670 200
1222680 200
1222690 200
1222700 200
1222720 200
1222730 200
1222740 200
1222750 200
1222800 200
1222830 200
1222840 200
1222870 200
1222930 200
1222940 200
1222960 200
1222980 200
1223020 200
1223030 200
1223090 200
1223110 200
1223140 200
1223150 200
1223200 200
1223210 200
1223220 200
1223230 200
1223250 200
1223260 200
1223270 200
1223350 200
1223360 200
1223370 200
1223380 200
1223390 200
1223440 200
1223500 200
1223530 200
1223550 200
1223660 200
1223670 200
1223720 200
1223750 200
1223770 200
1223810 200
1223820 200
1223870 200
1223880 200
1223910 200
1224010 200
1224020 200
1224030 200
1224050 200
1224070 200
1224120 200
1224160 200
1224220 200
1224250 200
1224290 200
1224310 200
1224320 200
1224360 200
1224380 200
1224420 200
1224450 200
1224470 200
1224480 200
1224490 200
1224530 200
1224600 200
1224630 200
1224640 200
1224650 200
1224690 200
1224700 200
1224710 200
1224720 200
1224770 200
1224840 200
1224900 200
1225040 200
1225070 200
1225100 200
1225110 200
1225120 200
1225130 200
1225200 200
1225240 200
1225250 200
1225260 200
1225290 200
1225320 200
1225370 200
1225380 200
1225410 200
1225550 200
1225560 200
1225570 200
1225580 200
1225590 200
1225600 200
1225610 200
1225640 200
1225660 200
1225680 200
1225690 200
1225710 200
1225730 200
1225740 200
1225780 200
1225790 200
1225810 200
1225820 200
1225840 200
1225850 200
1225870 200
1225880 200
1225890 200
1225910 200
1225920 200
1225930 200
1225940 200
1226000 200
1226010 200
1226020 200
1226030 200
1226070 200
1226150 200
1226160 200
1226170 200
1226180 200
1226190 200
1226210 200
1226230 200
1226250 200
1226420 200
1226480 200
1226490 200
1226510 200
1226530 200
1226540 200
1226550 200
1226560 200
1226580 200
1226610 200
1226640 200
1226670 200
1226820 200
1226840 200
1226880 200
1226890 200
1226910 200
1226920 200
1226940 200
1226950 200
1226960 200
1226970 200
1226990 200
1227000 200
1227010 200
1227040 200
1227050 200
1227070 200
1227090 200
1227100 200
1227130 200
1227150 200
1227190 200
1227200 200
1227250 200
1227280 200
1227320 200
1227330 200
1227360 200
1227390 200
1227400 200
1227490 200
1227530 200
1227570 200
1227580 200
1227590 200
1227600 200
1227650 200
1227680 200
1227690 200
1227750 200
1227760 200
1227780 200
1227820 200
1227830 200
1227860 200
1227890 200
1227900 200
1227930 200
1228320 200
1228360 200
1228390 200
1228410 200
1228430 200
1228440 200
1228450 200
1228460 200
1228490 200
1228500 200
1228520 200
1228560 200
1228570 200
1228600 200
1228610 200
1228630 200
1228670 200
1228680 200
1228700 200
1228730 200
1228790 200
1228820 200
1228840 200
1228860 200
1228870 200
1228880 200
1228910 200
1228920 200
1228950 200
1228960 200
1228970 200
1229010 200
1229020 200
1229030 200
1229060 200
1229090 200
1229190 200
1229200 200
1229240 200
1229250 200
1229260 200
1229270 200
1229280 200
1229310 200
1229380 200
1229390 200
1229420 200
1229450 200
1229460 200
1229490 200
1229500 200
1229510 200
1229520 200
1229530 200
1229570 200
1229580 200
1229590 200
1229640 200
1229650 200
1229720 200
1229730 200
1229880 200
1229890 200
1229900 200
1229910 200
1229920 200
1229960 200
1230000 200
1230010 200
1230020 200
1230050 200
1230100 200
1230120 200
1230140 200
1230170 200
1230200 200
1230340 200
1230360 200
1230400 200
1230410 200
1230490 200
1230500 200
1230510 200
1230530 200
1230540 200
1230560 200
1230570 200
1230640 200
1230650 200
1230660 200
1230670 200
1230800 200
1230840 200
1230860 200
1230870 200
1230880 200
1230930 200
1230940 200
1230980 200
1230990 200
1231000 200
1231040 200
1231070 200
1231100 200
1231120 200
1231130 200
1231150 200
1231210 200
1231270 200
1231410 200
1231440 200
1231460 200
1231500 200
1231520 200
1231530 200
1231560 200
1231570 200
1231580 200
1231590 200
1231640 200
1231710 200
1231720 200
1231740 200
1231750 200
1231760 200
1231770 200
1231780 200
1231790 200
1231800 200
1231810 200
1231820 200
1231840 200
1231880 200
1231900 200
1231920 200
1231940 200
1231950 200
1231970 200
1231990 200
1232010 200
1232060 200
1232100 200
1232120 200
1232130 200
1232140 200
1232150 200
1232180 200
1232220 200
1232230 200
1232260 200
1232290 200
1232310 200
1232330 200
1232420 200
1232450 200
1232460 200
1232470 200
1232500 200
1232510 200
1232550 200
1232570 200
1232580 200
1232590 200
1232610 200
1232640 200
1232650 200
1232670 200
1232720 200
1232730 200
1232800 200
1232810 200
1232830 200
1232870 200
1232890 200
1232900 200
1232940 200
1232960 200
1232990 200
1233020 200
1233030 200
1233040 200
1233070 200
1233120 200
1233170 200
1233200 200
1233210 200
1233230 200
1233240 200
1233250 200
1233260 200
1233270 200
1233300 200
1233350 200
1233380 200
1233410 200
1233420 200
1233460 200
1233510 200
1233530 200
1233540 200
1233560 200
1233570 200
1233580 200
1233590 200
1233600 200
1233610 200
1233640 200
1233680 200
1233690 200
1233710 200
1233720 200
1233740 200
1233780 200
1233790 200
1233800 200
1233810 200
1233820 200
1233850 200
1233880 200
1233900 200
1233950 200
1233990 200
1234020 200
1234030 200
1234070 200
1234110 200
1234120 200
1234160 200
1234180 200
1234190 200
1234200 200
1234220 200
1234240 200
1234260 200
1234280 200
1234320 200
1234330 200
1234340 200
1234360 200
1234380 200
1234400 200
1234410 200
1234430 200
1234450 200
1234500 200
1234520 200
1234540 200
1234550 200
1234560 200
1234580 200
1234590 200
1234600 200
1234620 200
1234630 200
1234680 200
1234690 200
1234700 200
1234750 200
1234820 200
1234830 200
1234840 200
1234850 200
1234870 200
1234880 200
1234890 200
1234900 200
1234920 200
1234930 200
1234940 200
1234960 200
1234970 200
1234980 200
1234990 200
1235090 200
1235100 200
1235110 200
1235120 200
1235130 200
1235140 200
1235160 200
1235220 200
1235340 200
1235350 200
1235360 200
1235400 200
1235430 200
1235440 200
1235450 200
1235460 200
1235470 200
1235480 200
1235510 200
1235520 200
1235570 200
1235710 200
1235770 200
1235790 200
1235800 200
1235810 200
1235830 200
1235910 200
1235920 200
1235930 200
1235950 200
1235980 200
1236000 200
1236020 200
1236040 200
1236050 200
1236070 200
1236100 200
1236140 200
1236160 200
1236170 200
1236180 200
1236190 200
1236240 200
1236250 200
1236270 200
1236320 200
1236330 200
1236400 200
1236430 200
1236450 200
1236470 200
1236480 200
1236490 200
1236530 200
1236560 200
1236580 200
1236620 200
1236630 200
1236670 200
1236700 200
1236720 200
1236760 200
1236770 200
1236780 200
1236800 200
1236810 200
1236820 200
1236860 200
1236880 200
1236900 200
1236920 200
1236930 200
1236960 200
1237040 200
1237050 200
1237060 200
1237070 200
1237080 200
1237090 200
1237110 200
1237120 200
1237170 200
1237190 200
1237210 200
1237220 200
1237240 200
1237250 200
1237260 200
1237310 200
1237320 200
1237330 200
1237370 200
1237400 200
1237410 200
1237460 200
1237480 200
1237490 200
1237510 200
1237530 200
1237540 200
1237550 200
1237560 200
1237570 200
1237590 200
1237610 200
1237660 200
1237670 200
1237690 200
1237700 200
1237730 200
1237760 200
1237780 200
1237800 200
1237820 200
1237840 200
1237870 200
1237880 200
1237890 200
1237900 200
1237950 200
1237970 200
1237980 200
1238000 200
1238020 200
1238040 200
1238060 200
1238080 200
1238130 200
1238180 200
1238190 200
1238220 200
1238250 200
1238280 200
1238330 200
1238340 200
1238360 200
1238390 200
1238400 200
1238450 200
1238470 200
1238480 200
1238490 200
1238520 200
1238540 200
1238620 200
1238630 200
1238650 200
1238680 200
1238710 200
1238720 200
1238730 200
1238780 200
1238810 200
1238820 200
1238840 200
1238860 200
1238880 200
1238920 200
1238940 200
1238970 200
1238980 200
1238990 200
1239000 200
1239020 200
1239030 200
1239050 200
1239080 200
1239120 200
1239140 200
1239180 200
1239260 200
1239270 200
1239280 200
1239300 200
1239320 200
1239360 200
1239400 200
1239470 200
1239490 200
1239580 200
1239590 200
1239600 200
1239660 200
1239690 200
1239710 200
1239720 200
1239740 200
1239780 200
1239800 200
1239870 200
1239900 200
1239920 200
1239930 200
1239940 200
1239950 200
1239970 200
1239980 200
1239990 200
1240040 200
1240050 200
1240060 200
1240120 200
1240130 200
1240140 200
1240160 200
1240180 200
1240210 200
1240230 200
1240240 200
1240270 200
1240290 200
1240350 200
1240370 200
1240440 200
1240450 200
1240460 200
1240480 200
1240510 200
1240530 200
1240550 200
1240590 200
1240600 200
1240610 200
1240620 200
1240630 200
1240680 200
1240690 200
1240730 200
1240770 200
1240790 200
1240810 200
1240840 200
1240890 200
1240910 200
1240920 200
1241020 200
1241030 200
1241040 200
1241050 200
1241100 200
1241110 200
1241140 200
1241180 200
1241230 200
1241370 200
1241380 200
1241390 200
1241400 200
1241500 200
1241510 200
1241520 200
1241540 200
1241590 200
1241630 200
1241690 200
1241700 200
1241710 200
1241740 200
1241760 200
1241780 200
1241810 200
1241860 200
1241910 200
1241950 200
1242630 200
1242670 200
1242730 200
1242800 200
1242820 200
1242910 200
1242960 200
1242980 200
1243010 200
1243030 200
1243040 200
1243050 200
1243060 200
1243100 200
1243130 200
1243140 200
1243150 200
1243160 200
1243200 200
1243220 200
1243240 200
1243260 200
1243290 200
1243310 200
1243320 200
1243360 200
1243370 200
1243410 200
1243420 200
1243450 200
1243520 200
1243530 200
1243550 200
1243560 200
1243580 200
1243640 200
1243670 200
1243690 200
1243700 200
1243750 200
1243790 200
1243820 200
1243830 200
1243850 200
1243880 200
1243890 200
1243900 200
1243930 200
1243960 200
1244050 200
1244090 200
1244140 200
1244150 200
1244190 200
1244210 200
1244260 200
1244300 200
1244370 200
1244380 200
1244410 200
1244450 200
1244460 200
1244470 200
1244520 200
1244530 200
1244600 200
1244610 200
1244620 200
1244630 200
1244760 200
1244770 200
1244800 200
1244830 200
1244850 200
1244890 200
1244910 200
1244930 200
1244950 200
1244960 200
1245000 200
1245060 200
1245080 200
1245090 200
1245140 200
1245170 200
1245220 200
1245250 200
1245260 200
1245280 200
1245350 200
1245360 200
1245370 200
1245380 200
1245430 200
1245440 200
1245470 200
1245480 200
1245500 200
1245540 200
1245550 200
1245560 200
1245580 200
1245610 200
1245620 200
1245630 200
1245640 200
1245660 200
1245670 200
1245730 200
1245780 200
1245800 200
1245810 200
1245820 200
1245900 200
1245910 200
1245920 200
1245950 200
1245980 200
1246020 200
1246050 200
1246060 200
1246120 200
1246130 200
1246140 200
1246160 200
1246170 200
1246200 200
1246230 200
1246250 200
1246320 200
1246350 200
1246390 200
1246420 200
1246460 200
1246470 200
1246490 200
1246540 200
1246600 200
1246620 200
1246650 200
1246680 200
1246710 200
1246780 200
1246870 200
1246930 200
1246940 200
1246950 200
1247020 200
1247030 200
1247040 200
1247070 200
1247100 200
1247110 200
1247160 200
1247170 200
1247190 200
1247210 200
1247250 200
1247360 200
1247370 200
1247400 200
1247460 200
1247470 200
1247490 200
1247570 200
1247580 200
1247640 200
1247650 200
1247720 200
1247730 200
1247740 200
1247830 200
1247860 200
1247870 200
1247910 200
1247920 200
1247930 200
1247940 200
1247950 200
1248030 200
1248060 200
1248080 200
1248100 200
1248120 200
1248130 200
1248140 200
1248200 200
1248220 200
1248230 200
1248240 200
1248270 200
1248350 200
1248370 200
1248420 200
1248450 200
1248460 200
1248490 200
1248510 200
1248520 200
1248540 200
1248550 200
1248570 200
1248590 200
1248670 200
1248680 200
1248710 200
1248730 200
1248740 200
1248750 200
1248790 200
1248800 200
1248810 200
1248820 200
1248830 200
1248840 200
1248860 200
1248870 200
1248910 200
1248960 200
1248970 200
1249010 200
1249040 200
1249060 200
1249070 200
1249080 200
1249110 200
1249130 200
1249150 200
1249170 200
1249190 200
1249260 200
1249270 200
1249290 200
1249300 200
1249390 200
1249400 200
1249410 200
1249420 200
1249430 200
1249480 200
1249490 200
1249500 200
1249510 200
1249620 200
1249670 200
1249680 200
1249700 200
1249730 200
1249740 200
1249750 200
1249780 200
1249800 200
1249820 200
1249850 200
1249880 200
1249890 200
1249970 200
1249980 200
1250030 200
1250040 200
1250060 200
1250090 200
1250100 200
1250120 200
1250160 200
1250180 200
1250210 200
1250220 200
1250250 200
1250260 200
1250270 200
1250280 200
1250290 200
1250300 200
1250350 200
1250410 200
1250440 200
1250490 200
1250510 200
1250520 200
1250560 200
1250610 200
1250630 200
1250640 200
1250650 200
1250670 200
1250700 200
1250760 200
1250770 200
1250790 200
1250810 200
1250850 200
1250870 200
1250900 200
1250940 200
1250960 200
1250990 200
1251040 200
1251060 200
1251090 200
1251130 200
1251200 200
1251210 200
1251240 200
1251250 200
1251270 200
1251290 200
1251300 200
1251310 200
1251320 200
1251330 200
1251360 200
1251380 200
1251400 200
1251410 200
1251430 200
1251460 200
1251520 200
1251550 200
1251580 200
1251630 200
1251670 200
1251680 200
1251690 200
1251750 200
1251760 200
1251770 200
1251780 200
1251790 200
1251800 200
1251840 200
1251850 200
1251910 200
1251930 200
1251950 200
1251960 200
1251970 200
1251980 200
1252000 200
1252020 200
1252030 200
1252040 200
1252050 200
1252070 200
1252100 200
1252120 200
1252130 200
1252160 200
1252170 200
1252190 200
1252210 200
1252230 200
1252240 200
1252250 200
1252300 200
1252320 200
1252330 200
1252370 200
1252380 200
1252390 200
1252410 200
1252450 200
1252480 200
1252510 200
1252560 200
1252580 200
1252600 200
1252630 200
1252650 200
1252680 200
1252710 200
1252720 200
1252730 200
1252780 200
1252810 200
1252830 200
1252850 200
1252920 200
1253000 200
1253010 200
1253030 200
1253050 200
1253110 200
1253160 200
1253180 200
1253190 200
1253220 200
1253230 200
1253240 200
1253270 200
1253320 200
1253390 200
1253400 200
1253410 200
1253440 200
1253450 200
1253460 200
1253500 200
1253520 200
1253570 200
1253580 200
1253610 200
1253620 200
1253650 200
1253680 200
1253690 200
1253710 200
1253720 200
1253730 200
1253760 200
1253800 200
1253820 200
1253860 200
1253870 200
1253880 200
1253900 200
1253920 200
1253930 200
1253940 200
1254070 200
1254110 200
1254120 200
1254130 200
1254140 200
1254150 200
1254160 200
1254180 200
1254200 200
1254280 200
1254320 200
1254370 200
1254390 200
1254410 200
1254430 200
1254440 200
1254480 200
1254490 200
1254500 200
1254590 200
1254610 200
1254620 200
1254630 200
1254670 200
1254720 200
1254740 200
1254770 200
1254820 200
1254860 200
1254870 200
1254930 200
1254950 200
1255010 200
1255020 200
1255030 200
1255040 200
1255050 200
1255130 200
1255140 200
1255160 200
1255170 200
1255230 200
1255300 200
1255320 200
1255380 200
1255410 200
1255420 200
1255460 200
1255550 200
1255560 200
1255640 200
1255650 200
1255660 200
1255680 200
1255720 200
1255740 200
1255800 200
1255810 200
1255820 200
1255830 200
1255840 200
1255870 200
1255880 200
1255890 200
1255910 200
1255920 200
1255990 200
1256040 200
1256060 200
1256130 200
1256160 200
1256190 200
1256220 200
1256230 200
1256270 200
1256330 200
1256340 200
1256360 200
1256380 200
1256400 200
1256430 200
1256440 200
1256490 200
1256500 200
1256520 200
1256530 200
1256550 200
1256610 200
1256650 200
1256660 200
1256670 200
1256680 200
1256710 200
1256730 200
1256760 200
1256830 200
1256870 200
1256900 200
1256920 200
1256950 200
1256970 200
1256980 200
1257000 200
1257030 200
1257170 200
1257190 200
1257200 200
1257210 200
1257250 200
1257270 200
1257280 200
1257300 200
1257310 200
1257360 200
1257370 200
1257410 200
1257430 200
1257480 200
1257520 200
1257540 200
1257550 200
1257590 200
1257600 200
1257610 200
1257620 200
1257660 200
1257670 200
1257700 200
1257710 200
1257720 200
1257800 200
1257810 200
1257840 200
1257850 200
1257860 200
1257870 200
1257880 200
1257890 200
1257900 200
1257910 200
1257920 200
1257930 200
1257940 200
1257950 200
1258000 200
1258020 200
1258030 200
1258040 200
1258060 200
1258070 200
1258080 200
1258090 200
1258140 200
1258190 200
1258200 200
1258220 200
1258230 200
1258290 200
1258300 200
1258310 200
1258340 200
1258370 200
1258410 200
1258420 200
1258440 200
1258460 200
1258480 200
1258520 200
1258560 200
1258580 200
1258590 200
1258620 200
1258640 200
1258650 200
1258710 200
1258730 200
1258750 200
1258770 200
1258780 200
1258790 200
1258800 200
1258820 200
1258830 200
1258840 200
1258900 200
1258920 200
1258930 200
1258950 200
1258960 200
1258980 200
1258990 200
1259000 200
1259020 200
1259050 200
1259130 200
1259140 200
1259180 200
1259220 200
1259240 200
1259290 200
1259300 200
1259310 200
1259330 200
1259340 200
1259370 200
1259380 200
1259390 200
1259420 200
1259430 200
1259440 200
1259460 200
1259470 200
1259510 200
1259520 200
1259530 200
1259560 200
1259570 200
1259580 200
1259600 200
1259610 200
1259640 200
1259660 200
1259740 200
1259760 200
1259790 200
1259800 200
1259830 200
1259840 200
1259850 200
1259860 200
1259890 200
1259910 200
1259950 200
1259960 200
1259980 200
1259990 200
1260020 200
1260030 200
1260130 200
1260150 200
1260160 200
1260170 200
1260220 200
1260240 200
1260250 200
1260300 200
1260320 200
1260330 200
1260340 200
1260370 200
1260390 200
1260400 200
1260430 200
1260440 200
1260450 200
1260470 200
1260490 200
1260520 200
1260540 200
1260550 200
1260560 200
1260570 200
1260580 200
1260590 200
1260620 200
1260670 200
1260690 200
1260710 200
1260720 200
1260730 200
1260740 200
1260770 200
1260790 200
1260800 200
1260810 200
1260820 200
1260830 200
1260840 200
1260860 200
1260910 200
1260920 200
1260930 200
1260940 200
1260960 200
1260970 200
1260980 200
1261000 200
1261010 200
1261020 200
1261040 200
1261090 200
1261130 200
1261170 200
1261180 200
1261200 200
1261220 200
1261240 200
1261280 200
1261290 200
1261300 200
1261360 200
1261370 200
1261390 200
1261430 200
1261490 200
1261520 200
1261530 200
1261570 200
1261630 200
1261640 200
1261650 200
1261660 200
1261670 200
1261700 200
1261750 200
1261760 200
1261770 200
1261820 200
1261880 200
1261900 200
1261990 200
1262040 200
1262060 200
1262070 200
1262080 200
1262100 200
1262110 200
1262120 200
1262140 200
1262170 200
1262190 200
1262240 200
1262260 200
1262350 200
1262380 200
1262450 200
1262460 200
1262470 200
1262500 200
1262530 200
1262540 200
1262560 200
1262580 200
1262600 200
1262640 200
1262720 200
1262730 200
1262760 200
1262770 200
1262780 200
1262790 200
1262800 200
1262830 200
1262880 200
1262890 200
1262900 200
1262910 200
1262920 200
1262930 200
1263000 200
1263060 200
1263070 200
1263090 200
1263100 200
1263110 200
1263120 200
1263130 200
1263160 200
1263170 200
1263200 200
1263210 200
1263220 200
1263230 200
1263240 200
1263350 200
1263370 200
1263410 200
1263450 200
1263490 200
1263510 200
1263520 200
1263530 200
1263540 200
1263550 200
1263590 200
1263610 200
1263620 200
1263630 200
1263650 200
1263680 200
1263700 200
1263720 200
1263740 200
1263750 200
1263780 200
1263800 200
1263820 200
1263840 200
1263910 200
1263920 200
1263930 200
1263940 200
1263990 200
1264000 200
1264010 200
1264050 200
1264080 200
1264090 200
1264140 200
1264160 200
1264180 200
1264200 200
1264220 200
1264230 200
1264240 200
1264250 200
1264260 200
1264280 200
1264290 200
1264310 200
1264350 200
1264360 200
1264390 200
1264410 200
1264420 200
1264510 200
1264520 200
1264550 200
1264590 200
1264610 200
1264620 200
1264630 200
1264650 200
1264670 200
1264710 200
1264720 200
1264730 200
1264740 200
1264760 200
1264770 200
1264790 200
1264800 200
1264820 200
1264830 200
1264840 200
1264850 200
1264880 200
1264890 200
1264900 200
1264920 200
1264930 200
1264940 200
1264970 200
1264980 200
1264990 200
1265010 200
1265030 200
1265040 200
1265070 200
1265080 200
1265090 200
1265110 200
1265120 200
1265130 200
1265140 200
1265170 200
1265200 200
1265220 200
1265230 200
1265260 200
1265270 200
1265280 200
1265300 200
1265310 200
1265360 200
1265380 200
1265390 200
1265410 200
1265430 200
1265440 200
1265460 200
1265500 200
1265510 200
1265530 200
1265570 200
1265580 200
1265650 200
1265660 200
1265680 200
1265690 200
1265720 200
1265770 200
1265780 200
1265800 200
1265810 200
1265820 200
1265850 200
1265870 200
1265920 200
1265930 200
1265960 200
1265970 200
1265990 200
1266030 200
1266050 200
1266060 200
1266070 200
1266100 200
1266120 200
1266140 200
1266210 200
1266220 200
1266370 200
1266380 200
1266390 200
1266400 200
1266410 200
1266430 200
1266440 200
1266450 200
1266470 200
1266480 200
1266540 200
1266560 200
1266600 200
1266610 200
1266630 200
1266640 200
1266650 200
1266680 200
1266690 200
1266700 200
1266720 200
1266800 200
1266820 200
1266840 200
1266890 200
1266900 200
1266980 200
1267010 200
1267040 200
1267070 200
1267120 200
1267130 200
1267170 200
1267210 200
1267230 200
1267260 200
1267270 200
1267280 200
1267290 200
1267310 200
1267330 200
1267370 200
1267400 200
1267410 200
1267470 200
1267540 200
1267560 200
1267580 200
1267670 200
1267680 200
1267690 200
1267770 200
1267810 200
1267830 200
1267870 200
1267910 200
1267920 200
1267930 200
1267940 200
1267950 200
1267960 200
1267970 200
1268000 200
1268100 200
1268110 200
1268140 200
1268160 200
1268190 200
1268200 200
1268250 200
1268280 200
1268290 200
1268330 200
1268350 200
1268360 200
1268370 200
1268380 200
1268400 200
1268410 200
1268420 200
1268530 200
1268540 200
1268550 200
1268590 200
1268700 200
1268710 200
1268730 200
1268750 200
1268790 200
1268800 200
1268830 200
1268840 200
1268860 200
1268870 200
1268880 200
1268900 200
1268960 200
1268990 200
1269020 200
1269030 200
1269050 200
1269080 200
1269110 200
1269120 200
1269150 200
1269180 200
1269190 200
1269230 200
1269240 200
1269250 200
1269300 200
1269350 200
1269370 200
1269390 200
1269400 200
1269450 200
1269500 200
1269510 200
1269520 200
1269540 200
1269550 200
1269560 200
1269590 200
1269620 200
1269630 200
1269640 200
1269650 200
1269690 200
1269700 200
1269710 200
1269730 200
1269770 200
1269810 200
1269820 200
1269830 200
1269850 200
1269890 200
1269900 200
1269910 200
1269950 200
1269960 200
1269990 200
1270010 200
1270020 200
1270030 200
1270050 200
1270070 200
1270080 200
1270100 200
1270130 200
1270180 200
1270210 200
1270230 200
1270280 200
1270300 200
1270330 200
1270360 200
1270370 200
1270380 200
1270390 200
1270420 200
1270440 200
1270460 200
1270500 200
1270520 200
1270570 200
1270580 200
1270620 200
1270650 200
1270660 200
1270670 200
1270680 200
1270720 200
1270760 200
1270780 200
1270820 200
1270840 200
1270850 200
1270870 200
1270890 200
1270910 200
1270930 200
1270970 200
1270980 200
1271030 200
1271050 200
1271070 200
1271080 200
1271090 200
1271100 200
1271110 200
1271150 200
1271170 200
1271190 200
1271250 200
1271260 200
1271280 200
1271300 200
1271310 200
1271340 200
1271380 200
1271390 200
1271400 200
1271420 200
1271460 200
1271500 200
1271510 200
1271520 200
1271530 200
1271540 200
1271580 200
1271600 200
1271620 200
1271630 200
1271690 200
1271700 200
1271710 200
1271740 200
1271750 200
1271760 200
1271820 200
1271840 200
1271850 200
1271870 200
1271900 200
1271910 200
1271920 200
1271950 200
1271980 200
1271990 200
1272000 200
1272010 200
1272020 200
1272030 200
1272040 200
1272050 200
1272060 200
1272070 200
1272080 200
1272100 200
1272110 200
1272120 200
1272130 200
1272140 200
1272150 200
1272160 200
1272200 200
1272240 200
1272280 200
1272290 200
1272300 200
1272320 200
1272330 200
1272340 200
1272360 200
1272390 200
1272450 200
1272460 200
1272470 200
1272500 200
1272520 200
1272530 200
1272550 200
1272580 200
1272660 200
1272680 200
1272690 200
1272720 200
1272750 200
1272780 200
1272820 200
1272830 200
1272840 200
1272860 200
1272920 200
1272970 200
1273010 200
1273020 200
1273060 200
1273070 200
1273080 200
1273100 200
1273110 200
1273120 200
1273160 200
1273180 200
1273220 200
1273250 200
1273260 200
1273290 200
1273320 200
1273350 200
1273380 200
1273400 200
1273430 200
1273440 200
1273450 200
1273470 200
1273480 200
1273510 200
1273520 200
1273530 200
1273540 200
1273550 200
1273560 200
1273570 200
1273580 200
1273590 200
1273600 200
1273640 200
1273690 200
1273710 200
1273720 200
1273740 200
1273750 200
1273780 200
1273790 200
1273800 200
1273820 200
1273830 200
1273890 200
1273920 200
1273930 200
1273940 200
1273980 200
1274020 200
1274060 200
1274090 200
1274110 200
1274140 200
1274150 200
1274180 200
1274190 200
1274200 200
1274210 200
1274230 200
1274250 200
1274280 200
1274290 200
1274300 200
1274310 200
1274360 200
1274380 200
1274390 200
1274400 200
1274440 200
1274470 200
1274490 200
1274530 200
1274550 200
1274560 200
1274570 200
1274590 200
1274600 200
1274610 200
1274620 200
1274630 200
1274640 200
1274670 200
1274690 200
1274700 200
1274710 200
1274720 200
1274730 200
1274800 200
1274810 200
1274830 200
1274840 200
1274850 200
1274860 200
1274910 200
1274930 200
1274940 200
1274970 200
1274980 200
1274990 200
1275030 200
1275060 200
1275070 200
1275150 200
1275180 200
1275190 200
1275210 200
1275230 200
1275240 200
1275250 200
1275260 200
1275290 200
1275300 200
1275320 200
1275330 200
1275350 200
1275370 200
1275390 200
1275410 200
1275450 200
1275490 200
1275520 200
1275540 200
1275550 200
1275590 200
1275600 200
1275610 200
1275630 200
1275640 200
1275660 200
1275670 200
1275760 200
1275770 200
1275790 200
1275810 200
1275850 200
1275860 200
1275880 200
1275890 200
1275960 200
1275970 200
1275980 200
1276040 200
1276060 200
1276070 200
1276090 200
1276100 200
1276130 200
1276140 200
1276170 200
1276290 200
1276300 200
1276320 200
1276330 200
1276350 200
1276370 200
1276390 200
1276410 200
1276430 200
1276450 200
1276470 200
1276490 200
1276510 200
1276530 200
1276540 200
1276550 200
1276590 200
1276600 200
1276610 200
1276660 200
1276690 200
1276710 200
1276720 200
1276740 200
1276750 200
1276760 200
1276790 200
1276800 200
1276810 200
1276820 200
1276850 200
1276890 200
1277090 200
1277100 200
1277130 200
1277140 200
1277160 200
1277190 200
1277210 200
1277230 200
1277290 200
1277300 200
1277310 200
1277320 200
1277340 200
1277360 200
1277390 200
1277400 200
1277480 200
1277500 200
1277510 200
1277520 200
1277530 200
1277610 200
1277630 200
1277640 200
1277650 200
1277660 200
1277710 200
1277840 200
1277870 200
1277880 200
1277920 200
1277930 200
1277940 200
1277950 200
1277970 200
1278040 200
1278060 200
1278080 200
1278090 200
1278100 200
1278110 200
1278140 200
1278150 200
1278170 200
1278190 200
1278200 200
1278210 200
1278230 200
1278270 200
1278290 200
1278350 200
1278360 200
1278370 200
1278380 200
1278390 200
1278420 200
1278430 200
1278500 200
1278520 200
1278540 200
1278580 200
1278690 200
1278710 200
1278720 200
1278750 200
1278760 200
1278860 200
1278880 200
1278930 200
1278960 200
1279000 200
1279240 200
1279260 200
1279270 200
1279280 200
1279310 200
1279320 200
1279330 200
1279360 200
1279440 200
1279480 200
1279500 200
1279510 200
1279540 200
1279590 200
1279620 200
1279630 200
1279700 200
1279770 200
1279800 200
1279810 200
1279920 200
1279970 200
1280010 200
1280060 200
1280070 200
1280080 200
1280090 200
1280100 200
1280160 200
1280180 200
1280190 200
1280210 200
1280220 200
1280260 200
1280270 200
1280290 200
1280300 200
1280310 200
1280320 200
1280370 200
1280380 200
1280440 200
1280490 200
1280500 200
1280550 200
1280570 200
1280590 200
1280610 200
1280630 200
1280640 200
1280660 200
1280670 200
1280680 200
1280700 200
1280730 200
1280750 200
1280760 200
1280770 200
1280780 200
1280840 200
1280850 200
1280890 200
1280910 200
1280920 200
1280930 200
1280940 200
1280950 200
1280960 200
1280970 200
1280980 200
1280990 200
1281030 200
1281040 200
1281070 200
1281080 200
1281100 200
1281130 200
1281140 200
1281150 200
1281160 200
1281170 200
1281180 200
1281190 200
1281200 200
1281220 200
1281250 200
1281270 200
1281280 200
1281320 200
1281350 200
1281360 200
1281370 200
1281380 200
1281390 200
1281400 200
1281420 200
1281470 200
1281480 200
1281490 200
1281510 200
1281520 200
1281530 200
1281560 200
1281580 200
1281590 200
1281600 200
1281630 200
1281640 200
1281690 200
1281760 200
1281790 200
1281800 200
1281810 200
1281830 200
1281860 200
1281890 200
1281920 200
1281980 200
1281990 200
1282000 200
1282040 200
1282080 200
1282090 200
1282100 200
1282110 200
1282120 200
1282140 200
1282150 200
1282200 200
1282210 200
1282220 200
1282240 200
1282270 200
1282320 200
1282360 200
1282370 200
1282380 200
1282390 200
1282410 200
1282500 200
1282510 200
1282540 200
1282580 200
1282590 200
1282610 200
1282630 200
1282650 200
1282670 200
1282700 200
1282710 200
1282720 200
1282730 200
1282760 200
1282770 200
1282830 200
1282850 200
1282880 200
1282890 200
1282900 200
1282920 200
1283000 200
1283060 200
1283070 200
1283100 200
1283110 200
1283130 200
1283140 200
1283180 200
1283190 200
1283210 200
1283220 200
1283230 200
1283240 200
1283250 200
1283260 200
1283270 200
1283280 200
1283330 200
1283350 200
1283360 200
1283370 200
1283380 200
1283400 200
1283410 200
1283430 200
1283450 200
1283500 200
1283520 200
1283550 200
1283580 200
1283590 200
1283620 200
1283630 200
1283640 200
1283660 200
1283680 200
1283690 200
1283720 200
1283740 200
1283760 200
1283770 200
1283790 200
1283800 200
1283810 200
1283820 200
1283830 200
1283850 200
1283860 200
1283880 200
1283890 200
1283920 200
1283960 200
1283980 200
1284050 200
1284080 200
1284090 200
1284100 200
1284110 200
1284130 200
1284140 200
1284150 200
1284160 200
1284180 200
1284190 200
1284210 200
1284230 200
1284260 200
1284290 200
1284300 200
1284350 200
1284360 200
1284380 200
1284390 200
1284410 200
1284430 200
1284460 200
1284480 200
1284510 200
1284540 200
1284550 200
1284630 200
1284660 200
1284700 200
1284730 200
1284740 200
1284760 200
1284790 200
1284800 200
1284820 200
1284850 200
1284870 200
1284950 200
1285000 200
1285010 200
1285020 200
1285040 200
1285050 200
1285060 200
1285070 200
1285080 200
1285090 200
1285100 200
1285130 200
1285160 200
1285180 200
1285190 200
1285200 200
1285210 200
1285230 200
1285270 200
1285310 200
1285350 200
1285360 200
1285390 200
1285410 200
1285430 200
1285450 200
1285500 200
1285510 200
1285520 200
1285530 200
1285560 200
1285580 200
1285600 200
1285610 200
1285620 200
1285630 200
1285660 200
1285670 200
1285690 200
1285700 200
1285720 200
1285740 200
1285750 200
1285820 200
1285830 200
1285840 200
1285860 200
1285870 200
1285920 200
1285930 200
1285940 200
1285960 200
1285970 200
1286010 200
1286030 200
1286140 200
1286150 200
1286160 200
1286170 200
1286180 200
1286190 200
1286210 200
1286220 200
1286230 200
1286280 200
1286320 200
1286330 200
1286340 200
1286350 200
1286360 200
1286370 200
1286380 200
1286420 200
1286470 200
1286480 200
1286560 200
1286580 200
1286600 200
1286650 200
1286670 200
1286680 200
1286690 200
1286700 200
1286710 200
1286720 200
1286730 200
1286770 200
1286810 200
1286830 200
1286860 200
1286870 200
1286880 200
1286930 200
1286940 200
1286950 200
1286980 200
1286990 200
1287000 200
1287030 200
1287040 200
1287090 200
1287100 200
1287130 200
1287140 200
1287150 200
1287160 200
1287170 200
1287180 200
1287210 200
1287220 200
1287230 200
1287250 200
1287260 200
1287280 200
1287310 200
1287370 200
1287380 200
1287420 200
1287450 200
1287500 200
1287510 200
1287530 200
1287540 200
1287590 200
1287610 200
1287640 200
1287690 200
1287710 200
1287750 200
1287790 200
1287800 200
1287810 200
1287830 200
1287840 200
1287850 200
1287860 200
1287880 200
1287920 200
1287930 200
1287940 200
1287970 200
1288030 200
1288040 200
1288070 200
1288090 200
1288110 200
1288130 200
1288170 200
1288300 200
1288310 200
1288320 200
1288330 200
1288370 200
1288380 200
1288390 200
1288400 200
1288410 200
1288420 200
1288430 200
1288510 200
1288540 200
1288550 200
1288560 200
1288580 200
1288600 200
1288610 200
1288640 200
1288650 200
1288670 200
1288720 200
1288760 200
1288790 200
1288830 200
1288900 200
1288910 200
1288920 200
1288930 200
1288940 200
1288960 200
1289010 200
1289060 200
1289090 200
1289100 200
1289120 200
1289170 200
1289180 200
1289240 200
1289260 200
1289280 200
1289300 200
1289310 200
1289320 200
1289330 200
1289340 200
1289380 200
1289440 200
1289470 200
1289480 200
1289490 200
1289500 200
1289510 200
1289550 200
1289570 200
1289610 200
1289640 200
1289670 200
1289690 200
1289720 200
1289750 200
1289770 200
1289810 200
1289830 200
1289850 200
1289900 200
1289960 200
1289990 200
1290000 200
1290010 200
1290040 200
1290060 200
1290090 200
1290100 200
1290110 200
1290160 200
1290170 200
1290190 200
1290200 200
1290220 200
1290230 200
1290240 200
1290260 200
1290270 200
1290330 200
1290350 200
1290390 200
1290460 200
1290480 200
1290490 200
1290510 200
1290550 200
1290620 200
1290650 200
1290670 200
1290680 200
1290710 200
1290720 200
1290750 200
1290760 200
1290770 200
1290780 200
1290790 200
1290820 200
1290830 200
1290850 200
1290880 200
1290920 200
1290960 200
1290980 200
1291000 200
1291010 200
1291020 200
1291050 200
1291060 200
1291090 200
1291100 200
1291110 200
1291140 200
1291150 200
1291170 200
1291210 200
1291220 200
1291230 200
1291240 200
1291250 200
1291280 200
1291300 200
1291310 200
1291330 200
1291340 200
1291370 200
1291470 200
1291500 200
1291530 200
1291540 200
1291600 200
1291610 200
1291640 200
1291660 200
1291670 200
1291680 200
1291710 200
1291720 200
1291740 200
1291790 200
1291800 200
1291810 200
1291830 200
1291860 200
1291970 200
1291990 200
1292020 200
1292040 200
1292050 200
1292060 200
1292070 200
1292100 200
1292120 200
1292140 200
1292160 200
1292170 200
1292180 200
1292240 200
1292250 200
1292270 200
1292280 200
1292310 200
1292410 200
1292440 200
1292460 200
1292480 200
1292490 200
1292500 200
1292510 200
1292520 200
1292540 200
1292550 200
1292560 200
1292610 200
1292630 200
1292690 200
1292700 200
1292710 200
1292720 200
1292750 200
1292760 200
1292770 200
1292860 200
1292880 200
1292910 200
1292920 200
1292940 200
1292950 200
1292960 200
1292980 200
1293000 200
1293040 200
1293050 200
1293110 200
1293120 200
1293160 200
1293170 200
1293180 200
1293190 200
1293220 200
1293230 200
1293250 200
1293300 200
1293370 200
1293400 200
1293420 200
1293430 200
1293440 200
1293450 200
1293460 200
1293480 200
1293510 200
1293520 200
1293530 200
1293540 200
1293610 200
1293650 200
1293660 200
1293670 200
1293700 200
1293730 200
1293740 200
1293780 200
1293820 200
1293850 200
1293860 200
1293880 200
1293900 200
1293910 200
1293920 200
1293930 200
1293940 200
1293950 200
1293980 200
1293990 200
1294000 200
1294020 200
1294040 200
1294060 200
1294110 200
1294120 200
1294150 200
1294160 200
1294170 200
1294220 200
1294230 200
1294260 200
1294280 200
1294310 200
1294320 200
1294340 200
1294350 200
1294360 200
1294380 200
1294420 200
1294450 200
1294480 200
1294500 200
1294590 200
1294620 200
1294630 200
1294650 200
1294720 200
1294740 200
1294750 200
1294760 200
1294780 200
1294810 200
1294880 200
1294910 200
1294920 200
1294940 200
1294970 200
1295000 200
1295030 200
1295070 200
1295140 200
1295210 200
1295220 200
1295230 200
1295250 200
1295260 200
1295270 200
1295280 200
1295290 200
1295320 200
1295390 200
1295420 200
1295440 200
1295480 200
1295490 200
1295500 200
1295510 200
1295560 200
1295570 200
1295630 200
1295660 200
1295670 200
1295680 200
1295700 200
1295730 200
1295740 200
1295750 200
1295760 200
1295790 200
1295810 200
1295860 200
1295870 200
1295900 200
1295910 200
1295920 200
1295990 200
1296010 200
1296180 200
1296190 200
1296200 200
1296250 200
1296260 200
1296280 200
1296290 200
1296300 200
1296340 200
1296360 200
1296370 200
1296400 200
1296410 200
1296450 200
1296470 200
1296480 200
1296490 200
1296500 200
1296510 200
1296530 200
1296540 200
1296550 200
1296560 200
1296580 200
1296610 200
1296650 200
1296660 200
1296680 200
1296700 200
1296720 200
1296770 200
1296810 200
1296830 200
1296860 200
1296880 200
1296940 200
1296970 200
1296980 200
1297000 200
1297010 200
1297030 200
1297090 200
1297160 200
1297180 200
1297190 200
1297200 200
1297210 200
1297230 200
1297240 200
1297250 200
1297270 200
1297300 200
1297320 200
1297330 200
1297340 200
1297390 200
1297430 200
1297440 200
1297470 200
1297480 200
1297490 200
1297530 200
1297540 200
1297550 200
1297560 200
1297570 200
1297640 200
1297650 200
1297660 200
1297680 200
1297710 200
1297790 200
1297800 200
1297810 200
1297820 200
1297890 200
1297900 200
1297950 200
1298000 200
1298010 200
1298020 200
1298050 200
1298080 200
1298100 200
1298130 200
1298140 200
1298170 200
1298180 200
1298200 200
1298220 200
1298260 200
1298270 200
1298280 200
1298310 200
1298320 200
1298340 200
1298360 200
1298380 200
1298390 200
1298410 200
1298420 200
1298430 200
1298470 200
1298480 200
1298500 200
1298510 200
1298520 200
1298530 200
1298540 200
1298550 200
1298600 200
1298620 200
1298640 200
1298670 200
1298680 200
1298700 200
1298740 200
1298750 200
1298770 200
1298820 200
1298830 200
1298850 200
1298880 200
1298890 200
1298950 200
1298960 200
1299000 200
1299010 200
1299030 200
1299040 200
1299060 200
1299070 200
1299120 200
1299150 200
1299170 200
1299220 200
1299230 200
1299250 200
1299260 200
1299290 200
1299320 200
1299330 200
1299340 200
1299360 200
1299370 200
1299400 200
1299410 200
1299420 200
1299430 200
1299460 200
1299480 200
1299510 200
1299520 200
1299540 200
1299580 200
1299600 200
1299620 200
1299650 200
1299660 200
1299680 200
1299690 200
1299710 200
1299720 200
1299730 200
1299750 200
1299760 200
1299790 200
1299800 200
1299810 200
1299820 200
1299840 200
1299860 200
1299880 200
1299890 200
1299930 200
1299950 200
1299960 200
1299990 200
1300000 200
1300010 200
1300050 200
1300060 200
1300100 200
1300110 200
1300140 200
1300180 200
1300190 200
1300200 200
1300260 200
1300270 200
1300310 200
1300330 200
1300350 200
1300360 200
1300370 200
1300390 200
1300430 200
1300480 200
1300490 200
1300550 200
1300560 200
1300570 200
1300580 200
1300590 200
1300600 200
1300610 200
1300620 200
1300650 200
1300670 200
1300700 200
1300720 200
1300760 200
1300790 200
1300840 200
1300860 200
1300880 200
1300890 200
1300900 200
1300910 200
1300920 200
1300940 200
1300950 200
1300960 200
1301000 200
1301010 200
1301060 200
1301100 200
1301220 200
1301230 200
1301250 200
1301260 200
1301290 200
1301310 200
1301340 200
1301370 200
1301380 200
1301390 200
1301410 200
1301430 200
1301470 200
1301480 200
1301500 200
1301520 200
1301560 200
1301580 200
1301590 200
1301620 200
1301650 200
1301700 200
1301710 200
1301720 200
1301730 200
1301770 200
1301820 200
1301830 200
1301840 200
1301850 200
1301860 200
1301880 200
1301910 200
1301930 200
1301950 200
1301980 200
1301990 200
1302000 200
1302030 200
1302050 200
1302090 200
1302110 200
1302150 200
1302160 200
1302180 200
1302190 200
1302200 200
1302220 200
1302230 200
1302240 200
1302270 200
1302290 200
1302300 200
1302310 200
1302400 200
1302420 200
1302430 200
1302440 200
1302460 200
1302470 200
1302480 200
1302490 200
1302510 200
1302530 200
1302540 200
1302550 200
1302570 200
1302590 200
1302600 200
1302610 200
1302620 200
1302700 200
1302720 200
1302730 200
1302750 200
1302760 200
1302770 200
1302780 200
1302800 200
1302820 200
1302840 200
1302850 200
1302860 200
1302910 200
1302920 200
1302930 200
1302970 200
1302990 200
1303000 200
1303010 200
1303050 200
1303090 200
1303130 200
1303140 200
1303160 200
1303170 200
1303210 200
1303260 200
1303270 200
1303280 200
1303350 200
1303370 200
1303390 200
1303400 200
1303420 200
1303440 200
1303460 200
1303470 200
1303480 200
1303550 200
1303590 200
1303620 200
1303630 200
1303640 200
1303660 200
1303670 200
1303680 200
1303720 200
1303740 200
1303760 200
1303790 200
1303820 200
1303850 200
1303860 200
1303870 200
1303930 200
1303940 200
1303950 200
1303990 200
1304050 200
1304070 200
1304090 200
1304100 200
1304120 200
1304130 200
1304160 200
1304170 200
1304220 200
1304280 200
1304290 200
1304300 200
1304310 200
1304320 200
1304340 200
1304350 200
1304360 200
1304390 200
1304400 200
1304420 200
1304430 200
1304470 200
1304490 200
1304510 200
1304520 200
1304530 200
1304550 200
1304560 200
1304580 200
1304610 200
1304620 200
1304640 200
1304660 200
1304680 200
1304690 200
1304770 200
1304780 200
1304790 200
1304800 200
1304810 200
1304850 200
1304870 200
1304910 200
1304930 200
1305050 200
1305060 200
1305080 200
1305150 200
1305180 200
1305190 200
1305220 200
1305250 200
1305270 200
1305280 200
1305300 200
1305310 200
1305320 200
1305350 200
1305370 200
1305380 200
1305390 200
1305420 200
1305430 200
1305440 200
1305450 200
1305470 200
1305490 200
1305500 200
1305530 200
1305540 200
1305570 200
1305590 200
1305610 200
1305640 200
1305660 200
1305690 200
1305720 200
1305730 200
1305760 200
1305780 200
1305820 200
1305880 200
1305890 200
1305940 200
1305960 200
1305970 200
1305990 200
1306010 200
1306020 200
1306060 200
1306110 200
1306160 200
1306180 200
1306210 200
1306240 200
1306250 200
1306260 200
1306570 200
1306580 200
1306620 200
1306630 200
1306720 200
1306750 200
1306770 200
1306780 200
1306790 200
1306840 200
1306850 200
1306860 200
1306900 200
1306910 200
1306950 200
1306970 200
1306990 200
1307070 200
1307080 200
1307090 200
1307110 200
1307150 200
1307160 200
1307180 200
1307200 200
1307220 200
1307230 200
1307240 200
1307250 200
1307270 200
1307300 200
1307310 200
1307330 200
1307370 200
1307380 200
1307450 200
1307460 200
1307480 200
1307490 200
1307530 200
1307550 200
1307560 200
1307580 200
1307610 200
1307630 200
1307640 200
1307660 200
1307670 200
1307690 200
1307710 200
1307730 200
1307740 200
1307760 200
1307780 200
1307810 200
1307850 200
1307860 200
1307870 200
1307880 200
1307890 200
1307900 200
1307960 200
1307980 200
1308040 200
1308060 200
1308130 200
1308140 200
1308150 200
1308170 200
1308220 200
1308240 200
1308250 200
1308280 200
1308350 200
1308360 200
1308410 200
1308420 200
1308450 200
1308470 200
1308500 200
1308510 200
1308520 200
1308540 200
1308550 200
1308560 200
1308570 200
1308630 200
1308660 200
1308700 200
1308740 200
1308750 200
1308760 200
1308770 200
1308780 200
1308790 200
1308800 200
1308840 200
1308870 200
1308880 200
1308920 200
1308940 200
1308950 200
1308960 200
1308980 200
1309000 200
1309040 200
1309080 200
1309090 200
1309130 200
1309140 200
1309170 200
1309200 200
1309280 200
1309290 200
1309300 200
1309340 200
1309350 200
1309430 200
1309440 200
1309460 200
1309510 200
1309550 200
1309590 200
1309610 200
1309620 200
1309680 200
1309700 200
1309710 200
1309720 200
1309730 200
1309760 200
1309780 200
1309820 200
1309850 200
1309860 200
1309870 200
1309890 200
1309910 200
1309940 200
1309950 200
1309980 200
1309990 200
1310050 200
1310080 200
1310120 200
1310150 200
1310210 200
1310230 200
1310270 200
1310330 200
1310350 200
1310390 200
1310410 200
1310470 200
1310480 200
1310500 200
1310510 200
1310590 200
1310620 200
1310650 200
1310690 200
1310740 200
1310770 200
1310790 200
1310840 200
1310910 200
1310950 200
1310970 200
1310990 200
1311070 200
1311080 200
1311140 200
1311150 200
1311160 200
1311190 200
1311210 200
1311220 200
1311240 200
1311250 200
1311310 200
1311320 200
1311400 200
1311440 200
1311460 200
1311510 200
1311540 200
1311560 200
1311570 200
1311610 200
1311640 200
1311650 200
1311660 200
1311670 200
1311690 200
1311700 200
1311710 200
1311740 200
1311770 200
1311780 200
1311800 200
1311830 200
1311930 200
1311960 200
1311990 200
1312000 200
1312050 200
1312060 200
1312070 200
1312080 200
1312160 200
1312190 200
1312210 200
1312230 200
1312240 200
1312250 200
1312270 200
1312290 200
1312310 200
1312380 200
1312420 200
1312450 200
1312470 200
1312480 200
1312490 200
1312510 200
1312540 200
1312570 200
1312660 200
1312740 200
1312760 200
1312780 200
1312880 200
1312900 200
1312950 200
1312960 200
1312990 200
1313050 200
1313090 200
1313110 200
1313120 200
1313140 200
1313150 200
1313200 200
1313210 200
1313230 200
1313290 200
1313310 200
1313330 200
1313340 200
1313350 200
1313360 200
1313400 200
1313470 200
1313490 200
1313530 200
1313580 200
1313600 200
1313630 200
1313640 200
1313700 200
1313730 200
1313810 200
1313870 200
1313880 200
1313940 200
1313960 200
1313970 200
1314000 200
1314010 200
1314040 200
1314090 200
1314140 200
1314170 200
1314190 200
1314230 200
1314270 200
1314290 200
1314300 200
1314410 200
1314460 200
1314480 200
1314500 200
1314540 200
1314590 200
1314600 200
1314620 200
1314630 200
1314670 200
1314680 200
1314690 200
1314770 200
1314820 200
1314840 200
1314870 200
1314880 200
1314930 200
1314970 200
1314980 200
1315000 200
1315040 200
1315070 200
1315100 200
1315120 200
1315130 200
1315160 200
1315180 200
1315200 200
1315210 200
1315220 200
1315240 200
1315250 200
1315270 200
1315320 200
1315360 200
1315370 200
1315390 200
1315410 200
1315610 200
1315620 200
1315630 200
1315650 200
1315660 200
1315670 200
1315680 200
1315710 200
1315780 200
1315810 200
1315840 200
1315860 200
1315890 200
1315900 200
1315910 200
1315920 200
1315980 200
1316000 200
1316050 200
1316060 200
1316100 200
1316130 200
1316150 200
1316160 200
1316200 200
1316220 200
1316230 200
1316280 200
1316290 200
1316310 200
1316330 200
1316380 200
1316390 200
1316440 200
1316520 200
1316530 200
1316560 200
1316570 200
1316640 200
1316680 200
1316700 200
1316720 200
1316740 200
1316760 200
1316770 200
1316800 200
1316830 200
1316870 200
1316910 200
1316950 200
1316970 200
1317020 200
1317070 200
1317120 200
1317240 200
1317270 200
1317310 200
1317360 200
1317500 200
1317800 200
1317850 200
1317950 200
1318000 200
1318020 200
1318060 200
1318090 200
1318110 200
1318130 200
1318140 200
1318150 200
1318180 200
1318190 200
1318210 200
1318240 200
1318260 200
1318280 200
1318420 200
1318450 200
1318480 200
1318520 200
1318530 200
1318550 200
1318560 200
1318610 200
1318690 200
1318700 200
1318730 200
1318740 200
1318750 200
1318790 200
1318800 200
1318820 200
1318840 200
1318870 200
1318940 200
1318970 200
1318980 200
1318990 200
1319060 200
1319100 200
1319160 200
1319210 200
1319220 200
1319270 200
1319290 200
1319310 200
1319320 200
1319400 200
1319420 200
1319430 200
1319460 200
1319480 200
1319530 200
1319550 200
1319570 200
1319690 200
1319720 200
1319790 200
1319850 200
1319880 200
1319950 200
1319990 200
1320000 200
1320030 200
1320060 200
1320100 200
1320110 200
1320140 200
1320150 200
1320170 200
1320230 200
1320240 200
1320260 200
1320400 200
1320430 200
1320440 200
1320490 200
1320500 200
1320510 200
1320520 200
1320530 200
1320550 200
1320710 200
1320810 200
1320830 200
1320940 200
1320950 200
1320990 200
1321010 200
1321030 200
1321040 200
1321070 200
1321080 200
1321110 200
1321120 200
1321160 200
1321220 200
1321230 200
1321270 200
1321350 200
1321400 200
1321440 200
1321450 200
1321520 200
1321590 200
1321630 200
1321650 200
1321680 200
1321840 200
1321870 200
1321890 200
1321920 200
1322010 200
1322080 200
1322090 200
1322100 200
1322170 200
1322180 200
1322260 200
1322270 200
1322280 200
1322290 200
1322300 200
1322370 200
1322490 200
1322520 200
1322540 200
1322550 200
1322580 200
1322600 200
1322650 200
1322730 200
1322740 200
1322830 200
1323000 200
1323060 200
1323080 200
1323140 200
1323190 200
1323200 200
1323220 200
1323350 200
1323370 200
1323410 200
1323420 200
1323470 200
1323490 200
1323540 200
1323600 200
1323610 200
1323620 200
1323710 200
1323770 200
1323800 200
1323830 200
1323860 200
1323870 200
1323880 200
1323900 200
1323910 200
1323930 200
1323950 200
1324010 200
1324030 200
1324040 200
1324070 200
1324130 200
1324150 200
1324270 200
1324320 200
1324340 200
1324350 200
1324360 200
1324400 200
1324410 200
1324420 200
1324490 200
1324510 200
1324530 200
1324540 200
1324560 200
1324630 200
1324710 200
1324720 200
1324730 200
1324760 200
1324780 200
1324830 200
1324840 200
1324860 200
1324870 200
1324980 200
1325000 200
1325030 200
1325040 200
1325080 200
1325200 200
1325220 200
1325230 200
1325260 200
1325270 200
1325310 200
1325340 200
1325370 200
1325380 200
1325420 200
1325430 200
1325470 200
1325520 200
1325580 200
1325800 200
1325870 200
1325890 200
1325900 200
1325910 200
1325960 200
1325970 200
1326000 200
1326080 200
1326110 200
1326170 200
1326220 200
1326270 200
1326290 200
1326330 200
1326470 200
1326660 200
1326760 200
1326870 200
1326920 200
1326930 200
1327020 200
1327040 200
1327080 200
1327090 200
1327100 200
1327200 200
1327260 200
1327310 200
1327370 200
1327390 200
1327430 200
1327440 200
1327450 200
1327540 200
1327600 200
1327640 200
1327720 200
1327810 200
1327820 200
1327870 200
1327920 200
1327970 200
1328000 200
1328050 200
1328220 200
1328350 200
1328400 200
1328410 200
1328430 200
1328460 200
1328470 200
1328490 200
1328500 200
1328510 200
1328530 200
1328540 200
1328560 200
1328570 200
1328590 200
1328620 200
1328660 200
1328670 200
1328710 200
1328720 200
1328750 200
1328760 200
1328780 200
1328810 200
1328830 200
1328840 200
1328850 200
1328870 200
1328890 200
1328900 200
1328910 200
1328920 200
1328930 200
1328990 200
1329000 200
1329030 200
1329080 200
1329110 200
1329130 200
1329170 200
1329180 200
1329190 200
1329210 200
1329240 200
1329280 200
1329320 200
1329350 200
1329360 200
1329390 200
1329400 200
1329410 200
1329420 200
1329430 200
1329440 200
1329450 200
1329460 200
1329470 200
1329480 200
1329490 200
1329500 200
1329510 200
1329530 200
1329540 200
1329600 200
1329630 200
1329790 200
1329800 200
1329810 200
1329830 200
1329850 200
1329880 200
1329990 200
1330000 200
1330010 200
1330080 200
1330100 200
1330120 200
1330140 200
1330160 200
1330170 200
1330180 200
1330190 200
1330250 200
1330270 200
1330290 200
1330300 200
1330330 200
1330360 200
1330370 200
1330390 200
1330400 200
1330430 200
1330460 200
1330470 200
1330500 200
1330550 200
1330560 200
1330570 200
1330620 200
1330630 200
1330660 200
1330670 200
1330690 200
1330710 200
1330730 200
1330760 200
1330770 200
1330790 200
1330800 200
1330820 200
1330830 200
1330850 200
1330890 200
1330920 200
1330930 200
1330940 200
1330960 200
1330990 200
1331030 200
1331040 200
1331060 200
1331070 200
1331080 200
1331090 200
1331120 200
1331170 200
1331180 200
1331210 200
1331240 200
1331290 200
1331310 200
1331330 200
1331340 200
1331370 200
1331390 200
1331400 200
1331410 200
1331420 200
1331460 200
1331470 200
1331480 200
1331510 200
1331530 200
1331540 200
1331550 200
1331560 200
1331570 200
1331590 200
1331600 200
1331610 200
1331620 200
1331650 200
1331660 200
1331670 200
1331710 200
1331860 200
1331870 200
1331880 200
1331900 200
1331910 200
1332010 200
1332040 200
1332090 200
1332100 200
1332120 200
1332180 200
1332190 200
1332200 200
1332210 200
1332220 200
1332250 200
1332260 200
1332280 200
1332290 200
1332310 200
1332340 200
1332360 200
1332370 200
1332380 200
1332430 200
1332440 200
1332450 200
1332460 200
1332470 200
1332490 200
1332540 200
1332570 200
1332590 200
1332620 200
1332630 200
1332660 200
1332670 200
1332690 200
1332720 200
1332730 200
1332760 200
1332780 200
1332790 200
1332800 200
1332820 200
1332830 200
1332840 200
1332860 200
1332890 200
1332940 200
1332950 200
1332970 200
1332990 200
1333020 200
1333030 200
1333050 200
1333080 200
1333090 200
1333100 200
1333110 200
1333120 200
1333130 200
1333150 200
1333160 200
1333190 200
1333200 200
1333270 200
1333280 200
1333300 200
1333330 200
1333340 200
1333350 200
1333360 200
1333380 200
1333410 200
1333420 200
1333430 200
1333460 200
1333470 200
1333480 200
1333490 200
1333500 200
1333530 200
1333540 200
1333560 200
1333590 200
1333620 200
1333650 200
1333700 200
1333720 200
1333800 200
1333810 200
1333840 200
1333860 200
1333870 200
1333890 200
1333900 200
1333910 200
1333920 200
1333930 200
1333940 200
1333950 200
1333980 200
1333990 200
1334000 200
1334010 200
1334020 200
1334040 200
1334050 200
1334070 200
1334080 200
1334110 200
1334120 200
1334150 200
1334170 200
1334200 200
1334230 200
1334240 200
1334280 200
1334290 200
1334300 200
1334310 200
1334330 200
1334360 200
1334420 200
1334440 200
1334500 200
1334510 200
1334530 200
1334560 200
1334570 200
1334580 200
1334590 200
1334610 200
1334620 200
1334630 200
1334650 200
1334700 200
1334730 200
1334780 200
1334800 200
1334830 200
1334840 200
1334910 200
1334960 200
1334970 200
1334980 200
1335020 200
1335030 200
1335200 200
1335230 200
1335240 200
1335270 200
1335300 200
1335340 200
1335350 200
1335360 200
1335370 200
1335400 200
1335410 200
1335440 200
1335480 200
1335500 200
1335510 200
1335520 200
1335530 200
1335560 200
1335580 200
1335610 200
1335630 200
1335680 200
1335700 200
1335780 200
1335790 200
1335810 200
1335820 200
1335830 200
1335880 200
1335890 200
1335910 200
1335940 200
1335970 200
1336020 200
1336040 200
1336060 200
1336070 200
1336090 200
1336100 200
1336120 200
1336130 200
1336150 200
1336160 200
1336170 200
1336180 200
1336210 200
1336230 200
1336290 200
1336340 200
1336380 200
1336400 200
1336420 200
1336430 200
1336440 200
1336450 200
1336460 200
1336490 200
1336560 200
1336570 200
1336590 200
1336600 200
1336620 200
1336680 200
1336690 200
1336700 200
1336790 200
1336800 200
1336830 200
1336840 200
1336880 200
1336910 200
1336940 200
1336950 200
1336960 200
1336970 200
1336980 200
1337000 200
1337010 200
1337020 200
1337030 200
1337070 200
1337080 200
1337170 200
1337200 200
1337210 200
1337250 200
1337260 200
1337270 200
1337280 200
1337300 200
1337410 200
1337430 200
1337520 200
1337530 200
1337590 200
1337600 200
1337610 200
1337640 200
1337650 200
1337660 200
1337710 200
1337720 200
1337760 200
1337780 200
1337810 200
1337820 200
1337840 200
1337870 200
1337880 200
1337890 200
1337910 200
1337920 200
1337930 200
1338020 200
1338030 200
1338090 200
1338100 200
1338130 200
1338140 200
1338160 200
1338180 200
1338220 200
1338250 200
1338320 200
1338330 200
1338360 200
1338390 200
1338410 200
1338420 200
1338430 200
1338460 200
1338490 200
1338520 200
1338560 200
1338570 200
1338580 200
1338620 200
1338640 200
1338660 200
1338730 200
1338770 200
1338780 200
1338790 200
1338820 200
1338830 200
1338840 200
1338920 200
1338930 200
1338940 200
1338950 200
1338980 200
1339000 200
1339030 200
1339080 200
1339170 200
1339180 200
1339200 200
1339220 200
1339260 200
1339290 200
1339310 200
1339330 200
1339340 200
1339360 200
1339370 200
1339380 200
1339410 200
1339420 200
1339450 200
1339460 200
1339490 200
1339530 200
1339550 200
1339560 200
1339580 200
1339590 200
1339620 200
1339640 200
1339650 200
1339670 200
1339750 200
1339790 200
1339800 200
1339820 200
1339850 200
1339860 200
1339870 200
1339890 200
1339900 200
1339920 200
1339960 200
1340020 200
1340050 200
1340080 200
1340120 200
1340130 200
1340140 200
1340180 200
1340210 200
1340240 200
1340260 200
1340300 200
1340310 200
1340320 200
1340330 200
1340360 200
1340380 200
1340400 200
1340410 200
1340420 200
1340440 200
1340470 200
1340480 200
1340490 200
1340500 200
1340520 200
1340530 200
1340540 200
1340570 200
1340600 200
1340640 200
1340690 200
1340720 200
1340730 200
1340740 200
1340760 200
1340770 200
1340810 200
1340820 200
1340850 200
1340860 200
1340870 200
1340890 200
1340910 200
1340920 200
1340950 200
1340980 200
1340990 200
1341050 200
1341080 200
1341090 200
1341100 200
1341120 200
1341140 200
1341160 200
1341170 200
1341190 200
1341200 200
1341210 200
1341220 200
1341240 200
1341250 200
1341270 200
1341280 200
1341290 200
1341300 200
1341310 200
1341330 200
1341340 200
1341400 200
1341430 200
1341440 200
1341450 200
1341460 200
1341470 200
1341490 200
1341500 200
1341550 200
1341570 200
1341620 200
1341630 200
1341640 200
1341650 200
1341660 200
1341710 200
1341720 200
1341740 200
1341760 200
1341780 200
1341820 200
1341830 200
1341890 200
1341900 200
1341930 200
1341960 200
1341980 200
1342020 200
1342040 200
1342050 200
1342060 200
1342070 200
1342080 200
1342090 200
1342100 200
1342110 200
1342120 200
1342130 200
1342150 200
1342180 200
1342220 200
1342260 200
1342270 200
1342290 200
1342330 200
1342340 200
1342360 200
1342400 200
1342410 200
1342480 200
1342490 200
1342500 200
1342520 200
1342540 200
1342550 200
1342560 200
1342600 200
1342620 200
1342630 200
1342640 200
1342660 200
1342690 200
1342730 200
1342740 200
1342750 200
1342770 200
1342790 200
1342810 200
1342850 200
1342890 200
1342900 200
1342910 200
1342940 200
1343010 200
1343040 200
1343050 200
1343060 200
1343070 200
1343090 200
1343100 200
1343110 200
1343140 200
1343150 200
1343220 200
1343230 200
1343240 200
1343260 200
1343310 200
1343330 200
1343340 200
1343350 200
1343370 200
1343390 200
1343400 200
1343410 200
1343450 200
1343460 200
1343480 200
1343510 200
1343520 200
1343550 200
1343580 200
1343620 200
1343640 200
1343660 200
1343670 200
1343680 200
1343690 200
1343700 200
1343750 200
1343810 200
1343830 200
1343850 200
1343920 200
1343950 200
1343970 200
1343990 200
1344070 200
1344110 200
1344120 200
1344140 200
1344170 200
1344210 200
1344340 200
1344350 200
1344420 200
1344430 200
1344440 200
1344450 200
1344520 200
1344530 200
1344550 200
1344570 200
1344630 200
1344660 200
1344690 200
1344730 200
1344740 200
1344780 200
1344790 200
1344800 200
1344810 200
1344820 200
1344840 200
1344860 200
1344880 200
1344890 200
1344900 200
1344930 200
1344950 200
1344970 200
1344980 200
1344990 200
1345030 200
1345040 200
1345050 200
1345080 200
1345120 200
1345140 200
1345150 200
1345180 200
1345190 200
1345200 200
1345220 200
1345240 200
1345270 200
1345280 200
1345300 200
1345320 200
1345340 200
1345350 200
1345360 200
1345370 200
1345380 200
1345390 200
1345400 200
1345430 200
1345440 200
1345450 200
1345470 200
1345520 200
1345720 200
1345740 200
1345750 200
1345760 200
1345770 200
1345780 200
1345810 200
1345820 200
1345830 200
1345850 200
1345860 200
1345870 200
1345890 200
1345910 200
1345940 200
1345950 200
1346010 200
1346020 200
1346030 200
1346100 200
1346110 200
1346120 200
1346170 200
1346210 200
1346220 200
1346240 200
1346250 200
1346260 200
1346270 200
1346280 200
1346290 200
1346300 200
1346310 200
1346320 200
1346330 200
1346350 200
1346360 200
1346390 200
1346400 200
1346420 200
1346460 200
1346480 200
1346550 200
1346600 200
1346620 200
1346630 200
1346660 200
1346700 200
1346720 200
1346740 200
1346770 200
1346790 200
1346800 200
1346830 200
1346840 200
1346850 200
1346860 200
1346870 200
1346890 200
1346960 200
1346970 200
1346980 200
1347010 200
1347030 200
1347070 200
1347080 200
1347110 200
1347130 200
1347140 200
1347170 200
1347230 200
1347250 200
1347290 200
1347310 200
1347350 200
1347360 200
1347390 200
1347420 200
1347450 200
1347460 200
1347490 200
1347540 200
1347550 200
1347560 200
1347580 200
1347590 200
1347600 200
1347630 200
1347690 200
1347700 200
1347710 200
1347760 200
1347780 200
1347800 200
1347870 200
1347880 200
1347950 200
1347960 200
1347970 200
1348020 200
1348030 200
1348040 200
1348060 200
1348160 200
1348180 200
1348220 200
1348240 200
1348250 200
1348260 200
1348270 200
1348300 200
1348330 200
1348380 200
1348390 200
1348400 200
1348430 200
1348510 200
1348520 200
1348600 200
1348640 200
1348680 200
1348690 200
1348700 200
1348750 200
1348770 200
1348800 200
1348810 200
1348920 200
1348930 200
1348960 200
1348970 200
1348980 200
1348990 200
1349000 200
1349030 200
1349040 200
1349060 200
1349070 200
1349100 200
1349120 200
1349130 200
1349140 200
1349170 200
1349230 200
1349290 200
1349300 200
1349310 200
1349320 200
1349340 200
1349390 200
1349420 200
1349460 200
1349540 200
1349600 200
1349620 200
1349640 200
1349670 200
1349680 200
1349720 200
1349730 200
1349740 200
1349760 200
1349790 200
1349820 200
1349830 200
1349850 200
1349860 200
1349890 200
1349900 200
1349910 200
1349920 200
1349930 200
1349940 200
1349960 200
1349970 200
1350010 200
1350030 200
1350050 200
1350060 200
1350080 200
1350100 200
1350120 200
1350170 200
1350200 200
1350250 200
1350280 200
1350300 200
1350310 200
1350340 200
1350350 200
1350370 200
1350390 200
1350430 200
1350440 200
1350470 200
1350480 200
1350500 200
1350540 200
1350560 200
1350570 200
1350580 200
1350590 200
1350610 200
1350630 200
1350650 200
1350690 200
1350710 200
1350720 200
1350780 200
1350820 200
1350830 200
1350840 200
1350850 200
1350860 200
1350920 200
1351000 200
1351070 200
1351080 200
1351120 200
1351140 200
1351170 200
1351180 200
1351200 200
1351210 200
1351220 200
1351240 200
1351250 200
1351290 200
1351300 200
1351310 200
1351350 200
1351360 200
1351370 200
1351380 200
1351400 200
1351440 200
1351450 200
1351480 200
1351500 200
1351510 200
1351550 200
1351560 200
1351610 200
1351630 200
1351650 200
1351670 200
1351710 200
1351720 200
1351780 200
1351820 200
1351830 200
1351840 200
1351870 200
1351880 200
1351900 200
1351950 200
1351960 200
1351970 200
1351980 200
1352020 200
1352080 200
1352120 200
1352130 200
1352140 200
1352180 200
1352200 200
1352230 200
1352270 200
1352280 200
1352290 200
1352300 200
1352330 200
1352340 200
1352440 200
1352450 200
1352470 200
1352510 200
1352520 200
1352530 200
1352540 200
1352560 200
1352590 200
1352650 200
1352660 200
1352670 200
1352680 200
1352690 200
1352700 200
1352730 200
1352740 200
1352760 200
1352770 200
1352830 200
1352840 200
1352850 200
1352870 200
1352890 200
1352910 200
1352930 200
1353030 200
1353040 200
1353050 200
1353130 200
1353140 200
1353150 200
1353160 200
1353200 200
1353210 200
1353230 200
1353250 200
1353270 200
1353300 200
1353310 200
1353330 200
1353350 200
1353370 200
1353450 200
1353470 200
1353550 200
1353560 200
1353650 200
1353660 200
1353670 200
1353680 200
1353690 200
1353730 200
1353830 200
1353900 200
1353910 200
1353920 200
1353950 200
1354000 200
1354020 200
1354060 200
1354070 200
1354100 200
1354180 200
1354230 200
1354240 200
1354260 200
1354270 200
1354300 200
1354370 200
1354420 200
1354450 200
1354460 200
1354520 200
1354530 200
1354540 200
1354570 200
1354580 200
1354590 200
1354690 200
1354750 200
1354760 200
1354770 200
1354800 200
1354830 200
1354850 200
1354910 200
1354940 200
1354970 200
1354980 200
1354990 200
1355000 200
1355010 200
1355020 200
1355050 200
1355060 200
1355070 200
1355090 200
1355100 200
1355140 200
1355160 200
1355200 200
1355210 200
1355240 200
1355250 200
1355290 200
1355310 200
1355360 200
1355370 200
1355390 200
1355400 200
1355410 200
1355420 200
1355430 200
1355440 200
1355450 200
1355470 200
1355500 200
1355510 200
1355560 200
1355570 200
1355580 200
1355590 200
1355610 200
1355620 200
1355630 200
1355650 200
1355680 200
1355720 200
1355770 200
1355780 200
1355790 200
1355810 200
1355820 200
1355830 200
1355880 200
1355900 200
1355910 200
1355930 200
1355960 200
1355980 200
1356030 200
1356040 200
1356070 200
1356080 200
1356120 200
1356140 200
1356160 200
1356180 200
1356190 200
1356240 200
1356250 200
1356260 200
1356280 200
1356300 200
1356360 200
1356380 200
1356440 200
1356460 200
1356480 200
1356530 200
1356580 200
1356610 200
1356640 200
1356670 200
1356680 200
1356710 200
1356760 200
1356790 200
1356800 200
1356810 200
1356830 200
1356840 200
1356860 200
1356870 200
1356940 200
1356950 200
1356970 200
1357000 200
1357020 200
1357090 200
1357120 200
1357150 200
1357190 200
1357200 200
1357210 200
1357220 200
1357230 200
1357270 200
1357280 200
1357320 200
1357390 200
1357400 200
1357410 200
1357430 200
1357490 200
1357520 200
1357540 200
1357550 200
1357570 200
1357580 200
1357590 200
1357610 200
1357640 200
1357670 200
1357680 200
1357700 200
1357710 200
1357750 200
1357830 200
1357840 200
1357860 200
1357870 200
1357890 200
1357930 200
1357960 200
1357990 200
1358000 200
1358010 200
1358020 200
1358030 200
1358050 200
1358090 200
1358100 200
1358110 200
1358120 200
1358140 200
1358150 200
1358180 200
1358250 200
1358260 200
1358270 200
1358320 200
1358360 200
1358370 200
1358430 200
1358440 200
1358490 200
1358510 200
1358530 200
1358540 200
1358560 200
1358590 200
1358610 200
1358630 200
1358640 200
1358650 200
1358660 200
1358700 200
1358710 200
1358730 200
1358750 200
1358760 200
1358770 200
1358780 200
1358790 200
1358810 200
1358830 200
1358840 200
1358880 200
1358900 200
1358930 200
1358940 200
1358970 200
1358990 200
1359000 200
1359020 200
1359090 200
1359110 200
1359120 200
1359160 200
1359170 200
1359240 200
1359250 200
1359260 200
1359270 200
1359280 200
1359300 200
1359310 200
1359340 200
1359380 200
1359400 200
1359430 200
1359440 200
1359450 200
1359470 200
1359630 200
1359640 200
1359650 200
1359720 200
1359730 200
1359760 200
1359800 200
1359820 200
1359840 200
1359850 200
1359890 200
1359900 200
1359910 200
1359920 200
1359950 200
1359970 200
1359980 200
1359990 200
1360000 200
1360040 200
1360080 200
1360130 200
1360140 200
1360150 200
1360160 200
1360190 200
1360210 200
1360220 200
1360250 200
1360260 200
1360270 200
1360280 200
1360290 200
1360360 200
1360380 200
1360390 200
1360430 200
1360440 200
1360480 200
1360490 200
1360500 200
1360520 200
1360530 200
1360550 200
1360560 200
1360570 200
1360580 200
1360600 200
1360620 200
1360660 200
1360670 200
1360700 200
1360720 200
1360760 200
1360780 200
1360790 200
1360810 200
1360820 200
1360850 200
1360870 200
1360880 200
1360890 200
1360900 200
1360960 200
1360980 200
1361000 200
1361010 200
1361020 200
1361050 200
1361060 200
1361070 200
1361090 200
1361100 200
1361110 200
1361120 200
1361150 200
1361180 200
1361190 200
1361200 200
1361210 200
1361230 200
1361240 200
1361260 200
1361270 200
1361300 200
1361320 200
1361330 200
1361350 200
1361360 200
1361390 200
1361400 200
1361430 200
1361440 200
1361460 200
1361470 200
1361480 200
1361490 200
1361500 200
1361510 200
1361520 200
1361540 200
1361580 200
1361610 200
1361630 200
1361660 200
1361670 200
1361680 200
1361690 200
1361700 200
1361720 200
1361740 200
1361750 200
1361760 200
1361810 200
1361840 200
1361860 200
1361870 200
1361900 200
1361920 200
1361950 200
1361970 200
1361980 200
1361990 200
1362000 200
1362010 200
1362040 200
1362070 200
1362130 200
1362190 200
1362260 200
1362270 200
1362290 200
1362300 200
1362310 200
1362340 200
1362350 200
1362390 200
1362400 200
1362420 200
1362430 200
1362440 200
1362460 200
1362470 200
1362480 200
1362510 200
1362520 200
1362550 200
1362560 200
1362580 200
1362620 200
1362650 200
1362670 200
1362690 200
1362700 200
1362720 200
1362750 200
1362760 200
1362780 200
1362830 200
1362840 200
1362850 200
1362860 200
1362890 200
1362910 200
1362940 200
1362960 200
1362980 200
1362990 200
1363020 200
1363040 200
1363080 200
1363090 200
1363120 200
1363140 200
1363160 200
1363170 200
1363200 200
1363210 200
1363230 200
1363270 200
1363290 200
1363310 200
1363350 200
1363360 200
1363380 200
1363390 200
1363400 200
1363430 200
1363490 200
1363560 200
1363600 200
1363620 200
1363660 200
1363680 200
1363690 200
1363730 200
1363740 200
1363770 200
1363780 200
1363790 200
1363810 200
1363840 200
1363850 200
1363860 200
1363900 200
1363940 200
1363960 200
1363980 200
1364010 200
1364090 200
1364100 200
1364130 200
1364150 200
1364160 200
1364170 200
1364180 200
1364210 200
1364230 200
1364240 200
1364290 200
1364330 200
1364340 200
1364350 200
1364360 200
1364380 200
1364400 200
1364430 200
1364450 200
1364490 200
1364500 200
1364510 200
1364570 200
1364580 200
1364610 200
1364620 200
1364690 200
1364710 200
1364730 200
1364740 200
1364750 200
1364760 200
1364780 200
1364800 200
1364830 200
1364940 200
1364960 200
1364980 200
1365010 200
1365030 200
1365140 200
1365380 200
1365390 200
1365400 200
1365410 200
1365490 200
1365500 200
1365510 200
1365530 200
1365540 200
1365550 200
1365590 200
1365600 200
1365620 200
1365630 200
1365680 200
1365700 200
1365720 200
1365730 200
1365750 200
1365780 200
1365800 200
1365810 200
1365900 200
1365930 200
1365950 200
1366000 200
1366010 200
1366040 200
1366060 200
1366070 200
1366100 200
1366110 200
1366130 200
1366150 200
1366160 200
1366180 200
1366200 200
1366230 200
1366240 200
1366260 200
1366270 200
1366280 200
1366290 200
1366310 200
1366320 200
1366390 200
1366420 200
1366510 200
1366520 200
1366530 200
1366540 200
1366550 200
1366560 200
1366570 200
1366590 200
1366610 200
1366650 200
1366680 200
1366700 200
1366710 200
1366720 200
1366730 200
1366740 200
1366760 200
1366770 200
1366810 200
1366830 200
1366850 200
1366930 200
1366940 200
1366960 200
1366970 200
1366980 200
1367040 200
1367050 200
1367080 200
1367090 200
1367110 200
1367130 200
1367160 200
1367170 200
1367190 200
1367220 200
1367230 200
1367240 200
1367250 200
1367270 200
1367300 200
1367320 200
1367330 200
1367340 200
1367350 200
1367360 200
1367380 200
1367420 200
1367430 200
1367460 200
1367490 200
1367520 200
1367530 200
1367550 200
1367580 200
1367590 200
1367620 200
1367680 200
1367690 200
1367710 200
1367720 200
1367730 200
1367770 200
1367780 200
1367860 200
1367880 200
1367940 200
1367950 200
1367960 200
1367970 200
1367980 200
1368000 200
1368010 200
1368030 200
1368040 200
1368050 200
1368060 200
1368120 200
1368130 200
1368160 200
1368180 200
1368230 200
1368240 200
1368260 200
1368330 200
1368340 200
1368350 200
1368400 200
1368410 200
1368420 200
1368480 200
1368540 200
1368560 200
1368580 200
1368620 200
1368640 200
1368670 200
1368690 200
1368700 200
1368750 200
1368770 200
1368780 200
1368820 200
1368830 200
1368850 200
1368860 200
1368870 200
1368880 200
1368890 200
1368960 200
1368970 200
1369050 200
1369090 200
1369320 200
1369340 200
1369350 200
1369370 200
1369390 200
1369400 200
1369410 200
1369420 200
1369430 200
1369470 200
1369480 200
1369510 200
1369520 200
1369560 200
1369570 200
1369580 200
1369610 200
1369630 200
1369670 200
1369690 200
1369700 200
1369720 200
1369730 200
1369740 200
1369760 200
1369770 200
1369780 200
1369790 200
1369800 200
1369830 200
1369950 200
1369970 200
1369980 200
1369990 200
1370000 200
1370040 200
1370050 200
1370060 200
1370110 200
1370120 200
1370130 200
1370140 200
1370170 200
1370180 200
1370220 200
1370250 200
1370300 200
1370310 200
1370370 200
1370390 200
1370400 200
1370410 200
1370430 200
1370470 200
1370510 200
1370550 200
1370560 200
1370570 200
1370580 200
1370600 200
1370610 200
1370620 200
1370630 200
1370640 200
1370660 200
1370680 200
1370690 200
1370710 200
1370720 200
1370770 200
1370820 200
1370830 200
1370840 200
1370850 200
1370940 200
1370950 200
1370960 200
1370970 200
1370980 200
1371000 200
1371040 200
1371050 200
1371090 200
1371110 200
1371120 200
1371160 200
1371170 200
1371180 200
1371210 200
1371220 200
1371230 200
1371270 200
1371280 200
1371300 200
1371320 200
1371330 200
1371340 200
1371350 200
1371380 200
1371460 200
1371470 200
1371500 200
1371510 200
1371540 200
1371550 200
1371560 200
1371570 200
1371580 200
1371600 200
1371610 200
1371620 200
1371630 200
1371640 200
1371660 200
1371690 200
1371700 200
1371710 200
1371720 200
1371730 200
1371740 200
1371750 200
1371760 200
1371770 200
1371780 200
1371790 200
1371800 200
1371810 200
1371860 200
1371880 200
1371900 200
1371910 200
1371930 200
1371940 200
1371980 200
1372000 200
1372010 200
1372090 200
1372110 200
1372120 200
1372150 200
1372180 200
1372210 200
1372260 200
1372270 200
1372280 200
1372300 200
1372310 200
1372320 200
1372350 200
1372370 200
1372380 200
1372390 200
1372410 200
1372430 200
1372450 200
1372460 200
1372470 200
1372480 200
1372530 200
1372550 200
1372560 200
1372570 200
1372630 200
1372640 200
1372650 200
1372660 200
1372670 200
1372700 200
1372730 200
1372800 200
1372810 200
1372820 200
1372830 200
1372840 200
1372870 200
1372910 200
1372940 200
1372990 200
1373020 200
1373080 200
1373090 200
1373100 200
1373110 200
1373170 200
1373180 200
1373230 200
1373240 200
1373250 200
1373260 200
1373280 200
1373310 200
1373320 200
1373350 200
1373380 200
1373390 200
1373400 200
1373410 200
1373420 200
1373430 200
1373440 200
1373450 200
1373460 200
1373470 200
1373500 200
1373510 200
1373530 200
1373550 200
1373560 200
1373580 200
1373600 200
1373620 200
1373630 200
1373670 200
1373680 200
1373700 200
1373710 200
1373740 200
1373750 200
1373760 200
1373770 200
1373780 200
1373810 200
1373830 200
1373850 200
1373880 200
1373890 200
1373910 200
1373920 200
1373930 200
1373950 200
1373960 200
1373980 200
1373990 200
1374010 200
1374040 200
1374050 200
1374090 200
1374170 200
1374200 200
1374220 200
1374230 200
1374260 200
1374280 200
1374290 200
1374320 200
1374330 200
1374350 200
1374370 200
1374390 200
1374400 200
1374410 200
1374430 200
1374440 200
1374460 200
1374470 200
1374480 200
1374490 200
1374500 200
1374580 200
1374590 200
1374600 200
1374630 200
1374640 200
1374680 200
1374700 200
1374740 200
1374750 200
1374810 200
1374820 200
1374840 200
1374850 200
1374860 200
1374890 200
1374920 200
1374930 200
1374940 200
1374950 200
1374960 200
1374970 200
1374990 200
1375000 200
1375020 200
1375030 200
1375040 200
1375070 200
1375090 200
1375120 200
1375140 200
1375160 200
1375220 200
1375230 200
1375260 200
1375270 200
1375280 200
1375290 200
1375300 200
1375400 200
1375420 200
1375440 200
1375450 200
1375460 200
1375480 200
1375510 200
1375520 200
1375530 200
1375540 200
1375560 200
1375630 200
1375640 200
1375650 200
1375670 200
1375690 200
1375750 200
1375760 200
1375780 200
1375790 200
1375800 200
1375810 200
1375820 200
1375850 200
1375860 200
1375870 200
1375880 200
1375890 200
1375900 200
1375920 200
1375930 200
1375940 200
1375950 200
1375970 200
1376010 200
1376020 200
1376030 200
1376040 200
1376060 200
1376070 200
1376090 200
1376110 200
1376140 200
1376150 200
1376180 200
1376200 200
1376270 200
1376290 200
1376300 200
1376320 200
1376340 200
1376350 200
1376360 200
1376370 200
1376390 200
1376420 200
1376470 200
1376480 200
1376520 200
1376550 200
1376580 200
1376590 200
1376630 200
1376640 200
1376690 200
1376730 200
1376760 200
1376790 200
1376800 200
1376830 200
1376840 200
1376870 200
1376880 200
1376890 200
1376910 200
1376940 200
1376950 200
1376960 200
1377010 200
1377030 200
1377050 200
1377060 200
1377110 200
1377120 200
1377140 200
1377150 200
1377160 200
1377200 200
1377240 200
1377260 200
1377280 200
1377300 200
1377320 200
1377350 200
1377360 200
1377370 200
1377380 200
1377410 200
1377420 200
1377430 200
1377450 200
1377540 200
1377550 200
1377560 200
1377580 200
1377590 200
1377600 200
1377680 200
1377700 200
1377710 200
1377780 200
1377800 200
1377850 200
1377890 200
1377900 200
1377920 200
1377970 200
1377980 200
1377990 200
1378020 200
1378040 200
1378060 200
1378070 200
1378080 200
1378100 200
1378120 200
1378180 200
1378200 200
1378250 200
1378260 200
1378270 200
1378280 200
1378290 200
1378320 200
1378330 200
1378350 200
1378360 200
1378370 200
1378380 200
1378390 200
1378470 200
1378500 200
1378570 200
1378580 200
1378660 200
1378670 200
1378690 200
1378710 200
1378730 200
1378750 200
1378780 200
1378790 200
1378800 200
1378820 200
1378840 200
1378850 200
1378860 200
1378870 200
1378890 200
1378940 200
1378990 200
1379020 200
1379040 200
1379050 200
1379110 200
1379120 200
1379130 200
1379150 200
1379160 200
1379200 200
1379270 200
1379320 200
1379350 200
1379370 200
1379380 200
1379450 200
1379460 200
1379470 200
1379510 200
1379550 200
1379570 200
1379580 200
1379590 200
1379600 200
1379610 200
1379640 200
1379660 200
1379670 200
1379680 200
1379830 200
1379870 200
1379880 200
1379900 200
1379930 200
1379940 200
1379960 200
1379970 200
1379980 200
1380010 200
1380060 200
1380070 200
1380120 200
1380150 200
1380160 200
1380190 200
1380200 200
1380220 200
1380230 200
1380250 200
1380260 200
1380280 200
1380290 200
1380310 200
1380320 200
1380340 200
1380360 200
1380370 200
1380390 200
1380400 200
1380410 200
1380420 200
1380430 200
1380470 200
1380480 200
1380490 200
1380500 200
1380510 200
1380520 200
1380560 200
1380600 200
1380620 200
1380650 200
1380660 200
1380690 200
1380720 200
1380750 200
1380760 200
1380820 200
1380830 200
1380840 200
1380850 200
1380860 200
1380880 200
1380890 200
1380900 200
1380910 200
1380970 200
1380980 200
1380990 200
1381030 200
1381070 200
1381130 200
1381150 200
1381200 200
1381260 200
1381270 200
1381280 200
1381290 200
1381350 200
1381360 200
1381370 200
1381440 200
1381450 200
1381460 200
1381480 200
1381490 200
1381500 200
1381520 200
1381530 200
1381590 200
1381610 200
1381630 200
1381640 200
1381650 200
1381690 200
1381720 200
1381770 200
1381850 200
1381880 200
1381980 200
1381990 200
1382020 200
1382070 200
1382080 200
1382160 200
1382180 200
1382190 200
1382200 200
1382290 200
1382310 200
1382320 200
1382330 200
1382350 200
1382370 200
1382380 200
1382390 200
1382450 200
1382490 200
1382530 200
1382630 200
1382670 200
1382710 200
1382730 200
1382770 200
1382790 200
1382800 200
1382840 200
1382860 200
1382870 200
1382890 200
1382910 200
1382920 200
1382980 200
1383010 200
1383020 200
1383030 200
1383040 200
1383050 200
1383060 200
1383090 200
1383120 200
1383140 200
1383150 200
1383160 200
1383170 200
1383200 200
1383220 200
1383250 200
1383270 200
1383280 200
1383290 200
1383310 200
1383340 200
1383370 200
1383400 200
1383410 200
1383450 200
1383480 200
1383490 200
1383500 200
1383510 200
1383520 200
1383570 200
1383580 200
1383620 200
1383630 200
1383640 200
1383650 200
1383660 200
1383670 200
1383680 200
1383690 200
1383700 200
1383720 200
1383740 200
1383760 200
1383770 200
1383780 200
1383830 200
1383850 200
1383880 200
1383910 200
1383920 200
1383930 200
1383960 200
1383970 200
1383980 200
1383990 200
1384000 200
1384010 200
1384030 200
1384060 200
1384090 200
1384110 200
1384130 200
1384160 200
1384170 200
1384180 200
1384290 200
1384310 200
1384320 200
1384330 200
1384350 200
1384380 200
1384390 200
1384400 200
1384420 200
1384440 200
1384450 200
1384480 200
1384490 200
1384500 200
1384510 200
1384520 200
1384530 200
1384540 200
1384550 200
1384570 200
1384620 200
1384630 200
1384660 200
1384670 200
1384680 200
1384700 200
1384740 200
1384760 200
1384770 200
1384790 200
1384820 200
1384840 200
1384880 200
1384890 200
1384910 200
1384940 200
1384960 200
1384970 200
1384990 200
1385050 200
1385090 200
1385100 200
1385130 200
1385180 200
1385190 200
1385210 200
1385260 200
1385280 200
1385290 200
1385320 200
1385340 200
1385350 200
1385370 200
1385380 200
1385480 200
1385500 200
1385540 200
1385570 200
1385580 200
1385590 200
1385620 200
1385650 200
1385660 200
1385670 200
1385680 200
1385690 200
1385700 200
1385730 200
1385750 200
1385760 200
1385780 200
1385790 200
1385810 200
1385820 200
1385830 200
1385840 200
1385880 200
1385910 200
1385920 200
1385940 200
1385950 200
1385960 200
1385970 200
1385990 200
1386020 200
1386040 200
1386090 200
1386110 200
1386140 200
1386160 200
1386190 200
1386200 200
1386210 200
1386220 200
1386280 200
1386290 200
1386300 200
1386310 200
1386320 200
1386330 200
1386340 200
1386360 200
1386460 200
1386500 200
1386510 200
1386520 200
1386530 200
1386550 200
1386560 200
1386620 200
1386630 200
1386650 200
1386680 200
1386700 200
1386710 200
1386720 200
1386730 200
1386750 200
1386770 200
1386780 200
1386790 200
1386810 200
1386830 200
1386870 200
1386890 200
1386900 200
1386910 200
1386940 200
1386950 200
1386980 200
1386990 200
1387000 200
1387010 200
1387030 200
1387110 200
1387120 200
1387150 200
1387170 200
1387190 200
1387200 200
1387210 200
1387230 200
1387250 200
1387260 200
1387290 200
1387300 200
1387320 200
1387350 200
1387400 200
1387410 200
1387430 200
1387450 200
1387460 200
1387480 200
1387500 200
1387510 200
1387530 200
1387560 200
1387570 200
1387580 200
1387590 200
1387610 200
1387620 200
1387640 200
1387650 200
1387810 200
1387830 200
1387870 200
1387900 200
1387910 200
1387940 200
1387950 200
1387970 200
1387980 200
1388010 200
1388030 200
1388110 200
1388130 200
1388140 200
1388150 200
1388160 200
1388170 200
1388190 200
1388230 200
1388240 200
1388260 200
1388270 200
1388280 200
1388310 200
1388320 200
1388330 200
1388350 200
1388370 200
1388390 200
1388400 200
1388420 200
1388430 200
1388490 200
1388510 200
1388520 200
1388530 200
1388550 200
1388570 200
1388580 200
1388590 200
1388650 200
1388670 200
1388690 200
1388700 200
1388720 200
1388740 200
1388760 200
1388770 200
1388860 200
1388870 200
1388880 200
1388890 200
1388900 200
1388940 200
1389000 200
1389010 200
1389020 200
1389030 200
1389040 200
1389070 200
1389090 200
1389130 200
1389140 200
1389160 200
1389170 200
1389180 200
1389190 200
1389200 200
1389260 200
1389270 200
1389300 200
1389360 200
1389380 200
1389410 200
1389420 200
1389430 200
1389450 200
1389510 200
1389530 200
1389540 200
1389550 200
1389560 200
1389610 200
1389630 200
1389650 200
1389690 200
1389700 200
1389710 200
1389730 200
1389740 200
1389750 200
1389760 200
1389780 200
1389820 200
1389830 200
1389840 200
1389850 200
1389870 200
1389890 200
1389900 200
1389930 200
1389980 200
1389990 200
1390000 200
1390010 200
1390020 200
1390040 200
1390060 200
1390070 200
1390080 200
1390120 200
1390140 200
1390190 200
1390290 200
1390300 200
1390340 200
1390350 200
1390370 200
1390380 200
1390390 200
1390410 200
1390420 200
1390490 200
1390560 200
1390580 200
1390600 200
1390650 200
1390670 200
1390690 200
1390700 200
1390740 200
1390760 200
1390810 200
1390830 200
1390850 200
1390860 200
1390870 200
1390880 200
1390920 200
1390960 200
1390970 200
1391050 200
1391070 200
1391090 200
1391130 200
1391150 200
1391200 200
1391250 200
1391280 200
1391340 200
1391350 200
1391370 200
1391380 200
1391400 200
1391430 200
1391450 200
1391490 200
1391530 200
1391540 200
1391550 200
1391570 200
1391580 200
1391600 200
1391610 200
1391620 200
1391630 200
1391640 200
1391650 200
1391680 200
1391690 200
1391710 200
1391720 200
1391740 200
1391790 200
1391800 200
1391940 200
1391960 200
1391990 200
1392030 200
1392040 200
1392060 200
1392070 200
1392080 200
1392130 200
1392140 200
1392150 200
1392170 200
1392190 200
1392230 200
1392240 200
1392280 200
1392340 200
1392390 200
1392410 200
1392430 200
1392450 200
1392460 200
1392480 200
1392490 200
1392510 200
1392520 200
1392540 200
1392560 200
1392570 200
1392590 200
1392600 200
1392650 200
1392660 200
1392670 200
1392690 200
1392700 200
1392750 200
1392760 200
1392770 200
1392780 200
1392790 200
1392820 200
1392860 200
1392940 200
1392960 200
1392980 200
1393080 200
1393100 200
1393120 200
1393210 200
1393220 200
1393270 200
1393310 200
1393320 200
1393340 200
1393350 200
1393360 200
1393370 200
1393380 200
1393410 200
1393420 200
1393430 200
1393440 200
1393460 200
1393480 200
1393490 200
1393500 200
1393550 200
1393560 200
1393570 200
1393580 200
1393610 200
1393620 200
1393630 200
1393640 200
1393650 200
1393670 200
1393680 200
1393690 200
1393740 200
1393750 200
1393770 200
1393800 200
1393810 200
1393820 200
1393830 200
1393850 200
1393910 200
1393950 200
1393960 200
1393970 200
1394030 200
1394040 200
1394060 200
1394070 200
1394090 200
1394100 200
1394130 200
1394140 200
1394150 200
1394210 200
1394240 200
1394250 200
1394270 200
1394320 200
1394330 200
1394340 200
1394370 200
1394400 200
1394410 200
1394420 200
1394440 200
1394460 200
1394470 200
1394480 200
1394490 200
1394500 200
1394510 200
1394520 200
1394540 200
1394550 200
1394570 200
1394580 200
1394600 200
1394640 200
1394650 200
1394660 200
1394680 200
1394700 200
1394720 200
1394750 200
1394760 200
1394780 200
1394800 200
1394810 200
1394830 200
1394880 200
1394930 200
1394940 200
1394960 200
1394990 200
1395000 200
1395010 200
1395020 200
1395030 200
1395040 200
1395080 200
1395120 200
1395170 200
1395180 200
1395190 200
1395230 200
1395250 200
1395270 200
1395290 200
1395310 200
1395330 200
1395380 200
1395400 200
1395410 200
1395420 200
1395450 200
1395470 200
1395480 200
1395510 200
1395520 200
1395540 200
1395560 200
1395600 200
1395630 200
1395660 200
1395710 200
1395750 200
1395760 200
1395780 200
1395830 200
1395840 200
1395850 200
1395890 200
1395900 200
1395920 200
1395930 200
1396010 200
1396020 200
1396050 200
1396140 200
1396150 200
1396160 200
1396170 200
1396190 200
1396290 200
1396310 200
1396350 200
1396390 200
1396450 200
1396480 200
1396490 200
1396500 200
1396540 200
1396580 200
1396610 200
1396630 200
1396870 200
1396890 200
1396950 200
1396970 200
1396980 200
1397000 200
1397010 200
1397030 200
1397040 200
1397050 200
1397060 200
1397110 200
1397130 200
1397140 200
1397160 200
1397170 200
1397180 200
1397230 200
1397240 200
1397280 200
1397290 200
1397300 200
1397350 200
1397360 200
1397390 200
1397410 200
1397440 200
1397470 200
1397500 200
1397530 200
1397540 200
1397580 200
1397620 200
1397650 200
1397680 200
1397690 200
1397710 200
1397720 200
1397760 200
1397790 200
1397800 200
1397810 200
1397820 200
1397830 200
1397840 200
1397850 200
1397880 200
1397920 200
1397940 200
1397950 200
1397960 200
1397980 200
1398070 200
1398080 200
1398100 200
1398110 200
1398120 200
1398130 200
1398170 200
1398180 200
1398200 200
1398210 200
1398220 200
1398270 200
1398290 200
1398300 200
1398340 200
1398390 200
1398400 200
1398410 200
1398420 200
1398440 200
1398460 200
1398470 200
1398500 200
1398510 200
1398570 200
1398590 200
1398600 200
1398630 200
1398660 200
1398670 200
1398680 200
1398690 200
1398700 200
1398710 200
1398720 200
1398730 200
1398740 200
1398750 200
1398790 200
1398820 200
1398890 200
1398900 200
1398910 200
1398920 200
1398950 200
1398990 200
1399030 200
1399040 200
1399080 200
1399090 200
1399140 200
1399150 200
1399160 200
1399170 200
1399180 200
1399190 200
1399200 200
1399210 200
1399220 200
1399230 200
1399240 200
1399250 200
1399270 200
1399280 200
1399300 200
1399380 200
1399400 200
1399440 200
1399460 200
1399480 200
1399530 200
1399540 200
1399600 200
1399620 200
1399630 200
1399660 200
1399670 200
1399690 200
1399700 200
1399720 200
1399750 200
1399760 200
1399800 200
1399840 200
1399850 200
1399870 200
1399910 200
1399930 200
1399940 200
1399990 200
1400000 200
1400030 200
1400040 200
1400060 200
1400070 200
1400080 200
1400110 200
1400140 200
1400150 200
1400170 200
1400180 200
1400190 200
1400200 200
1400210 200
1400260 200
1400270 200
1400290 200
1400320 200
1400350 200
1400360 200
1400390 200
1400480 200
1400520 200
1400560 200
1400610 200
1400620 200
1400630 200
1400650 200
1400660 200
1400680 200
1400700 200
1400710 200
1400740 200
1400760 200
1400830 200
1400850 200
1400870 200
1400910 200
1400920 200
1400930 200
1400940 200
1400980 200
1401020 200
1401070 200
1401110 200
1401130 200
1401150 200
1401170 200
1401200 200
1401220 200
1401320 200
1401340 200
1401360 200
1401370 200
1401400 200
1401500 200
1401560 200
1401570 200
1401590 200
1401610 200
1401620 200
1401630 200
1401670 200
1401680 200
1401730 200
1401750 200
1401840 200
1401870 200
1401880 200
1401890 200
1401910 200
1401930 200
1401940 200
1401970 200
1401990 200
1402000 200
1402010 200
1402020 200
1402030 200
1402060 200
1402090 200
1402110 200
1402120 200
1402130 200
1402280 200
1402290 200
1402320 200
1402350 200
1402380 200
1402400 200
1402410 200
1402420 200
1402440 200
1402460 200
1402580 200
1402600 200
1402650 200
1402700 200
1402740 200
1402780 200
1402790 200
1402820 200
1402880 200
1402900 200
1402940 200
1402960 200
1403020 200
1403030 200
1403040 200
1403080 200
1403110 200
1403130 200
1403190 200
1403230 200
1403250 200
1403270 200
1403280 200
1403310 200
1403350 200
1403370 200
1403400 200
1403440 200
1403450 200
1403460 200
1403520 200
1403550 200
1403570 200
1403590 200
1403650 200
1403680 200
1403710 200
1403720 200
1403740 200
1403750 200
1403830 200
1403850 200
1403890 200
1403940 200
1403960 200
1403990 200
1404010 200
1404030 200
1404050 200
1404070 200
1404080 200
1404090 200
1404100 200
1404130 200
1404150 200
1404160 200
1404180 200
1404190 200
1404210 200
1404240 200
1404300 200
1404330 200
1404360 200
1404450 200
1404490 200
1404520 200
1404530 200
1404550 200
1404560 200
1404630 200
1404660 200
1404710 200
1404750 200
1404770 200
1404790 200
1404800 200
1404840 200
1404850 200
1404870 200
1404930 200
1404960 200
1404970 200
1404980 200
1405000 200
1405010 200
1405050 200
1405090 200
1405130 200
1405170 200
1405180 200
1405220 200
1405260 200
1405270 200
1405320 200
1405360 200
1405380 200
1405390 200
1405440 200
1405470 200
1405480 200
1405500 200
1405660 200
1405670 200
1405730 200
1405740 200
1405780 200
1405810 200
1405930 200
1405950 200
1405960 200
1405970 200
1405980 200
1406000 200
1406020 200
1406030 200
1406080 200
1406090 200
1406110 200
1406140 200
1406150 200
1406160 200
1406200 200
1406240 200
1406250 200
1406260 200
1406270 200
1406280 200
1406340 200
1406350 200
1406490 200
1406560 200
1406570 200
1406610 200
1406630 200
1406670 200
1406690 200
1406700 200
1406720 200
1406740 200
1406750 200
1406770 200
1406780 200
1406810 200
1406850 200
1406860 200
1406900 200
1406930 200
1406990 200
1407000 200
1407050 200
1407060 200
1407080 200
1407090 200
1407100 200
1407140 200
1407150 200
1407160 200
1407180 200
1407190 200
1407200 200
1407210 200
1407240 200
1407300 200
1407340 200
1407420 200
1407430 200
1407450 200
1407460 200
1407520 200
1407530 200
1407540 200
1407620 200
1407640 200
1407750 200
1407760 200
1407790 200
1407850 200
1407860 200
1407870 200
1407890 200
1407920 200
1407950 200
1408000 200
1408040 200
1408050 200
1408060 200
1408070 200
1408080 200
1408090 200
1408100 200
1408110 200
1408130 200
1408150 200
1408160 200
1408200 200
1408220 200
1408230 200
1408240 200
1408260 200
1408300 200
1408310 200
1408350 200
1408370 200
1408380 200
1408400 200
1408410 200
1408420 200
1408430 200
1408450 200
1408470 200
1408480 200
1408490 200
1408530 200
1408550 200
1408560 200
1408570 200
1408580 200
1408590 200
1408610 200
1408630 200
1408700 200
1408710 200
1408730 200
1408760 200
1408810 200
1408850 200
1408860 200
1408890 200
1408930 200
1408960 200
1409020 200
1409030 200
1409070 200
1409160 200
1409170 200
1409180 200
1409190 200
1409200 200
1409250 200
1409260 200
1409270 200
1409300 200
1409320 200
1409330 200
1409340 200
1409350 200
1409360 200
1409370 200
1409410 200
1409460 200
1409470 200
1409510 200
1409520 200
1409530 200
1409550 200
1409560 200
1409570 200
1409600 200
1409610 200
1409630 200
1409640 200
1409650 200
1409680 200
1409700 200
1409710 200
1409730 200
1409740 200
1409760 200
1409770 200
1409780 200
1409810 200
1409820 200
1409830 200
1409840 200
1409910 200
1409930 200
1410000 200
1410040 200
1410070 200
1410080 200
1410090 200
1410100 200
1410140 200
1410160 200
1410200 200
1410210 200
1410260 200
1410300 200
1410320 200
1410330 200
1410360 200
1410370 200
1410380 200
1410400 200
1410410 200
1410430 200
1410440 200
1410450 200
1410470 200
1410490 200
1410500 200
1410540 200
1410560 200
1410580 200
1410600 200
1410620 200
1410640 200
1410660 200
1410680 200
1410700 200
1410710 200
1410740 200
1410770 200
1410790 200
1410800 200
1410810 200
1410830 200
1410840 200
1410850 200
1410860 200
1410870 200
1410980 200
1411000 200
1411010 200
1411020 200
1411030 200
1411040 200
1411090 200
1411140 200
1411160 200
1411170 200
1411180 200
1411200 200
1411260 200
1411330 200
1411360 200
1411370 200
1411380 200
1411400 200
1411410 200
1411420 200
1411460 200
1411480 200
1411490 200
1411550 200
1411580 200
1411630 200
1411660 200
1411670 200
1411700 200
1411710 200
1411740 200
1411750 200
1411770 200
1411780 200
1411800 200
1411810 200
1411840 200
1411860 200
1411880 200
1411890 200
1411900 200
1411910 200
1411920 200
1411940 200
1411970 200
1412000 200
1412010 200
1412020 200
1412030 200
1412040 200
1412070 200
1412080 200
1412150 200
1412170 200
1412180 200
1412190 200
1412220 200
1412240 200
1412250 200
1412260 200
1412310 200
1412370 200
1412380 200
1412390 200
1412400 200
1412420 200
1412470 200
1412500 200
1412560 200
1412580 200
1412610 200
1412620 200
1412630 200
1412640 200
1412650 200
1412660 200
1412680 200
1412740 200
1412780 200
1412810 200
1412820 200
1412840 200
1412850 200
1412870 200
1412880 200
1412890 200
1412900 200
1412950 200
1412960 200
1412970 200
1412980 200
1412990 200
1413000 200
1413010 200
1413020 200
1413070 200
1413090 200
1413170 200
1413210 200
1413250 200
1413260 200
1413270 200
1413290 200
1413300 200
1413310 200
1413350 200
1413370 200
1413440 200
1413470 200
1413480 200
1413500 200
1413540 200
1413550 200
1413560 200
1413570 200
1413580 200
1413590 200
1413600 200
1413610 200
1413630 200
1413650 200
1413660 200
1413670 200
1413680 200
1413780 200
1413790 200
1413820 200
1413870 200
1413890 200
1413900 200
1413930 200
1413960 200
1413970 200
1413980 200
1413990 200
1414000 200
1414020 200
1414030 200
1414060 200
1414070 200
1414080 200
1414090 200
1414180 200
1414210 200
1414220 200
1414240 200
1414250 200
1414270 200
1414280 200
1414290 200
1414300 200
1414320 200
1414380 200
1414400 200
1414410 200
1414430 200
1414440 200
1414470 200
1414480 200
1414490 200
1414500 200
1414520 200
1414530 200
1414550 200
1414570 200
1414610 200
1414640 200
1414650 200
1414660 200
1414680 200
1414700 200
1414710 200
1414720 200
1414770 200
1414790 200
1414800 200
1414840 200
1414850 200
1414900 200
1414910 200
1414920 200
1414930 200
1414990 200
1415010 200
1415020 200
1415030 200
1415110 200
1415120 200
1415140 200
1415150 200
1415200 200
1415220 200
1415230 200
1415250 200
1415270 200
1415280 200
1415300 200
1415320 200
1415330 200
1415370 200
1415470 200
1415480 200
1415520 200
1415540 200
1415570 200
1415580 200
1415590 200
1415600 200
1415620 200
1415630 200
1415670 200
1415750 200
1415830 200
1415840 200
1415870 200
1415890 200
1415920 200
1415950 200
1416000 200
1416040 200
1416050 200
1416060 200
1416070 200
1416120 200
1416130 200
1416140 200
1416150 200
1416160 200
1416180 200
1416200 200
1416210 200
1416220 200
1416230 200
1416240 200
1416260 200
1416290 200
1416300 200
1416340 200
1416350 200
1416360 200
1416380 200
1416430 200
1416450 200
1416460 200
1416480 200
1416520 200
1416600 200
1416690 200
1416700 200
1416710 200
1416720 200
1416730 200
1416760 200
1416770 200
1416780 200
1416800 200
1416820 200
1416850 200
1416900 200
1416920 200
1416930 200
1416940 200
1416960 200
1416970 200
1416980 200
1417000 200
1417010 200
1417020 200
1417050 200
1417090 200
1417130 200
1417150 200
1417160 200
1417170 200
1417180 200
1417200 200
1417230 200
1417250 200
1417270 200
1417280 200
1417310 200
1417320 200
1417340 200
1417360 200
1417380 200
1417400 200
1417420 200
1417450 200
1417460 200
1417490 200
1417500 200
1417520 200
1417540 200
1417570 200
1417590 200
1417610 200
1417620 200
1417640 200
1417650 200
1417670 200
1417690 200
1417720 200
1417730 200
1417740 200
1417750 200
1417770 200
1417870 200
1417880 200
1417890 200
1417930 200
1417940 200
1417950 200
1417960 200
1417970 200
1418010 200
1418020 200
1418090 200
1418140 200
1418160 200
1418180 200
1418190 200
1418290 200
1418310 200
1418320 200
1418350 200
1418360 200
1418380 200
1418390 200
1418420 200
1418430 200
1418460 200
1418470 200
1418490 200
1418520 200
1418540 200
1418570 200
1418610 200
1418650 200
1418670 200
1418680 200
1418720 200
1418750 200
1418760 200
1418780 200
1418820 200
1418830 200
1418870 200
1418990 200
1419040 200
1419060 200
1419070 200
1419100 200
1419110 200
1419130 200
1419140 200
1419150 200
1419160 200
1419170 200
1419180 200
1419190 200
1419200 200
1419290 200
1419300 200
1419310 200
1419320 200
1419330 200
1419350 200
1419360 200
1419370 200
1419380 200
1419390 200
1419440 200
1419480 200
1419510 200
1419580 200
1419620 200
1419640 200
1419670 200
1419680 200
1419730 200
1419740 200
1419750 200
1419760 200
1419770 200
1419850 200
1419860 200
1419870 200
1419880 200
1419980 200
1420050 200
1420060 200
1420080 200
1420120 200
1420160 200
1420180 200
1420290 200
1420300 200
1420320 200
1420330 200
1420350 200
1420400 200
1420420 200
1420490 200
1420510 200
1420540 200
1420580 200
1420630 200
1420650 200
1420680 200
1420700 200
1420720 200
1420730 200
1420740 200
1420770 200
1420780 200
1420790 200
1420810 200
1420830 200
1420850 200
1420860 200
1420950 200
1420960 200
1420970 200
1420980 200
1420990 200
1421020 200
1421120 200
1421130 200
1421140 200
1421190 200
1421200 200
1421240 200
1421250 200
1421280 200
1421290 200
1421310 200
1421320 200
1421350 200
1421380 200
1421390 200
1421410 200
1421420 200
1421490 200
1421520 200
1421600 200
1421610 200
1421630 200
1421690 200
1421700 200
1421710 200
1421730 200
1421760 200
1421770 200
1421790 200
1421900 200
1421930 200
1422000 200
1422020 200
1422080 200
1422130 200
1422180 200
1422190 200
1422200 200
1422210 200
1422220 200
1422240 200
1422260 200
1422270 200
1422280 200
1422290 200
1422360 200
1422380 200
1422410 200
1422420 200
1422430 200
1422440 200
1422450 200
1422520 200
1422540 200
1422550 200
1422570 200
1422580 200
1422600 200
1422610 200
1422620 200
1422630 200
1422650 200
1422670 200
1422730 200
1422740 200
1422750 200
1422760 200
1422780 200
1422790 200
1422810 200
1422820 200
1422880 200
1422910 200
1422930 200
1422940 200
1422950 200
1422980 200
1423000 200
1423010 200
1423050 200
1423060 200
1423090 200
1423140 200
1423150 200
1423180 200
1423200 200
1423230 200
1423260 200
1423270 200
1423280 200
1423330 200
1423340 200
1423360 200
1423370 200
1423400 200
1423410 200
1423420 200
1423450 200
1423480 200
1423500 200
1423540 200
1423590 200
1423600 200
1423610 200
1423620 200
1423630 200
1423670 200
1423680 200
1423720 200
1423780 200
1423790 200
1423820 200
1423830 200
1423870 200
1423970 200
1423980 200
1424020 200
1424050 200
1424070 200
1424080 200
1424120 200
1424130 200
1424190 200
1424250 200
1424270 200
1424290 200
1424300 200
1424330 200
1424350 200
1424360 200
1424380 200
1424400 200
1424420 200
1424500 200
1424520 200
1424540 200
1424560 200
1424570 200
1424590 200
1424600 200
1424610 200
1424630 200
1424640 200
1424650 200
1424660 200
1424690 200
1424700 200
1424710 200
1424720 200
1424770 200
1424780 200
1424790 200
1424800 200
1424850 200
1424860 200
1424870 200
1424890 200
1424900 200
1424910 200
1424960 200
1424980 200
1425000 200
1425010 200
1425030 200
1425050 200
1425070 200
1425090 200
1425110 200
1425120 200
1425130 200
1425140 200
1425160 200
1425170 200
1425180 200
1425190 200
1425220 200
1425240 200
1425250 200
1425260 200
1425270 200
1425280 200
1425300 200
1425330 200
1425350 200
1425360 200
1425370 200
1425380 200
1425390 200
1425410 200
1425510 200
1425550 200
1425580 200
1425590 200
1425620 200
1425630 200
1425640 200
1425660 200
1425670 200
1425690 200
1425720 200
1425730 200
1425760 200
1425770 200
1425780 200
1425790 200
1425830 200
1425920 200
1425980 200
1425990 200
1426010 200
1426060 200
1426090 200
1426100 200
1426110 200
1426120 200
1426130 200
1426160 200
1426190 200
1426210 200
1426230 200
1426280 200
1426310 200
1426330 200
1426340 200
1426350 200
1426370 200
1426400 200
1426440 200
1426450 200
1426480 200
1426490 200
1426500 200
1426530 200
1426540 200
1426570 200
1426580 200
1426740 200
1426870 200
1426890 200
1426900 200
1426930 200
1426950 200
1426980 200
1426990 200
1427030 200
1427040 200
1427070 200
1427080 200
1427100 200
1427120 200
1427130 200
1427150 200
1427210 200
1427240 200
1427290 200
1427300 200
1427320 200
1427340 200
1427400 200
1427420 200
1427450 200
1427480 200
1427510 200
1427540 200
1427570 200
1427620 200
1427640 200
1427680 200
1427700 200
1427710 200
1427740 200
1427760 200
1427780 200
1427800 200
1427810 200
1427860 200
1427880 200
1427890 200
1427900 200
1427910 200
1427920 200
1427930 200
1427940 200
1427950 200
1427960 200
1427970 200
1427980 200
1427990 200
1428030 200
1428040 200
1428060 200
1428080 200
1428090 200
1428100 200
1428130 200
1428140 200
1428150 200
1428160 200
1428180 200
1428270 200
1428290 200
1428300 200
1428310 200
1428320 200
1428340 200
1428360 200
1428370 200
1428420 200
1428440 200
1428460 200
1428470 200
1428480 200
1428520 200
1428530 200
1428550 200
1428560 200
1428570 200
1428580 200
1428600 200
1428610 200
1428630 200
1428650 200
1428660 200
1428680 200
1428700 200
1428710 200
1428730 200
1428770 200
1428780 200
1428790 200
1428800 200
1428820 200
1428840 200
1428870 200
1428880 200
1428900 200
1428920 200
1428960 200
1428980 200
1429040 200
1429070 200
1429080 200
1429100 200
1429130 200
1429150 200
1429160 200
1429200 200
1429210 200
1429220 200
1429260 200
1429350 200
1429400 200
1429440 200
1429480 200
1429500 200
1429530 200
1429610 200
1429620 200
1429630 200
1429640 200
1429670 200
1429680 200
1429700 200
1429730 200
1429740 200
1429780 200
1429820 200
1429850 200
1429870 200
1429880 200
1429890 200
1429950 200
1430010 200
1430020 200
1430030 200
1430040 200
1430050 200
1430070 200
1430100 200
1430120 200
1430140 200
1430160 200
1430170 200
1430180 200
1430190 200
1430200 200
1430220 200
1430240 200
1430280 200
1430310 200
1430320 200
1430330 200
1430340 200
1430350 200
1430420 200
1430530 200
1430540 200
1430570 200
1430640 200
1430670 200
1430680 200
1430690 200
1430720 200
1430740 200
1430760 200
1430810 200
1430820 200
1430930 200
1430970 200
1430980 200
1431020 200
1431040 200
1431100 200
1431150 200
1431170 200
1431190 200
1431210 200
1431220 200
1431230 200
1431240 200
1431250 200
1431270 200
1431290 200
1431300 200
1431350 200
1431370 200
1431380 200
1431420 200
1431430 200
1431440 200
1431450 200
1431470 200
1431540 200
1431550 200
1431570 200
1431610 200
1431620 200
1431630 200
1431690 200
1431720 200
1431730 200
1431750 200
1431770 200
1431780 200
1431790 200
1431840 200
1431850 200
1431890 200
1431900 200
1431910 200
1431920 200
1431930 200
1431940 200
1431950 200
1432000 200
1432020 200
1432050 200
1432100 200
1432110 200
1432200 200
1432250 200
1432260 200
1432280 200
1432290 200
1432310 200
1432320 200
1432330 200
1432340 200
1432350 200
1432360 200
1432380 200
1432390 200
1432400 200
1432410 200
1432430 200
1432480 200
1432500 200
1432560 200
1432570 200
1432590 200
1432610 200
1432620 200
1432630 200
1432650 200
1432670 200
1432680 200
1432710 200
1432750 200
1432760 200
1432810 200
1432840 200
1432850 200
1432860 200
1432880 200
1432890 200
1432910 200
1432930 200
1432960 200
1432970 200
1432980 200
1433000 200
1433010 200
1433020 200
1433030 200
1433040 200
1433070 200
1433090 200
1433110 200
1433130 200
1433140 200
1433190 200
1433210 200
1433240 200
1433310 200
1433320 200
1433340 200
1433390 200
1433420 200
1433430 200
1433460 200
1433470 200
1433480 200
1433490 200
1433500 200
1433520 200
1433530 200
1433550 200
1433570 200
1433750 200
1433770 200
1433830 200
1433860 200
1433870 200
1433890 200
1433900 200
1433910 200
1433940 200
1433950 200
1433960 200
1433970 200
1433980 200
1433990 200
1434000 200
1434010 200
1434040 200
1434050 200
1434140 200
1434160 200
1434200 200
1434230 200
1434260 200
1434270 200
1434300 200
1434310 200
1434320 200
1434340 200
1434350 200
1434440 200
1434470 200
1434480 200
1434490 200
1434510 200
1434540 200
1434550 200
1434620 200
1434650 200
1434730 200
1434750 200
1434760 200
1434770 200
1434840 200
1434850 200
1434880 200
1434890 200
1434900 200
1434910 200
1434940 200
1434950 200
1434970 200
1435010 200
1435020 200
1435090 200
1435100 200
1435160 200
1435210 200
1435220 200
1435250 200
1435310 200
1435330 200
1435370 200
1435410 200
1435420 200
1435440 200
1435470 200
1435480 200
1435500 200
1435540 200
1435560 200
1435590 200
1435660 200
1435670 200
1435680 200
1435750 200
1435770 200
1435780 200
1435790 200
1435800 200
1435840 200
1435900 200
1435950 200
1435960 200
1435970 200
1435980 200
1436000 200
1436190 200
1436210 200
1436220 200
1436240 200
1436370 200
1436390 200
1436410 200
1436420 200
1436450 200
1436490 200
1436570 200
1436580 200
1436590 200
1436600 200
1436620 200
1436640 200
1436680 200
1436700 200
1436810 200
1436870 200
1436910 200
1436920 200
1436930 200
1436940 200
1436990 200
1437020 200
1437030 200
1437040 200
1437050 200
1437060 200
1437080 200
1437100 200
1437120 200
1437160 200
1437170 200
1437200 200
1437210 200
1437220 200
1437270 200
1437280 200
1437290 200
1437340 200
1437370 200
1437400 200
1437410 200
1437420 200
1437430 200
1437480 200
1437490 200
1437500 200
1437520 200
1437550 200
1437580 200
1437600 200
1437650 200
1437680 200
1437700 200
1437710 200
1437720 200
1437750 200
1437760 200
1437790 200
1437820 200
1437830 200
1437840 200
1437850 200
1437860 200
1437870 200
1437880 200
1437890 200
1437940 200
1437950 200
1437980 200
1438060 200
1438090 200
1438100 200
1438190 200
1438260 200
1438280 200
1438430 200
1438440 200
1438450 200
1438480 200
1438680 200
1438700 200
1438710 200
1438750 200
1438760 200
1438800 200
1438810 200
1438830 200
1438850 200
1438870 200
1438940 200
1438950 200
1439010 200
1439030 200
1439040 200
1439070 200
1439100 200
1439120 200
1439130 200
1439150 200
1439170 200
1439180 200
1439220 200
1439270 200
1439310 200
1439320 200
1439340 200
1439400 200
1439420 200
1439440 200
1439460 200
1439550 200
1439630 200
1439700 200
1439710 200
1439750 200
1439790 200
1439800 200
1439840 200
1439900 200
1439920 200
1439930 200
1439960 200
1439970 200
1439980 200
1440010 200
1440020 200
1440030 200
1440050 200
1440110 200
1440130 200
1440150 200
1440220 200
1440280 200
1440290 200
1440330 200
1440340 200
1440350 200
1440360 200
1440370 200
1440440 200
1440470 200
1440500 200
1440510 200
1440530 200
1440570 200
1440670 200
1440680 200
1440720 200
1440730 200
1440750 200
1440780 200
1440790 200
1440810 200
1440840 200
1440850 200
1440870 200
1440890 200
1440910 200
1440940 200
1440950 200
1441090 200
1441100 200
1441120 200
1441130 200
1441160 200
1441180 200
1441210 200
1441230 200
1441240 200
1441280 200
1441300 200
1441340 200
1441400 200
1441430 200
1441480 200
1441500 200
1441520 200
1441530 200
1441550 200
1441560 200
1441570 200
1441590 200
1441630 200
1441670 200
1441680 200
1441690 200
1441740 200
1441750 200
1441760 200
1441770 200
1441790 200
1441830 200
1441840 200
1441850 200
1442020 200
1442040 200
1442050 200
1442070 200
1442080 200
1442090 200
1442150 200
1442160 200
1442170 200
1442190 200
1442240 200
1442300 200
1442350 200
1442360 200
1442380 200
1442390 200
1442410 200
1442430 200
1442450 200
1442460 200
1442470 200
1442480 200
1442520 200
1442530 200
1442590 200
1442610 200
1442630 200
1442650 200
1442670 200
1442750 200
1442770 200
1442820 200
1442840 200
1442850 200
1443030 200
1443100 200
1443120 200
1443160 200
1443170 200
1443190 200
1443200 200
1443250 200
1443260 200
1443300 200
1443310 200
1443330 200
1443360 200
1443370 200
1443400 200
1443430 200
1443450 200
1443470 200
1443490 200
1443500 200
1443600 200
1443620 200
1443630 200
1443640 200
1443680 200
1443690 200
1443700 200
1443760 200
1443810 200
1443820 200
1443850 200
1443910 200
1443920 200
1443950 200
1443960 200
1443980 200
1443990 200
1444020 200
1444080 200
1444090 200
1444110 200
1444130 200
1444150 200
1444170 200
1444190 200
1444300 200
1444320 200
1444350 200
1444360 200
1444370 200
1444390 200
1444410 200
1444420 200
1444430 200
1444480 200
1444490 200
1444510 200
1444540 200
1444550 200
1444570 200
1444580 200
1444610 200
1444650 200
1444670 200
1444700 200
1444710 200
1444740 200
1444750 200
1444760 200
1444770 200
1444780 200
1444800 200
1444820 200
1444860 200
1444870 200
1444890 200
1444920 200
1444940 200
1444950 200
1444980 200
1445010 200
1445040 200
1445070 200
1445090 200
1445110 200
1445120 200
1445150 200
1445190 200
1445240 200
1445250 200
1445260 200
1445360 200
1445370 200
1445400 200
1445410 200
1445430 200
1445440 200
1445480 200
1445500 200
1445540 200
1445580 200
1445600 200
1445650 200
1445670 200
1445720 200
1445740 200
1445750 200
1445790 200
1445810 200
1445850 200
1445860 200
1445870 200
1445880 200
1445890 200
1445980 200
1446000 200
1446050 200
1446090 200
1446100 200
1446160 200
1446180 200
1446200 200
1446230 200
1446250 200
1446280 200
1446310 200
1446320 200
1446330 200
1446340 200
1446350 200
1446370 200
1446410 200
1446420 200
1446450 200
1446460 200
1446470 200
1446480 200
1446510 200
1446530 200
1446540 200
1446560 200
1446640 200
1446650 200
1446670 200
1446690 200
1446720 200
1446750 200
1446780 200
1446790 200
1446830 200
1446840 200
1446850 200
1446860 200
1446880 200
1446890 200
1446900 200
1446920 200
1446930 200
1446950 200
1446980 200
1447000 200
1447020 200
1447050 200
1447060 200
1447070 200
1447080 200
1447090 200
1447140 200
1447160 200
1447190 200
1447210 200
1447240 200
1447250 200
1447260 200
1447280 200
1447300 200
1447310 200
1447330 200
1447350 200
1447400 200
1447410 200
1447470 200
1447490 200
1447540 200
1447570 200
1447590 200
1447600 200
1447640 200
1447650 200
1447700 200
1447710 200
1447730 200
1447740 200
1447800 200
1447820 200
1447830 200
1447870 200
1447900 200
1447920 200
1447970 200
1448000 200
1448030 200
1448040 200
1448060 200
1448070 200
1448090 200
1448110 200
1448120 200
1448130 200
1448140 200
1448150 200
1448160 200
1448170 200
1448180 200
1448190 200
1448200 200
1448220 200
1448230 200
1448260 200
1448290 200
1448300 200
1448310 200
1448320 200
1448330 200
1448350 200
1448400 200
1448440 200
1448450 200
1448520 200
1448540 200
1448560 200
1448590 200
1448600 200
1448610 200
1448620 200
1448630 200
1448640 200
1448650 200
1448740 200
1448750 200
1448760 200
1448780 200
1448790 200
1448800 200
1448820 200
1448840 200
1448850 200
1448880 200
1448910 200
1448940 200
1448950 200
1448960 200
1448970 200
1448990 200
1449000 200
1449010 200
1449020 200
1449040 200
1449050 200
1449060 200
1449070 200
1449100 200
1449110 200
1449140 200
1449180 200
1449190 200
1449200 200
1449230 200
1449250 200
1449270 200
1449280 200
1449290 200
1449320 200
1449330 200
1449370 200
1449380 200
1449400 200
1449420 200
1449430 200
1449470 200
1449480 200
1449500 200
1449510 200
1449550 200
1449570 200
1449580 200
1449590 200
1449620 200
1449630 200
1449640 200
1449650 200
1449660 200
1449670 200
1449690 200
1449700 200
1449730 200
1449750 200
1449760 200
1449780 200
1449820 200
1449840 200
1449850 200
1449920 200
1449940 200
1449960 200
1449980 200
1450000 200
1450020 200
1450050 200
1450060 200
1450070 200
1450080 200
1450090 200
1450100 200
1450120 200
1450150 200
1450160 200
1450170 200
1450180 200
1450190 200
1450200 200
1450210 200
1450240 200
1450250 200
1450270 200
1450290 200
1450300 200
1450310 200
1450330 200
1450410 200
1450530 200
1450590 200
1450620 200
1450640 200
1450650 200
1450660 200
1450720 200
1450730 200
1450750 200
1450760 200
1450780 200
1450790 200
1450800 200
1450830 200
1450880 200
1450900 200
1451010 200
1451030 200
1451040 200
1451050 200
1451080 200
1451090 200
1451110 200
1451120 200
1451160 200
1451190 200
1451200 200
1451210 200
1451220 200
1451230 200
1451240 200
1451300 200
1451360 200
1451410 200
1451420 200
1451430 200
1451440 200
1451470 200
1451480 200
1451500 200
1451530 200
1451540 200
1451560 200
1451570 200
1451580 200
1451650 200
1451680 200
1451720 200
1451740 200
1451760 200
1451770 200
1451800 200
1451810 200
1451830 200
1451840 200
1451860 200
1451870 200
1451880 200
1451890 200
1451920 200
1451940 200
1451950 200
1451970 200
1451980 200
1452000 200
1452020 200
1452070 200
1452110 200
1452130 200
1452200 200
1452210 200
1452220 200
1452250 200
1452260 200
1452270 200
1452280 200
1452300 200
1452320 200
1452330 200
1452350 200
1452360 200
1452410 200
1452500 200
1452540 200
1452600 200
1452630 200
1452670 200
1452700 200
1452770 200
1452790 200
1452830 200
1452850 200
1452860 200
1452870 200
1452890 200
1452900 200
1452910 200
1452950 200
1452990 200
1453000 200
1453010 200
1453030 200
1453080 200
1453130 200
1453140 200
1453160 200
1453200 200
1453220 200
1453230 200
1453250 200
1453270 200
1453280 200
1453350 200
1453400 200
1453420 200
1453430 200
1453440 200
1453450 200
1453460 200
1453480 200
1453490 200
1453600 200
1453640 200
1453660 200
1453670 200
1453680 200
1453710 200
1453740 200
1453790 200
1453840 200
1453850 200
1453870 200
1453900 200
1453920 200
1453940 200
1453960 200
1453990 200
1454000 200
1454010 200
1454030 200
1454050 200
1454060 200
1454080 200
1454090 200
1454100 200
1454110 200
1454130 200
1454140 200
1454150 200
1454160 200
1454220 200
1454270 200
1454320 200
1454340 200
1454360 200
1454370 200
1454380 200
1454390 200
1454400 200
1454410 200
1454430 200
1454480 200
1454490 200
1454520 200
1454540 200
1454550 200
1454570 200
1454580 200
1454600 200
1454640 200
1454650 200
1454660 200
1454690 200
1454700 200
1454720 200
1454730 200
1454800 200
1454830 200
1454930 200
1454950 200
1454960 200
1454970 200
1455000 200
1455020 200
1455040 200
1455060 200
1455070 200
1455080 200
1455090 200
1455100 200
1455120 200
1455130 200
1455140 200
1455200 200
1455220 200
1455230 200
1455290 200
1455300 200
1455380 200
1455390 200
1455420 200
1455430 200
1455450 200
1455460 200
1455490 200
1455510 200
1455540 200
1455590 200
1455610 200
1455630 200
1455650 200
1455680 200
1455730 200
1455740 200
1455750 200
1455760 200
1455780 200
1455790 200
1455840 200
1455900 200
1455910 200
1455920 200
1455930 200
1456000 200
1456020 200
1456040 200
1456060 200
1456080 200
1456200 200
1456220 200
1456230 200
1456250 200
1456260 200
1456280 200
1456290 200
1456340 200
1456380 200
1456410 200
1456420 200
1456430 200
1456440 200
1456470 200
1456490 200
1456560 200
1456570 200
1456580 200
1456630 200
1456640 200
1456650 200
1456710 200
1456720 200
1456760 200
1456770 200
1456810 200
1456820 200
1456830 200
1456880 200
1456900 200
1456940 200
1456980 200
1457020 200
1457030 200
1457070 200
1457080 200
1457130 200
1457140 200
1457160 200
1457180 200
1457220 200
1457230 200
1457320 200
1457330 200
1457340 200
1457360 200
1457370 200
1457430 200
1457470 200
1457480 200
1457490 200
1457500 200
1457510 200
1457520 200
1457540 200
1457550 200
1457570 200
1457580 200
1457600 200
1457620 200
1457630 200
1457640 200
1457650 200
1457660 200
1457690 200
1457710 200
1457730 200
1457740 200
1457820 200
1457840 200
1457870 200
1457920 200
1457930 200
1457940 200
1457980 200
1457990 200
1458000 200
1458020 200
1458090 200
1458100 200
1458140 200
1458210 200
1458250 200
1458300 200
1458330 200
1458340 200
1458350 200
1458370 200
1458390 200
1458460 200
1458480 200
1458530 200
1458540 200
1458550 200
1458560 200
1458590 200
1458600 200
1458620 200
1458650 200
1458690 200
1458810 200
1458880 200
1458900 200
1458920 200
1458930 200
1458950 200
1458960 200
1458970 200
1458980 200
1459000 200
1459010 200
1459020 200
1459070 200
1459160 200
1459170 200
1459210 200
1459240 200
1459250 200
1459260 200
1459280 200
1459300 200
1459340 200
1459360 200
1459370 200
1459410 200
1459500 200
1459510 200
1459530 200
1459540 200
1459550 200
1459560 200
1459570 200
1459580 200
1459590 200
1459630 200
1459640 200
1459650 200
1459660 200
1459690 200
1459700 200
1459710 200
1459720 200
1459740 200
1459760 200
1459790 200
1459800 200
1459810 200
1459870 200
1459890 200
1459910 200
1459930 200
1459960 200
1459980 200
1459990 200
1460000 200
1460010 200
1460040 200
1460050 200
1460070 200
1460080 200
1460090 200
1460100 200
1460120 200
1460200 200
1460210 200
1460220 200
1460230 200
1460250 200
1460290 200
1460300 200
1460310 200
1460440 200
1460480 200
1460490 200
1460510 200
1460520 200
1460530 200
1460540 200
1460550 200
1460600 200
1460610 200
1460650 200
1460670 200
1460700 200
1460710 200
1460750 200
1460770 200
1460790 200
1460820 200
1460830 200
1460870 200
1460910 200
1460930 200
1460950 200
1460970 200
1461000 200
1461020 200
1461030 200
1461040 200
1461060 200
1461090 200
1461100 200
1461110 200
1461130 200
1461140 200
1461150 200
1461190 200
1461200 200
1461230 200
1461320 200
1461360 200
1461370 200
1461390 200
1461400 200
1461410 200
1461420 200
1461470 200
1461480 200
1461490 200
1461500 200
1461570 200
1461580 200
1461600 200
1461630 200
1461680 200
1461710 200
1461730 200
1461740 200
1461770 200
1461800 200
1461810 200
1461900 200
1461910 200
1461920 200
1461930 200
1461960 200
1461980 200
1461990 200
1462010 200
1462020 200
1462030 200
1462040 200
1462060 200
1462120 200
1462160 200
1462170 200
1462180 200
1462190 200
1462200 200
1462210 200
1462220 200
1462260 200
1462290 200
1462330 200
1462340 200
1462420 200
1462430 200
1462440 200
1462470 200
1462510 200
1462520 200
1462540 200
1462550 200
1462560 200
1462570 200
1462580 200
1462600 200
1462620 200
1462640 200
1462650 200
1462680 200
1462700 200
1462720 200
1462730 200
1462740 200
1462750 200
1462760 200
1462780 200
1462790 200
1462810 200
1462830 200
1462860 200
1462870 200
1462910 200
1462960 200
1462970 200
1462990 200
1463010 200
1463020 200
1463030 200
1463040 200
1463050 200
1463080 200
1463100 200
1463120 200
1463130 200
1463140 200
1463170 200
1463180 200
1463320 200
1463350 200
1463360 200
1463380 200
1463420 200
1463450 200
1463470 200
1463500 200
1463510 200
1463530 200
1463570 200
1463730 200
1463760 200
1463780 200
1463830 200
1463840 200
1463870 200
1463880 200
1463890 200
1463900 200
1463920 200
1463930 200
1463960 200
1463970 200
1463980 200
1464000 200
1464010 200
1464050 200
1464090 200
1464100 200
1464120 200
1464130 200
1464150 200
1464170 200
1464190 200
1464200 200
1464220 200
1464250 200
1464290 200
1464320 200
1464330 200
1464350 200
1464370 200
1464380 200
1464390 200
1464400 200
1464410 200
1464420 200
1464480 200
1464500 200
1464520 200
1464540 200
1464550 200
1464610 200
1464620 200
1464630 200
1464650 200
1464700 200
1464730 200
1464840 200
1464850 200
1464910 200
1464930 200
1464940 200
1465010 200
1465020 200
1465030 200
1465040 200
1465050 200
1465060 200
1465070 200
1465110 200
1465120 200
1465130 200
1465140 200
1465170 200
1465190 200
1465200 200
1465210 200
1465220 200
1465260 200
1465300 200
1465310 200
1465330 200
1465340 200
1465350 200
1465360 200
1465370 200
1465380 200
1465390 200
1465400 200
1465410 200
1465440 200
1465450 200
1465460 200
1465470 200
1465500 200
1465510 200
1465550 200
1465560 200
1465580 200
1465610 200
1465620 200
1465640 200
1465710 200
1465740 200
1465780 200
1465790 200
1465830 200
1465860 200
1465890 200
1465900 200
1465910 200
1465950 200
1466010 200
1466030 200
1466060 200
1466070 200
1466090 200
1466100 200
1466110 200
1466140 200
1466170 200
1466180 200
1466190 200
1466230 200
1466240 200
1466260 200
1466290 200
1466300 200
1466310 200
1466350 200
1466360 200
1466390 200
1466400 200
1466450 200
1466490 200
1466500 200
1466520 200
1466530 200
1466550 200
1466560 200
1466570 200
1466580 200
1466610 200
1466640 200
1466650 200
1466660 200
1466680 200
1466690 200
1466700 200
1466750 200
1466840 200
1466860 200
1466870 200
1466950 200
1466970 200
1467020 200
1467060 200
1467070 200
1467090 200
1467110 200
1467140 200
1467190 200
1467200 200
1467230 200
1467250 200
1467260 200
1467270 200
1467330 200
1467340 200
1467360 200
1467380 200
1467390 200
1467410 200
1467530 200
1467550 200
1467580 200
1467590 200
1467600 200
1467620 200
1467670 200
1467740 200
1467780 200
1467810 200
1467830 200
1467850 200
1467870 200
1467920 200
1467970 200
1468000 200
1468040 200
1468060 200
1468110 200
1468160 200
1468180 200
1468190 200
1468220 200
1468240 200
1468250 200
1468260 200
1468280 200
1468340 200
1468370 200
1468380 200
1468400 200
1468420 200
1468430 200
1468470 200
1468500 200
1468600 200
1468610 200
1468680 200
1468720 200
1468750 200
1468800 200
1468810 200
1468820 200
1468950 200
1468960 200
1469000 200
1469090 200
1469160 200
1469170 200
1469220 200
1469230 200
1469260 200
1469280 200
1469290 200
1469300 200
1469310 200
1469330 200
1469340 200
1469350 200
1469360 200
1469370 200
1469390 200
1469430 200
1469450 200
1469460 200
1469490 200
1469540 200
1469550 200
1469610 200
1469620 200
1469660 200
1469690 200
1469750 200
1469800 200
1469830 200
1469840 200
1469860 200
1469890 200
1469910 200
1469920 200
1469960 200
1470030 200
1470060 200
1470120 200
1470130 200
1470150 200
1470220 200
1470270 200
1470280 200
1470300 200
1470310 200
1470320 200
1470350 200
1470360 200
1470380 200
1470390 200
1470420 200
1470430 200
1470480 200
1470540 200
1470550 200
1470650 200
1470660 200
1470670 200
1470680 200
1470690 200
1470720 200
1470730 200
1470740 200
1470750 200
1470790 200
1470800 200
1470860 200
1470870 200
1470880 200
1470910 200
1470920 200
1470930 200
1470940 200
1470970 200
1471040 200
1471080 200
1471120 200
1471180 200
1471220 200
1471250 200
1471270 200
1471320 200
1471410 200
1471430 200
1471450 200
1471460 200
1471470 200
1471480 200
1471490 200
1471500 200
1471510 200
1471530 200
1471550 200
1471570 200
1471580 200
1471600 200
1471610 200
1471620 200
1471630 200
1471650 200
1471680 200
1471700 200
1471730 200
1471830 200
1471850 200
1471900 200
1471910 200
1471940 200
1471950 200
1471960 200
1471990 200
1472010 200
1472040 200
1472060 200
1472160 200
1472180 200
1472250 200
1472260 200
1472320 200
1472330 200
1472380 200
1472430 200
1472540 200
1472550 200
1472560 200
1472570 200
1472600 200
1472620 200
1472660 200
1472730 200
1472740 200
1472810 200
1472820 200
1472930 200
1472950 200
1472970 200
1473000 200
1473050 200
1473060 200
1473070 200
1473100 200
1473130 200
1473170 200
1473180 200
1473220 200
1473250 200
1473260 200
1473270 200
1473300 200
1473350 200
1473380 200
1473480 200
1473490 200
1473500 200
1473540 200
1473550 200
1473630 200
1473640 200
1473650 200
1473660 200
1473740 200
1473750 200
1473760 200
1473780 200
1473790 200
1473820 200
1473830 200
1473840 200
1473850 200
1473870 200
1473880 200
1473900 200
1473920 200
1473930 200
1473940 200
1473960 200
1474000 200
1474050 200
1474060 200
1474100 200
1474120 200
1474130 200
1474190 200
1474200 200
1474220 200
1474280 200
1474300 200
1474390 200
1474420 200
1474440 200
1474480 200
1474500 200
1474550 200
1474570 200
1474580 200
1474700 200
1474740 200
1474770 200
1474790 200
1474840 200
1474850 200
1474860 200
1474880 200
1474900 200
1474910 200
1474930 200
1474940 200
1474950 200
1474990 200
1475000 200
1475080 200
1475100 200
1475120 200
1475140 200
1475150 200
1475160 200
1475170 200
1475180 200
1475200 200
1475250 200
1475260 200
1475300 200
1475310 200
1475330 200
1475350 200
1475370 200
1475380 200
1475400 200
1475420 200
1475430 200
1475440 200
1475450 200
1475460 200
1475470 200
1475600 200
1475650 200
1475670 200
1475700 200
1475730 200
1475740 200
1475760 200
1475770 200
1475780 200
1475810 200
1475840 200
1475850 200
1475860 200
1475890 200
1475900 200
1475940 200
1475960 200
1475970 200
1476000 200
1476020 200
1476040 200
1476080 200
1476100 200
1476130 200
1476140 200
1476160 200
1476170 200
1476220 200
1476230 200
1476330 200
1476340 200
1476350 200
1476360 200
1476380 200
1476390 200
1476400 200
1476410 200
1476420 200
1476430 200
1476450 200
1476520 200
1476680 200
1476690 200
1476710 200
1476720 200
1476750 200
1476760 200
1476790 200
1476800 200
1476830 200
1476850 200
1476870 200
1476880 200
1476920 200
1476930 200
1476940 200
1476950 200
1476970 200
1477000 200
1477010 200
1477020 200
1477030 200
1477040 200
1477050 200
1477060 200
1477070 200
1477080 200
1477120 200
1477130 200
1477170 200
1477200 200
1477250 200
1477290 200
1477300 200
1477310 200
1477320 200
1477330 200
1477380 200
1477420 200
1477450 200
1477460 200
1477470 200
1477480 200
1477490 200
1477560 200
1477570 200
1477590 200
1477640 200
1477650 200
1477660 200
1477700 200
1477710 200
1477750 200
1477770 200
1477790 200
1477810 200
1477850 200
1477870 200
1477880 200
1477890 200
1477900 200
1477920 200
1477930 200
1477940 200
1477950 200
1477970 200
1477980 200
1478030 200
1478050 200
1478070 200
1478080 200
1478140 200
1478160 200
1478180 200
1478200 200
1478210 200
1478220 200
1478230 200
1478240 200
1478260 200
1478270 200
1478310 200
1478320 200
1478340 200
1478350 200
1478380 200
1478400 200
1478410 200
1478420 200
1478440 200
1478470 200
1478480 200
1478500 200
1478590 200
1478600 200
1478620 200
1478630 200
1478650 200
1478670 200
1478700 200
1478710 200
1478730 200
1478780 200
1478830 200
1478850 200
1478880 200
1478910 200
1478960 200
1478970 200
1478980 200
1479000 200
1479010 200
1479020 200
1479030 200
1479080 200
1479090 200
1479100 200
1479120 200
1479140 200
1479210 200
1479300 200
1479310 200
1479320 200
1479330 200
1479340 200
1479360 200
1479370 200
1479390 200
1479400 200
1479460 200
1479470 200
1479480 200
1479490 200
1479500 200
1479530 200
1479540 200
1479610 200
1479730 200
1479750 200
1479760 200
1479780 200
1479810 200
1479830 200
1479840 200
1479850 200
1479870 200
1479880 200
1479890 200
1479910 200
1479930 200
1479940 200
1479960 200
1479970 200
1479990 200
1480010 200
1480030 200
1480040 200
1480050 200
1480060 200
1480090 200
1480110 200
1480120 200
1480130 200
1480190 200
1480220 200
1480240 200
1480260 200
1480370 200
1480400 200
1480410 200
1480440 200
1480470 200
1480480 200
1480520 200
1480540 200
1480560 200
1480570 200
1480600 200
1480630 200
1480650 200
1480690 200
1480700 200
1480730 200
1480740 200
1480810 200
1480830 200
1480860 200
1480870 200
1480910 200
1480930 200
1480960 200
1480970 200
1480990 200
1481000 200
1481020 200
1481060 200
1481070 200
1481080 200
1481120 200
1481140 200
1481150 200
1481160 200
1481170 200
1481210 200
1481310 200
1481330 200
1481340 200
1481360 200
1481370 200
1481400 200
1481440 200
1481480 200
1481500 200
1481550 200
1481580 200
1481600 200
1481620 200
1481630 200
1481660 200
1481680 200
1481700 200
1481710 200
1481720 200
1481730 200
1481740 200
1481760 200
1481780 200
1481810 200
1481820 200
1481830 200
1481840 200
1481860 200
1481870 200
1481880 200
1481900 200
1481910 200
1481930 200
1481940 200
1481960 200
1481970 200
1481990 200
1482000 200
1482050 200
1482060 200
1482090 200
1482130 200
1482150 200
1482240 200
1482320 200
1482330 200
1482340 200
1482360 200
1482380 200
1482400 200
1482420 200
1482430 200
1482470 200
1482480 200
1482490 200
1482500 200
1482510 200
1482530 200
1482540 200
1482550 200
1482600 200
1482610 200
1482620 200
1482640 200
1482660 200
1482670 200
1482680 200
1482690 200
1482700 200
1482720 200
1482740 200
1482750 200
1482770 200
1482780 200
1482790 200
1482800 200
1482820 200
1482830 200
1482840 200
1482850 200
1482860 200
1482870 200
1482880 200
1482890 200
1482910 200
1482920 200
1482940 200
1482970 200
1482980 200
1482990 200
1483000 200
1483010 200
1483020 200
1483030 200
1483040 200
1483060 200
1483090 200
1483100 200
1483110 200
1483130 200
1483140 200
1483190 200
1483300 200
1483310 200
1483320 200
1483330 200
1483340 200
1483350 200
1483370 200
1483380 200
1483390 200
1483430 200
1483440 200
1483470 200
1483550 200
1483570 200
1483580 200
1483600 200
1483610 200
1483750 200
1483770 200
1483780 200
1483800 200
1483830 200
1483850 200
1483860 200
1483870 200
1483890 200
1483940 200
1483970 200
1483980 200
1483990 200
1484010 200
1484050 200
1484070 200
1484100 200
1484130 200
1484140 200
1484150 200
1484170 200
1484180 200
1484210 200
1484250 200
1484280 200
1484320 200
1484340 200
1484560 200
1484580 200
1484600 200
1484610 200
1484620 200
1484660 200
1484720 200
1484730 200
1484740 200
1484750 200
1484760 200
1484790 200
1484800 200
1484830 200
1484890 200
1484900 200
1484940 200
1484950 200
1484960 200
1484970 200
1484980 200
1485010 200
1485030 200
1485050 200
1485070 200
1485080 200
1485100 200
1485110 200
1485120 200
1485140 200
1485160 200
1485190 200
1485200 200
1485210 200
1485230 200
1485240 200
1485250 200
1485260 200
1485270 200
1485280 200
1485340 200
1485350 200
1485370 200
1485380 200
1485450 200
1485460 200
1485580 200
1485590 200
1485600 200
1485630 200
1485640 200
1485650 200
1485690 200
1485730 200
1485840 200
1485860 200
1485870 200
1485900 200
1485940 200
1485970 200
1485980 200
1485990 200
1486000 200
1486030 200
1486050 200
1486060 200
1486070 200
1486080 200
1486120 200
1486140 200
1486170 200
1486180 200
1486190 200
1486200 200
1486270 200
1486290 200
1486300 200
1486330 200
1486340 200
1486370 200
1486410 200
1486430 200
1486440 200
1486450 200
1486520 200
1486540 200
1486600 200
1486620 200
1486630 200
1486660 200
1486670 200
1486690 200
1486720 200
1486730 200
1486750 200
1486790 200
1486800 200
1486810 200
1486840 200
1486860 200
1486870 200
1486890 200
1486900 200
1486910 200
1486920 200
1486940 200
1486950 200
1486970 200
1486980 200
1486990 200
1487000 200
1487030 200
1487060 200
1487100 200
1487120 200
1487140 200
1487160 200
1487180 200
1487190 200
1487200 200
1487210 200
1487220 200
1487230 200
1487240 200
1487270 200
1487280 200
1487300 200
1487320 200
1487360 200
1487380 200
1487390 200
1487420 200
1487430 200
1487440 200
1487450 200
1487460 200
1487470 200
1487480 200
1487520 200
1487560 200
1487570 200
1487590 200
1487630 200
1487640 200
1487650 200
1487680 200
1487710 200
1487730 200
1487740 200
1487750 200
1487760 200
1487790 200
1487800 200
1487840 200
1487860 200
1487870 200
1487900 200
1487940 200
1487970 200
1487990 200
1488000 200
1488050 200
1488060 200
1488070 200
1488080 200
1488100 200
1488110 200
1488150 200
1488160 200
1488170 200
1488200 200
1488220 200
1488240 200
1488250 200
1488310 200
1488320 200
1488380 200
1488400 200
1488430 200
1488440 200
1488490 200
1488500 200
1488510 200
1488530 200
1488540 200
1488560 200
1488620 200
1488640 200
1488650 200
1488670 200
1488700 200
1488720 200
1488730 200
1488740 200
1488750 200
1488760 200
1488810 200
1488820 200
1488860 200
1488960 200
1489000 200
1489010 200
1489020 200
1489110 200
1489120 200
1489130 200
1489140 200
1489150 200
1489160 200
1489220 200
1489290 200
1489300 200
1489310 200
1489330 200
1489340 200
1489380 200
1489390 200
1489400 200
1489410 200
1489470 200
1489480 200
1489490 200
1489500 200
1489520 200
1489590 200
1489600 200
1489610 200
1489620 200
1489630 200
1489660 200
1489680 200
1489780 200
1489810 200
1489830 200
1489840 200
1489850 200
1489880 200
1489900 200
1489970 200
1489980 200
1490020 200
1490030 200
1490050 200
1490060 200
1490130 200
1490180 200
1490190 200
1490240 200
1490250 200
1490290 200
1490310 200
1490330 200
1490340 200
1490400 200
1490410 200
1490430 200
1490460 200
1490490 200
1490500 200
1490550 200
1490570 200
1490580 200
1490590 200
1490600 200
1490610 200
1490620 200
1490670 200
1490770 200
1490790 200
1490800 200
1490830 200
1490840 200
1490850 200
1490860 200
1490870 200
1490880 200
1490890 200
1490900 200
1490910 200
1490930 200
1490950 200
1490970 200
1490980 200
1490990 200
1491000 200
1491040 200
1491050 200
1491060 200
1491070 200
1491090 200
1491120 200
1491150 200
1491170 200
1491180 200
1491190 200
1491200 200
1491280 200
1491320 200
1491340 200
1491380 200
1491390 200
1491400 200
1491410 200
1491460 200
1491480 200
1491490 200
1491500 200
1491510 200
1491520 200
1491530 200
1491540 200
1491570 200
1491640 200
1491650 200
1491660 200
1491670 200
1491680 200
1491720 200
1491730 200
1491770 200
1491780 200
1491790 200
1491810 200
1491850 200
1491910 200
1491920 200
1491950 200
1491960 200
1491980 200
1492000 200
1492050 200
1492070 200
1492080 200
1492090 200
1492100 200
1492120 200
1492130 200
1492140 200
1492150 200
1492160 200
1492190 200
1492200 200
1492210 200
1492220 200
1492230 200
1492240 200
1492250 200
1492260 200
1492280 200
1492290 200
1492300 200
1492310 200
1492320 200
1492360 200
1492370 200
1492380 200
1492420 200
1492430 200
1492440 200
1492450 200
1492470 200
1492480 200
1492510 200
1492540 200
1492550 200
1492570 200
1492590 200
1492610 200
1492620 200
1492640 200
1492650 200
1492680 200
1492720 200
1492730 200
1492750 200
1492780 200
1492810 200
1492830 200
1492840 200
1492850 200
1492860 200
1492870 200
1492900 200
1492910 200
1492930 200
1492940 200
1492980 200
1492990 200
1493000 200
1493020 200
1493050 200
1493060 200
1493070 200
1493160 200
1493220 200
1493240 200
1493280 200
1493290 200
1493300 200
1493310 200
1493320 200
1493360 200
1493380 200
1493400 200
1493410 200
1493430 200
1493440 200
1493450 200
1493460 200
1493490 200
1493520 200
1493560 200
1493570 200
1493590 200
1493640 200
1493650 200
1493660 200
1493690 200
1493720 200
1493730 200
1493760 200
1493800 200
1493810 200
1493820 200
1493840 200
1493860 200
1493870 200
1493880 200
1493910 200
1493920 200
1493930 200
1493940 200
1493950 200
1493960 200
1493970 200
1494050 200
1494070 200
1494090 200
1494100 200
1494110 200
1494140 200
1494150 200
1494180 200
1494190 200
1494230 200
1494260 200
1494280 200
1494310 200
1494320 200
1494370 200
1494390 200
1494400 200
1494420 200
1494440 200
1494450 200
1494470 200
1494500 200
1494510 200
1494530 200
1494560 200
1494570 200
1494580 200
1494650 200
1494670 200
1494680 200
1494720 200
1494780 200
1494810 200
1494840 200
1494910 200
1494920 200
1494960 200
1494990 200
1495000 200
1495010 200
1495040 200
1495050 200
1495060 200
1495070 200
1495080 200
1495090 200
1495100 200
1495110 200
1495120 200
1495130 200
1495140 200
1495170 200
1495240 200
1495250 200
1495260 200
1495270 200
1495280 200
1495290 200
1495320 200
1495360 200
1495370 200
1495380 200
1495400 200
1495420 200
1495460 200
1495500 200
1495510 200
1495560 200
1495570 200
1495580 200
1495610 200
1495620 200
1495640 200
1495670 200
1495760 200
1495770 200
1495780 200
1495800 200
1495830 200
1495860 200
1495900 200
1495910 200
1495920 200
1495940 200
1495970 200
1495990 200
1496000 200
1496060 200
1496090 200
1496110 200
1496120 200
1496150 200
1496170 200
1496180 200
1496210 200
1496220 200
1496240 200
1496250 200
1496290 200
1496310 200
1496320 200
1496350 200
1496380 200
1496450 200
1496470 200
1496490 200
1496530 200
1496590 200
1496620 200
1496640 200
1496680 200
1496710 200
1496770 200
1496790 200
1496900 200
1496930 200
1496970 200
1496990 200
1497000 200
1497110 200
1497140 200
1497170 200
1497180 200
1497230 200
1497250 200
1497290 200
1497330 200
1497360 200
1497430 200
1497440 200
1497450 200
1497460 200
1497510 200
1497520 200
1497530 200
1497590 200
1497600 200
1497630 200
1497650 200
1497700 200
1497710 200
1497740 200
1497770 200
1497780 200
1497790 200
1497820 200
1497830 200
1497860 200
1497910 200
1497940 200
1497950 200
1498060 200
1498070 200
1498110 200
1498120 200
1498130 200
1498140 200
1498190 200
1498220 200
1498250 200
1498280 200
1498290 200
1498300 200
1498380 200
1498400 200
1498410 200
1498440 200
1498450 200
1498460 200
1498490 200
1498550 200
1498570 200
1498590 200
1498600 200
1498630 200
1498660 200
1498680 200
1498690 200
1498710 200
1498740 200
1498790 200
1498820 200
1498840 200
1498850 200
1498900 200
1498940 200
1498980 200
1499010 200
1499030 200
1499060 200
1499120 200
1499150 200
1499180 200
1499190 200
1499210 200
1499220 200
1499230 200
1499240 200
1499280 200
1499300 200
1499310 200
1499410 200
1499420 200
1499430 200
1499450 200
1499470 200
1499500 200
1499540 200
1499550 200
1499560 200
1499640 200
1499660 200
1499680 200
1499690 200
1499700 200
1499710 200
1499720 200
1499750 200
1499770 200
1499780 200
1499800 200
1499820 200
1499830 200
1499880 200
1499890 200
1499900 200
1499930 200
1499940 200
1499960 200
1499980 200
1499990 200
1500030 200
1500060 200
1500100 200
1500110 200
1500120 200
1500180 200
1500230 200
1500240 200
1500250 200
1500260 200
1500280 200
1500290 200
1500300 200
1500310 200
1500320 200
1500350 200
1500370 200
1500380 200
1500390 200
1500400 200
1500410 200
1500470 200
1500480 200
1500490 200
1500500 200
1500530 200
1500540 200
1500580 200
1500590 200
1500600 200
1500620 200
1500650 200
1500660 200
1500740 200
1500750 200
1500760 200
1500780 200
1500800 200
1500810 200
1500820 200
1500860 200
1500870 200
1500880 200
1500910 200
1500940 200
1500960 200
1500970 200
1500980 200
1501100 200
1501110 200
1501120 200
1501140 200
1501150 200
1501160 200
1501210 200
1501310 200
1501320 200
1501340 200
1501390 200
1501410 200
1501420 200
1501470 200
1501480 200
1501490 200
1501510 200
1501520 200
1501540 200
1501610 200
1501640 200
1501650 200
1501690 200
1501720 200
1501730 200
1501740 200
1501750 200
1501760 200
1501780 200
1501790 200
1501800 200
1501820 200
1501830 200
1501900 200
1501910 200
1501920 200
1501950 200
1501960 200
1501970 200
1502010 200
1502040 200
1502050 200
1502060 200
1502070 200
1502080 200
1502110 200
1502140 200
1502170 200
1502180 200
1502190 200
1502220 200
1502230 200
1502240 200
1502260 200
1502270 200
1502290 200
1502380 200
1502400 200
1502410 200
1502430 200
1502460 200
1502480 200
1502490 200
1502520 200
1502530 200
1502540 200
1502550 200
1502560 200
1502570 200
1502600 200
1502620 200
1502630 200
1502660 200
1502670 200
1502680 200
1502710 200
1502730 200
1502750 200
1502760 200
1502770 200
1502790 200
1502800 200
1502810 200
1502820 200
1502890 200
1502900 200
1502910 200
1502920 200
1502950 200
1502960 200
1502970 200
1502980 200
1502990 200
1503000 200
1503040 200
1503060 200
1503110 200
1503170 200
1503180 200
1503240 200
1503250 200
1503270 200
1503280 200
1503350 200
1503370 200
1503390 200
1503400 200
1503410 200
1503430 200
1503440 200
1503470 200
1503480 200
1503490 200
1503530 200
1503540 200
1503580 200
1503590 200
1503630 200
1503670 200
1503700 200
1503750 200
1503790 200
1503820 200
1503850 200
1503880 200
1503900 200
1503920 200
1503930 200
1503990 200
1504010 200
1504020 200
1504030 200
1504050 200
1504090 200
1504100 200
1504110 200
1504150 200
1504210 200
1504230 200
1504250 200
1504260 200
1504310 200
1504320 200
1504340 200
1504350 200
1504360 200
1504450 200
1504460 200
1504480 200
1504490 200
1504500 200
1504550 200
1504570 200
1504580 200
1504610 200
1504630 200
1504660 200
1504670 200
1504740 200
1504760 200
1504820 200
1504840 200
1504870 200
1504890 200
1504940 200
1505010 200
1505220 200
1505230 200
1505270 200
1505310 200
1505380 200
1505390 200
1505400 200
1505420 200
1505430 200
1505440 200
1505450 200
1505460 200
1505470 200
1505480 200
1505500 200
1505520 200
1505540 200
1505560 200
1505570 200
1505600 200
1505620 200
1505650 200
1505670 200
1505680 200
1505690 200
1505700 200
1505720 200
1505740 200
1505750 200
1505770 200
1505790 200
1505830 200
1505840 200
1505850 200
1505860 200
1505910 200
1505920 200
1505940 200
1505960 200
1505980 200
1506020 200
1506060 200
1506080 200
1506100 200
1506170 200
1506230 200
1506250 200
1506260 200
1506300 200
1506320 200
1506400 200
1506410 200
1506420 200
1506430 200
1506440 200
1506450 200
1506460 200
1506480 200
1506490 200
1506510 200
1506520 200
1506550 200
1506600 200
1506610 200
1506620 200
1506630 200
1506640 200
1506660 200
1506680 200
1506710 200
1506720 200
1506730 200
1506750 200
1506760 200
1506770 200
1506810 200
1506820 200
1506830 200
1506850 200
1506900 200
1506930 200
1506940 200
1506960 200
1506970 200
1506980 200
1506990 200
1507080 200
1507110 200
1507120 200
1507180 200
1507190 200
1507220 200
1507260 200
1507270 200
1507280 200
1507310 200
1507390 200
1507400 200
1507410 200
1507420 200
1507430 200
1507440 200
1507490 200
1507510 200
1507530 200
1507580 200
1507600 200
1507620 200
1507630 200
1507640 200
1507650 200
1507710 200
1507720 200
1507740 200
1507760 200
1507770 200
1507780 200
1507790 200
1507800 200
1507820 200
1507850 200
1507860 200
1507890 200
1507910 200
1507930 200
1507950 200
1507970 200
1507980 200
1507990 200
1508000 200
1508010 200
1508030 200
1508040 200
1508050 200
1508170 200
1508190 200
1508200 200
1508220 200
1508250 200
1508260 200
1508270 200
1508280 200
1508340 200
1508360 200
1508370 200
1508400 200
1508410 200
1508420 200
1508430 200
1508440 200
1508450 200
1508460 200
1508500 200
1508510 200
1508530 200
1508570 200
1508620 200
1508630 200
1508640 200
1508650 200
1508660 200
1508670 200
1508680 200
1508740 200
1508750 200
1508770 200
1508800 200
1508840 200
1508860 200
1508890 200
